; generated by PrusaSlicer 2.9.6 on 2026-09-29 at 05:53:22 UTC

; 

; external perimeters extrusion width = 0.45mm
; perimeters extrusion width = 0.45mm
; infill extrusion width = 0.45mm
; solid infill extrusion width = 0.45mm
; top infill extrusion width = 0.40mm
; support material extrusion width = 0.35mm
; first layer extrusion width = 0.45mm

M104 P200 ; set temperature
;TYPE:Custom
M109 P200 ; set temperature and wait for it to be reached
G21 ; set units to millimeters
G90 ; use absolute coordinates
; Filament gcode
M107
;LAYER_CHANGE
;Z:0.2
;HEIGHT:0.2
G1 A-1.5 F2400
G1 Z.2 F7800
G1 X-3.121 Y-4.463
G1 A.00001 F2400
;TYPE:Skirt/Brim
;WIDTH:0.45
G1 F1800
G1 X-2.615 Y-4.817 A.0209
G1 X-1.1 Y-5.513 A.07733
G1 X.501 Y-5.924 A.13328
G1 X2.186 Y-6.042 A.19045
G1 X3.577 Y-5.908 A.23775
G1 X4.911 Y-5.573 A.28431
G1 X6.334 Y-4.963 A.33672
G1 X7.76 Y-4.029 A.39442
G1 X8.968 Y-2.873 A.45102
G1 X9.929 Y-1.554 A.50626
G1 X10.65 Y-.065 A.56226
G1 X11.08 Y1.441 A.61527
G1 X11.244 Y2.842 A.66302
G1 X11.197 Y4.222 A.70976
G1 X10.865 Y5.854 A.76613
G1 X10.248 Y7.405 A.82263
G1 X9.382 Y8.792 A.87798
G1 X8.265 Y10.024 A.93427
G1 X7.02 Y10.989 A.98759
G1 X5.632 Y11.728 A1.04082
G1 X4.151 Y12.219 A1.09363
G1 X2.758 Y12.442 A1.14138
G1 X1.376 Y12.454 A1.18816
G1 X-.272 Y12.193 A1.24464
G1 X-1.836 Y11.646 A1.30072
G1 X-3.279 Y10.826 A1.3569
G1 X-4.544 Y9.774 A1.41259
G1 X-5.465 Y8.704 A1.46038
G1 X-6.2 Y7.532 A1.50721
G1 X-6.812 Y6.084 A1.56042
G1 X-7.184 Y4.455 A1.61698
G1 X-7.259 Y2.805 A1.67289
G1 X-7.035 Y1.156 A1.72922
G1 X-6.527 Y-.414 A1.78508
G1 X-5.885 Y-1.653 A1.83231
G1 X-5.08 Y-2.763 A1.87872
G1 X-3.975 Y-3.866 A1.93157
G1 X-3.171 Y-4.429 A1.96479
G1 X-2.939 Y-4.096 F7800
G1 F1800
G1 X-2.398 Y-4.473 A1.98711
G1 X-.948 Y-5.135 A2.04106
G1 X.583 Y-5.525 A2.09454
G1 X2.164 Y-5.635 A2.14818
G1 X3.493 Y-5.509 A2.19337
G1 X4.796 Y-5.182 A2.23884
G1 X6.157 Y-4.596 A2.289
G1 X7.492 Y-3.721 A2.34303
G1 X8.651 Y-2.618 A2.39719
G1 X9.571 Y-1.359 A2.44997
G1 X10.264 Y.065 A2.50358
G1 X10.678 Y1.505 A2.5543
G1 X10.836 Y2.844 A2.59994
G1 X10.79 Y4.191 A2.64556
G1 X10.47 Y5.755 A2.6996
G1 X9.893 Y7.206 A2.75246
G1 X9.067 Y8.533 A2.80537
G1 X8.001 Y9.714 A2.85922
G1 X6.812 Y10.638 A2.91019
G1 X5.487 Y11.347 A2.96106
G1 X4.07 Y11.82 A3.01163
G1 X2.739 Y12.035 A3.05727
G1 X1.389 Y12.047 A3.10297
G1 X-.155 Y11.802 A3.15589
G1 X-1.652 Y11.282 A3.20953
G1 X-3.034 Y10.501 A3.26326
G1 X-4.247 Y9.495 A3.3166
G1 X-5.128 Y8.475 A3.36222
G1 X-5.846 Y7.329 A3.408
G1 X-6.429 Y5.943 A3.4589
G1 X-6.783 Y4.384 A3.51301
G1 X-6.851 Y2.806 A3.56647
G1 X-6.642 Y1.264 A3.61914
G1 X-6.157 Y-.242 A3.67269
G1 X-5.546 Y-1.427 A3.71782
G1 X-4.76 Y-2.51 A3.76312
G1 X-3.7 Y-3.565 A3.81374
G1 X-2.988 Y-4.062 A3.84313
G1 X-2.757 Y-3.728 F7800
G1 F1800
G1 X-2.181 Y-4.128 A3.86687
G1 X-.829 Y-4.745 A3.91717
G1 X.631 Y-5.12 A3.96819
G1 X2.143 Y-5.228 A4.0195
G1 X3.439 Y-5.106 A4.06356
G1 X4.68 Y-4.792 A4.10689
G1 X5.979 Y-4.23 A4.1548
G1 X7.253 Y-3.391 A4.20643
G1 X8.356 Y-2.337 A4.25807
G1 X9.231 Y-1.135 A4.30839
G1 X9.878 Y.195 A4.35845
G1 X10.275 Y1.57 A4.40689
G1 X10.43 Y2.876 A4.45141
G1 X10.384 Y4.159 A4.49487
G1 X10.075 Y5.654 A4.54654
G1 X9.522 Y7.037 A4.59696
G1 X8.732 Y8.302 A4.64744
G1 X7.737 Y9.404 A4.6977
G1 X6.604 Y10.288 A4.74634
G1 X5.341 Y10.967 A4.79488
G1 X3.988 Y11.42 A4.84318
G1 X2.689 Y11.631 A4.88773
G1 X1.403 Y11.64 A4.93126
G1 X-.073 Y11.403 A4.98186
G1 X-1.5 Y10.904 A5.03303
G1 X-2.789 Y10.176 A5.08314
G1 X-3.95 Y9.216 A5.13413
G1 X-4.81 Y8.221 A5.17865
G1 X-5.492 Y7.128 A5.22226
G1 X-6.047 Y5.802 A5.27092
G1 X-6.377 Y4.347 A5.32142
G1 X-6.445 Y2.841 A5.37245
G1 X-6.249 Y1.37 A5.42268
G1 X-5.788 Y-.071 A5.47389
G1 X-5.192 Y-1.226 A5.51788
G1 X-4.441 Y-2.257 A5.56105
G1 X-3.427 Y-3.263 A5.6094
G1 X-2.806 Y-3.694 A5.63499
G1 X-2.575 Y-3.36 F7800
G1 F1800
G1 X-1.965 Y-3.782 A5.6601
G1 X-.678 Y-4.367 A5.70795
G1 X.713 Y-4.721 A5.75653
G1 X2.122 Y-4.821 A5.80434
G1 X3.355 Y-4.707 A5.84625
G1 X4.564 Y-4.401 A5.88846
G1 X5.8 Y-3.864 A5.93408
G1 X6.986 Y-3.084 A5.98213
G1 X8.038 Y-2.082 A6.03131
G1 X8.873 Y-.939 A6.07922
G1 X9.492 Y.325 A6.12686
G1 X9.873 Y1.635 A6.17304
G1 X10.023 Y2.877 A6.21539
G1 X9.978 Y4.128 A6.25776
G1 X9.69 Y5.521 A6.30591
G1 X9.167 Y6.838 A6.35388
G1 X8.417 Y8.044 A6.40195
G1 X7.471 Y9.095 A6.44981
G1 X6.395 Y9.938 A6.49608
G1 X5.194 Y10.587 A6.54229
G1 X3.906 Y11.021 A6.5883
G1 X2.671 Y11.224 A6.63066
G1 X1.418 Y11.232 A6.67307
G1 X.01 Y11.004 A6.72135
G1 X-1.316 Y10.54 A6.7689
G1 X-2.544 Y9.85 A6.81658
G1 X-3.654 Y8.936 A6.86525
G1 X-4.473 Y7.991 A6.90758
G1 X-5.138 Y6.927 A6.95005
G1 X-5.664 Y5.662 A6.99642
G1 X-5.976 Y4.275 A7.04454
G1 X-6.039 Y2.876 A7.09194
G1 X-5.856 Y1.476 A7.13973
G1 X-5.418 Y.1 A7.18861
G1 X-4.853 Y-1 A7.23047
G1 X-4.122 Y-2.004 A7.27251
G1 X-3.154 Y-2.961 A7.31859
G1 X-2.625 Y-3.326 A7.34034
G1 X-2.395 Y-2.992 F7800
G1 F1800
G1 X-1.749 Y-3.436 A7.36687
G1 X-.527 Y-3.989 A7.41227
G1 X.761 Y-4.316 A7.45725
G1 X2.102 Y-4.414 A7.50276
G1 X3.301 Y-4.303 A7.54352
G1 X4.447 Y-4.011 A7.58355
G1 X5.621 Y-3.498 A7.62692
G1 X6.746 Y-2.755 A7.67256
G1 X7.744 Y-1.8 A7.71932
G1 X8.516 Y-.743 A7.76362
G1 X9.107 Y.457 A7.8089
G1 X9.471 Y1.701 A7.85277
G1 X9.617 Y2.91 A7.89399
G1 X9.572 Y4.095 A7.93413
G1 X9.296 Y5.42 A7.97994
G1 X8.795 Y6.67 A8.02552
G1 X8.102 Y7.786 A8.06999
G1 X7.205 Y8.786 A8.11546
G1 X6.186 Y9.589 A8.15937
G1 X5.046 Y10.207 A8.20326
G1 X3.823 Y10.622 A8.24698
G1 X2.621 Y10.819 A8.28821
G1 X1.433 Y10.825 A8.32842
G1 X.094 Y10.606 A8.37435
G1 X-1.164 Y10.162 A8.41951
G1 X-2.328 Y9.504 A8.46477
G1 X-3.358 Y8.657 A8.50991
G1 X-4.155 Y7.737 A8.55111
G1 X-4.783 Y6.726 A8.5914
G1 X-5.281 Y5.523 A8.63547
G1 X-5.575 Y4.205 A8.68118
G1 X-5.632 Y2.877 A8.72617
G1 X-5.454 Y1.548 A8.77156
G1 X-5.048 Y.271 A8.81692
G1 X-4.498 Y-.799 A8.85764
G1 X-3.803 Y-1.75 A8.89751
G1 X-2.881 Y-2.658 A8.94131
G1 X-2.445 Y-2.958 A8.95922
G1 X-2.216 Y-2.626 F7800
G1 F1800
G1 X-1.565 Y-3.073 A8.98595
G1 X-.408 Y-3.599 A9.02897
G1 X.81 Y-3.912 A9.07154
G1 X2.082 Y-4.007 A9.11472
G1 X3.217 Y-3.905 A9.15329
G1 X4.33 Y-3.621 A9.19217
G1 X5.441 Y-3.132 A9.23326
G1 X6.505 Y-2.426 A9.27648
G1 X7.426 Y-1.545 A9.31962
G1 X8.159 Y-.547 A9.36153
G1 X8.721 Y.59 A9.40446
G1 X9.069 Y1.768 A9.44604
G1 X9.209 Y2.911 A9.48502
G1 X9.166 Y4.063 A9.52404
G1 X8.911 Y5.286 A9.56633
G1 X8.44 Y6.472 A9.60952
G1 X7.786 Y7.528 A9.65156
G1 X6.939 Y8.478 A9.69464
G1 X5.975 Y9.24 A9.73623
G1 X4.898 Y9.828 A9.77776
G1 X3.739 Y10.224 A9.81922
G1 X2.602 Y10.412 A9.85823
G1 X1.448 Y10.418 A9.89729
G1 X.211 Y10.216 A9.93972
G1 X-.98 Y9.799 A9.98243
G1 X-2.084 Y9.178 A10.02531
G1 X-3.062 Y8.376 A10.06812
G1 X-3.818 Y7.508 A10.10708
G1 X-4.429 Y6.526 A10.14623
G1 X-4.898 Y5.385 A10.18799
G1 X-5.169 Y4.168 A10.23019
G1 X-5.226 Y2.912 A10.27275
G1 X-5.061 Y1.653 A10.31573
G1 X-4.677 Y.44 A10.3588
G1 X-4.16 Y-.572 A10.39727
G1 X-3.485 Y-1.496 A10.436
G1 X-2.609 Y-2.355 A10.47753
G1 X-2.265 Y-2.592 A10.49167
G1 X-2.036 Y-2.257 F7800
G1 F1800
G1 X-1.35 Y-2.727 A10.51982
G1 X-.257 Y-3.22 A10.56041
G1 X.893 Y-3.513 A10.60058
G1 X2.062 Y-3.6 A10.64026
G1 X3.164 Y-3.501 A10.67771
G1 X4.212 Y-3.231 A10.71434
G1 X5.26 Y-2.767 A10.75313
G1 X6.238 Y-2.118 A10.79286
G1 X7.11 Y-1.288 A10.83361
G1 X7.803 Y-.349 A10.87311
G1 X8.336 Y.723 A10.91363
G1 X8.667 Y1.834 A10.95287
G1 X8.803 Y2.944 A10.99072
G1 X8.76 Y4.029 A11.02747
G1 X8.516 Y5.184 A11.06743
G1 X8.068 Y6.304 A11.10826
G1 X7.47 Y7.271 A11.14674
G1 X6.671 Y8.171 A11.18748
G1 X5.764 Y8.892 A11.2267
G1 X4.748 Y9.449 A11.26592
G1 X3.656 Y9.825 A11.30501
G1 X2.552 Y10.008 A11.34289
G1 X1.465 Y10.011 A11.37968
G1 X.296 Y9.817 A11.41979
G1 X-.828 Y9.421 A11.46013
G1 X-1.841 Y8.851 A11.49947
G1 X-2.767 Y8.096 A11.53991
G1 X-3.5 Y7.254 A11.5777
G1 X-4.073 Y6.326 A11.61462
G1 X-4.515 Y5.247 A11.65409
G1 X-4.767 Y4.099 A11.69387
G1 X-4.818 Y2.913 A11.73405
G1 X-4.66 Y1.725 A11.77462
G1 X-4.307 Y.61 A11.81421
G1 X-3.805 Y-.372 A11.85154
G1 X-3.167 Y-1.241 A11.88803
G1 X-2.337 Y-2.051 A11.92729
G1 X-2.086 Y-2.223 A11.93759
G1 X-1.858 Y-1.889 F7800
G1 F1800
G1 X-1.136 Y-2.38 A11.96714
G1 X-.107 Y-2.842 A12.00532
G1 X.942 Y-3.108 A12.04195
G1 X2.044 Y-3.193 A12.07936
G1 X3.078 Y-3.102 A12.11449
G1 X4.094 Y-2.841 A12.15
G1 X5.078 Y-2.403 A12.18646
G1 X5.996 Y-1.79 A12.22382
G1 X6.815 Y-1.007 A12.26217
G1 X7.464 Y-.122 A12.29932
G1 X7.952 Y.857 A12.33635
G1 X8.265 Y1.902 A12.37327
G1 X8.396 Y2.945 A12.40885
G1 X8.354 Y3.995 A12.44442
G1 X8.122 Y5.082 A12.48204
G1 X7.712 Y6.105 A12.51934
G1 X7.153 Y7.015 A12.55549
G1 X6.403 Y7.864 A12.59383
G1 X5.552 Y8.544 A12.6307
G1 X4.598 Y9.07 A12.66757
G1 X3.571 Y9.427 A12.70437
G1 X2.534 Y9.601 A12.73996
G1 X1.481 Y9.604 A12.7756
G1 X.381 Y9.419 A12.81336
G1 X-.645 Y9.057 A12.85019
G1 X-1.598 Y8.524 A12.88715
G1 X-2.472 Y7.814 A12.92527
G1 X-3.162 Y7.025 A12.96075
G1 X-3.718 Y6.127 A12.9965
G1 X-4.131 Y5.111 A13.03362
G1 X-4.366 Y4.029 A13.0711
G1 X-4.412 Y2.948 A13.10772
G1 X-4.266 Y1.829 A13.14592
G1 X-3.936 Y.779 A13.18318
G1 X-3.467 Y-.145 A13.21825
G1 X-2.849 Y-.987 A13.2536
G1 X-2.067 Y-1.747 A13.29051
G1 X-1.908 Y-1.855 A13.29702
G1 X-1.681 Y-1.52 F7800
G1 F1800
G1 X-.923 Y-2.033 A13.328
G1 X.043 Y-2.463 A13.36379
G1 X.991 Y-2.704 A13.3969
G1 X2.025 Y-2.786 A13.43201
G1 X3.026 Y-2.698 A13.46602
G1 X3.974 Y-2.451 A13.49918
G1 X4.896 Y-2.038 A13.53338
G1 X5.755 Y-1.462 A13.56839
G1 X6.498 Y-.751 A13.6032
G1 X7.108 Y.076 A13.63798
G1 X7.567 Y.992 A13.67266
G1 X7.864 Y1.97 A13.70726
G1 X7.99 Y2.978 A13.74165
G1 X7.948 Y3.96 A13.77492
G1 X7.728 Y4.979 A13.81021
G1 X7.341 Y5.937 A13.84518
G1 X6.835 Y6.76 A13.87788
G1 X6.134 Y7.558 A13.91383
G1 X5.339 Y8.197 A13.94835
G1 X4.447 Y8.692 A13.98288
G1 X3.486 Y9.028 A14.01734
G1 X2.484 Y9.197 A14.05174
G1 X1.499 Y9.197 A14.08508
G1 X.468 Y9.02 A14.12049
G1 X-.491 Y8.679 A14.15494
G1 X-1.383 Y8.178 A14.18957
G1 X-2.177 Y7.533 A14.2242
G1 X-2.845 Y6.77 A14.25853
G1 X-3.362 Y5.929 A14.29195
G1 X-3.746 Y4.975 A14.32676
G1 X-3.964 Y3.961 A14.36187
G1 X-4.005 Y2.949 A14.39615
G1 X-3.872 Y1.933 A14.43083
G1 X-3.565 Y.948 A14.46575
G1 X-3.112 Y.055 A14.49964
G1 X-2.532 Y-.731 A14.5327
G1 X-1.797 Y-1.441 A14.56729
G1 X-1.73 Y-1.486 A14.57002
G1 A14.27002 F2400
;WIPE_START
G1 F6240
G1 X-1.681 Y-1.52 A14.24823
G1 X-.923 Y-2.033 A13.9138
G1 X.043 Y-2.463 A13.52745
G1 X.991 Y-2.704 A13.17005
G1 X1.264 Y-2.726 A13.07002
;WIPE_END
G1 X.406 Y57.121 F7800
G1 A14.57002 F2400
;TYPE:Support material interface
;WIDTH:0.35
G1 F1800
G1 X.066 Y56.859 A14.58098
G1 X.068 Y57.247 A14.59089
G1 X.255 Y57.434 A14.59764
G1 X.251 Y57.894 A14.60939
G1 X.069 Y57.713 A14.61594
G1 X.071 Y58.179 A14.62784
G1 X.246 Y58.354 A14.63416
G1 X.241 Y58.814 A14.64591
G1 X.072 Y58.646 A14.65199
G1 X.074 Y59.112 A14.66389
G1 X.237 Y59.274 A14.66976
G1 X.232 Y59.735 A14.68153
G1 X.076 Y59.578 A14.68718
G1 X.077 Y60.044 A14.69908
G1 X.228 Y60.195 A14.70453
G1 X.223 Y60.655 A14.71628
G1 X.079 Y60.511 A14.72148
G1 X.081 Y60.977 A14.73338
G1 X.218 Y61.115 A14.73835
G1 X.214 Y61.575 A14.7501
G1 X.082 Y61.443 A14.75487
G1 X.084 Y61.909 A14.76677
G1 X.209 Y62.035 A14.7713
G1 X.205 Y62.495 A14.78305
G1 X.086 Y62.376 A14.78735
G1 X.087 Y62.842 A14.79925
G1 X.2 Y62.955 A14.80333
G1 X.196 Y63.415 A14.81508
G1 X.089 Y63.308 A14.81894
G1 X.09 Y63.774 A14.83084
G1 X.191 Y63.875 A14.83449
G1 X.186 Y64.335 A14.84624
G1 X.091 Y64.239 A14.84969
G1 X.091 Y64.705 A14.86159
G1 X.182 Y64.795 A14.86486
G1 X.177 Y65.255 A14.87661
G1 X.092 Y65.17 A14.87968
G1 X.093 Y65.636 A14.89158
G1 X.173 Y65.715 A14.89445
G1 X.168 Y66.175 A14.9062
G1 X.094 Y66.101 A14.90887
G1 X.095 Y66.567 A14.92077
G1 X.164 Y66.635 A14.92324
G1 X.159 Y67.095 A14.93499
G1 X.096 Y67.032 A14.93726
G1 X.141 Y69.4 A14.99773
G1 X.114 Y71.697 A15.05639
G1 X.032 Y72.079 A15.06637
G1 X.236 Y72.321 A15.07445
G1 X.232 Y72.743 A15.08523
G1 X.022 Y72.534 A15.0928
G1 X.022 Y72.999 A15.10467
G1 X.139 Y73.116 A15.10889
G1 A14.80889 F2400
;WIPE_START
G1 F6240
G1 X.022 Y72.999 A14.74843
G1 X.022 Y72.534 A14.57853
G1 X.232 Y72.743 A14.47027
G1 X.236 Y72.321 A14.31607
G1 X.032 Y72.079 A14.20042
G1 X.114 Y71.697 A14.05766
G1 X.128 Y70.469 A13.60889
;WIPE_END
G1 X7.26 Y12.799 F7800
G1 A15.10889 F2400
;TYPE:Support material
;WIDTH:0.45
G1 F1800
G1 X7.22 Y24.047 A15.48962
G1 X7.023 Y27.785 A15.61632
G1 X7.199 Y28.249 A15.63312
G1 X7.163 Y40.157 A16.03619
G1 X6.94 Y47.433 A16.28259
G1 X7.125 Y47.906 A16.29978
G1 X7.105 Y56.283 A16.58333
G1 X6.864 Y66.373 A16.92496
G1 X7.056 Y66.86 A16.94268
G1 X7.016 Y75.993 A17.25182
G1 X1.901 Y75.989 A17.42496
G1 X1.553 Y75.64 A17.44164
G1 X-2.459 Y79.587 A17.63214
G1 X-2.381 Y72.853 A17.86009
G1 X-2.506 Y72.541 A17.87147
G1 X-2.376 Y59.462 A18.3142
G1 X-2.685 Y59.462 A18.32466
G1 X-2.669 Y53.912 A18.51252
G1 X-2.302 Y53.913 A18.52494
G1 X-2.298 Y53.463 A18.54017
G1 X.143 Y53.47 A18.6228
G1 X-.107 Y52.863 A18.64502
G1 X-.057 Y24.049 A19.62034
G1 X-.277 Y23.514 A19.63992
G1 X-.274 Y13.179 A19.98975
G1 X1.3 Y13.414 A20.04362
G1 X3.213 Y13.358 A20.1084
G1 X4.921 Y13.002 A20.16746
G1 X6.022 Y12.609 A20.20703
G1 X7.263 Y11.958 A20.25447
G1 X7.26 Y12.738 A20.28087
G1 A19.98087 F2400
;WIPE_START
G1 F6240
G1 X7.263 Y11.958 A19.69587
G1 X6.022 Y12.609 A19.18383
G1 X4.984 Y12.979 A18.78087
;WIPE_END
G1 X-.301 Y63.199 F7800
G1 A20.28087 F2400
G1 F1800
G1 X-.325 Y56.468 A20.50871
G1 X.654 Y56.471 A20.54185
G1 X.501 Y71.976 A21.0667
G1 X.628 Y72.164 A21.07438
G1 X.618 Y72.983 A21.1021
G1 X.154 Y73.44 A21.12414
G1 X-.366 Y73.438 A21.14174
G1 X-.368 Y72.029 A21.18943
G1 X-.284 Y71.825 A21.1969
G1 X-.301 Y63.26 A21.48682
G1 A21.18682 F2400
;WIPE_START
G1 F6240
G1 X-.295 Y66.544 A19.98682
;WIPE_END
G1 X6.521 Y75.809 F7800
G1 A21.48682 F2400
G1 F1800
G1 X6.521 Y12.778 A23.62034
G1 X6.068 Y12.983 A23.63717
G1 X6.068 Y75.625 A25.75753
G1 X5.616 Y75.625 A25.77283
G1 X5.616 Y13.145 A27.8877
G1 X5.164 Y13.305 A27.90393
G1 X5.164 Y75.624 A30.01335
G1 X4.711 Y75.623 A30.02868
G1 X4.711 Y13.45 A32.13316
G1 X4.259 Y13.55 A32.14883
G1 X4.259 Y75.623 A34.24993
G1 X3.807 Y75.623 A34.26523
G1 X3.807 Y13.628 A36.36369
G1 X3.354 Y13.705 A36.37924
G1 X3.354 Y75.623 A38.47509
G1 X2.902 Y75.623 A38.49039
G1 X2.902 Y13.761 A40.58435
G1 X2.45 Y13.785 A40.59967
G1 X2.45 Y75.623 A42.69281
G1 X1.997 Y75.567 A42.70826
G1 X1.997 Y13.785 A44.79951
G1 X1.545 Y13.785 A44.81481
G1 X1.545 Y75.134 A46.8914
G1 X1.093 Y75.579 A46.91287
G1 X1.093 Y13.764 A49.00523
G1 X.641 Y13.709 A49.02064
G1 X.641 Y56.105 A50.45569
G1 X.188 Y56.103 A50.47102
G1 X.188 Y53.836 A50.54776
G1 X-.264 Y53.835 A50.56306
G1 X-.264 Y56.285 A50.64599
G1 A50.34599 F2400
;WIPE_START
G1 F6240
G1 X-.264 Y53.835 A49.4508
G1 X.188 Y53.836 A49.28565
G1 X.188 Y54.218 A49.14599
;WIPE_END
G1 X.641 Y76.281 F7800
G1 A50.64599 F2400
G1 F1800
G1 X.641 Y73.475 A50.74097
G1 X.303 Y73.807 A50.75701
G1 X.188 Y73.807 A50.7609
G1 X.188 Y76.469 A50.85101
G1 X-.264 Y76.914 A50.87248
G1 X-.264 Y73.621 A50.98394
G1 A50.68394 F2400
;WIPE_START
G1 F6240
G1 X-.264 Y76.905 A49.48394
;WIPE_END
G1 X.188 Y53.098 F7800
G1 A50.98394 F2400
G1 F1800
G1 X.188 Y13.445 A52.32615
G1 A52.02615 F2400
;WIPE_START
G1 F6240
G1 X.188 Y16.729 A50.82615
;WIPE_END
G1 X-.716 Y77.616 F7800
G1 A52.32615 F2400
G1 F1800
G1 X-.716 Y53.834 A53.13114
G1 X-1.169 Y53.832 A53.14647
G1 X-1.169 Y77.804 A53.95789
G1 X-1.621 Y78.249 A53.97936
G1 X-1.621 Y53.831 A54.80588
G1 X-1.935 Y53.83 A54.81651
G1 X-1.939 Y54.28 A54.83174
G1 X-2.073 Y54.28 A54.83628
G1 X-2.073 Y78.951 A55.67136
G1 A55.37136 F2400
;WIPE_START
G1 F6240
G1 X-2.073 Y75.667 A54.17136
;WIPE_END
G1 X-8.181 Y4.194 F7800
G1 A55.67136 F2400
G1 F1800
G1 X-7.812 Y6.115 A55.73757
G1 X-7.123 Y7.847 A55.80066
G1 X-6.096 Y9.466 A55.86556
G1 X-5.323 Y10.347 A55.90523
G1 X-4.695 Y10.929 A55.93421
G1 X-16.206 Y14.625 A56.34344
G1 X-19.821 Y15.593 A56.47011
G1 X-20.208 Y15.902 A56.48687
G1 X-31.545 Y19.548 A56.88997
G1 X-38.533 Y21.585 A57.13635
G1 X-38.926 Y21.907 A57.15355
G1 X-46.899 Y24.476 A57.43709
G1 X-56.571 Y27.365 A57.77877
G1 X-56.974 Y27.699 A57.79649
G1 X-65.674 Y30.483 A58.10568
G1 X-67.249 Y25.617 A58.2788
G1 X-67.025 Y25.178 A58.29548
G1 X-72.019 Y22.583 A58.48598
G1 X-65.589 Y20.576 A58.71398
G1 X-65.331 Y20.36 A58.72537
G1 X-47.123 Y14.663 A59.37115
G1 X-46.375 Y16.986 A59.45376
G1 X-45.875 Y16.56 A59.47599
G1 X-18.456 Y7.704 A60.4513
G1 X-18.015 Y7.329 A60.47089
G1 X-8.19 Y4.14 A60.82053
G1 A60.52053 F2400
;WIPE_START
G1 F6240
G1 X-11.314 Y5.154 A59.32053
;WIPE_END
G1 X-55.766 Y19.571 F7800
G1 A60.82053 F2400
G1 F1800
G1 X-49.372 Y17.468 A61.04837
G1 X-49.072 Y18.4 A61.08151
G1 X-63.865 Y23.045 A61.60634
G1 X-64.005 Y23.224 A61.61403
G1 X-64.787 Y23.468 A61.64176
G1 X-65.365 Y23.167 A61.66382
G1 X-65.523 Y22.672 A61.68141
G1 X-64.184 Y22.235 A61.72909
G1 X-63.964 Y22.252 A61.73656
G1 X-55.824 Y19.59 A62.02645
G1 A61.72645 F2400
;WIPE_START
G1 F6240
G1 X-58.946 Y20.611 A60.52645
;WIPE_END
G1 X-5.692 Y11.057 F7800
G1 A62.02645 F2400
G1 F1800
G1 X-5.692 Y10.483 A62.04588
G1 X-6.144 Y9.97 A62.06902
G1 X-6.144 Y11.01 A62.10422
G1 X-6.596 Y11.155 A62.12029
G1 X-6.596 Y9.404 A62.17956
G1 X-7.049 Y8.693 A62.2081
G1 X-7.049 Y11.3 A62.29634
G1 X-7.501 Y11.445 A62.31241
G1 X-7.501 Y7.904 A62.43227
G1 X-7.953 Y6.815 A62.47218
G1 X-7.953 Y11.591 A62.63384
G1 X-8.406 Y11.736 A62.64994
G1 X-8.406 Y5.143 A62.87311
G1 X-8.5 Y4.626 A62.8909
G1 X-8.858 Y4.742 A62.90364
G1 X-8.858 Y11.88 A63.14525
G1 X-9.31 Y12.025 A63.16132
G1 X-9.31 Y4.888 A63.4029
G1 X-9.763 Y5.035 A63.41902
G1 X-9.763 Y12.17 A63.66053
G1 X-10.215 Y12.316 A63.67661
G1 X-10.215 Y5.181 A63.91812
G1 X-10.667 Y5.328 A63.93421
G1 X-10.667 Y12.461 A64.17565
G1 X-11.12 Y12.606 A64.19175
G1 X-11.12 Y5.474 A64.43316
G1 X-11.572 Y5.621 A64.44925
G1 X-11.572 Y12.752 A64.69063
G1 X-12.024 Y12.897 A64.7067
G1 X-12.024 Y5.767 A64.94804
G1 X-12.476 Y5.914 A64.96413
G1 X-12.476 Y13.042 A65.2054
G1 X-12.929 Y13.187 A65.2215
G1 X-12.929 Y6.061 A65.46271
G1 X-13.381 Y6.207 A65.47879
G1 X-13.381 Y13.332 A65.71996
G1 X-13.833 Y13.478 A65.73604
G1 X-13.833 Y6.354 A65.97718
G1 X-14.286 Y6.5 A65.99329
G1 X-14.286 Y13.623 A66.2344
G1 X-14.738 Y13.768 A66.25047
G1 X-14.738 Y6.647 A66.49151
G1 X-15.19 Y6.794 A66.5076
G1 X-15.19 Y13.914 A66.7486
G1 X-15.643 Y14.059 A66.7647
G1 X-15.643 Y6.941 A67.00564
G1 X-16.095 Y7.089 A67.02174
G1 X-16.095 Y14.204 A67.26257
G1 X-16.547 Y14.335 A67.2785
G1 X-16.547 Y7.236 A67.51879
G1 X-17 Y7.383 A67.53491
G1 X-17 Y14.452 A67.77419
G1 X-17.452 Y14.579 A67.79008
G1 X-17.452 Y7.531 A68.02865
G1 X-17.904 Y7.716 A68.04518
G1 X-17.904 Y14.7 A68.28158
G1 X-18.356 Y14.821 A68.29742
G1 X-18.356 Y8.057 A68.52637
G1 X-18.809 Y8.203 A68.54248
G1 X-18.809 Y14.942 A68.77059
G1 X-19.261 Y15.063 A68.78643
G1 X-19.261 Y8.349 A69.01369
G1 X-19.713 Y8.496 A69.02978
G1 X-19.713 Y15.184 A69.25616
G1 X-19.99 Y15.259 A69.26587
G1 X-20.166 Y15.399 A69.27348
G1 X-20.166 Y8.642 A69.5022
G1 X-20.618 Y8.788 A69.51828
G1 X-20.618 Y15.649 A69.75052
G1 X-21.07 Y15.794 A69.76659
G1 X-21.07 Y8.934 A69.99879
G1 X-21.523 Y9.08 A70.0149
G1 X-21.523 Y15.94 A70.2471
G1 X-21.975 Y16.085 A70.26317
G1 X-21.975 Y9.225 A70.49537
G1 X-22.427 Y9.371 A70.51145
G1 X-22.427 Y16.23 A70.74362
G1 X-22.88 Y16.376 A70.75973
G1 X-22.88 Y9.518 A70.99187
G1 X-23.332 Y9.664 A71.00795
G1 X-23.332 Y16.521 A71.24005
G1 X-23.784 Y16.667 A71.25613
G1 X-23.784 Y9.81 A71.48823
G1 X-24.237 Y9.956 A71.50434
G1 X-24.237 Y16.812 A71.73641
G1 X-24.689 Y16.957 A71.75248
G1 X-24.689 Y10.103 A71.98448
G1 X-25.141 Y10.248 A72.00055
G1 X-25.141 Y17.102 A72.23255
G1 X-25.593 Y17.248 A72.24863
G1 X-25.593 Y10.393 A72.48066
G1 X-26.046 Y10.538 A72.49676
G1 X-26.046 Y17.394 A72.72883
G1 X-26.498 Y17.539 A72.7449
G1 X-26.498 Y10.684 A72.97693
G1 X-26.95 Y10.831 A72.99302
G1 X-26.95 Y17.685 A73.22502
G1 X-27.403 Y17.83 A73.24112
G1 X-27.403 Y10.977 A73.47309
G1 X-27.855 Y11.123 A73.48917
G1 X-27.855 Y17.976 A73.72114
G1 X-28.307 Y18.121 A73.73721
G1 X-28.307 Y11.27 A73.96911
G1 X-28.76 Y11.416 A73.98522
G1 X-28.76 Y18.266 A74.21708
G1 X-29.212 Y18.412 A74.23316
G1 X-29.212 Y11.562 A74.46502
G1 X-29.664 Y11.708 A74.4811
G1 X-29.664 Y18.558 A74.71296
G1 X-30.117 Y18.703 A74.72906
G1 X-30.117 Y11.855 A74.96086
G1 X-30.569 Y12.001 A74.97694
G1 X-30.569 Y18.849 A75.20874
G1 X-31.021 Y18.995 A75.22482
G1 X-31.021 Y12.147 A75.45662
G1 X-31.473 Y12.294 A75.47271
G1 X-31.473 Y19.14 A75.70444
G1 X-31.926 Y19.275 A75.72044
G1 X-31.926 Y12.44 A75.9518
G1 X-32.378 Y12.585 A75.96787
G1 X-32.378 Y19.404 A76.19869
G1 X-32.83 Y19.532 A76.21459
G1 X-32.83 Y12.73 A76.44483
G1 X-33.283 Y12.875 A76.46093
G1 X-33.283 Y19.661 A76.69063
G1 X-33.735 Y19.789 A76.70653
G1 X-33.735 Y13.021 A76.93562
G1 X-34.187 Y13.168 A76.95171
G1 X-34.187 Y19.918 A77.18019
G1 X-34.64 Y20.047 A77.19613
G1 X-34.64 Y13.314 A77.42403
G1 X-35.092 Y13.46 A77.44011
G1 X-35.092 Y20.18 A77.66757
G1 X-35.544 Y20.317 A77.68356
G1 X-35.544 Y13.607 A77.91069
G1 X-35.997 Y13.753 A77.9268
G1 X-35.997 Y20.453 A78.15359
G1 X-36.449 Y20.59 A78.16958
G1 X-36.449 Y13.899 A78.39606
G1 X-36.901 Y14.046 A78.41215
G1 X-36.901 Y20.726 A78.63826
G1 X-37.354 Y20.858 A78.65423
G1 X-37.354 Y14.192 A78.87987
G1 X-37.806 Y14.338 A78.89595
G1 X-37.806 Y20.991 A79.12115
G1 X-38.258 Y21.123 A79.13709
G1 X-38.258 Y14.485 A79.36178
G1 X-38.71 Y14.631 A79.37786
G1 X-38.71 Y21.256 A79.60211
G1 X-39.163 Y21.598 A79.62132
G1 X-39.163 Y14.777 A79.8522
G1 X-39.615 Y14.924 A79.86829
G1 X-39.615 Y21.743 A80.09911
G1 X-40.067 Y21.889 A80.11519
G1 X-40.067 Y15.07 A80.34601
G1 X-40.52 Y15.215 A80.36211
G1 X-40.52 Y22.034 A80.59293
G1 X-40.972 Y22.18 A80.60901
G1 X-40.972 Y15.36 A80.83986
G1 X-41.424 Y15.506 A80.85594
G1 X-41.424 Y22.326 A81.08679
G1 X-41.877 Y22.472 A81.1029
G1 X-41.877 Y15.652 A81.33375
G1 X-42.329 Y15.798 A81.34983
G1 X-42.329 Y22.618 A81.58068
G1 X-42.781 Y22.764 A81.59676
G1 X-42.781 Y15.945 A81.82758
G1 X-43.234 Y16.091 A81.84369
G1 X-43.234 Y22.909 A82.07447
G1 X-43.686 Y23.055 A82.09055
G1 X-43.686 Y16.237 A82.32133
G1 X-44.138 Y16.384 A82.33742
G1 X-44.138 Y23.201 A82.56817
G1 X-44.59 Y23.347 A82.58425
G1 X-44.59 Y16.53 A82.815
G1 X-45.043 Y16.676 A82.83111
G1 X-45.043 Y23.493 A83.06186
G1 X-45.495 Y23.638 A83.07793
G1 X-45.495 Y16.823 A83.30861
G1 X-45.947 Y17.103 A83.32661
G1 X-45.947 Y23.784 A83.55275
G1 X-46.4 Y23.93 A83.56886
G1 X-46.4 Y17.488 A83.78691
G1 X-46.556 Y17.621 A83.79385
G1 X-46.852 Y16.7 A83.8266
G1 X-46.852 Y24.076 A84.07627
G1 X-47.304 Y24.214 A84.09227
G1 X-47.304 Y15.295 A84.39417
G1 X-47.36 Y15.121 A84.40036
G1 X-47.757 Y15.246 A84.41445
G1 X-47.757 Y24.348 A84.72254
G1 X-48.209 Y24.483 A84.73851
G1 X-48.209 Y15.368 A85.04704
G1 X-48.661 Y15.51 A85.06308
G1 X-48.661 Y24.617 A85.37134
G1 X-49.114 Y24.751 A85.38733
G1 X-49.114 Y18.797 A85.58887
G1 X-49.566 Y18.939 A85.60491
G1 X-49.566 Y24.885 A85.80618
G1 X-50.018 Y25.019 A85.82214
G1 X-50.018 Y19.081 A86.02313
G1 X-50.47 Y19.223 A86.03917
G1 X-50.47 Y25.153 A86.23989
G1 X-50.923 Y25.287 A86.25588
G1 X-50.923 Y19.365 A86.45633
G1 X-51.375 Y19.507 A86.47237
G1 X-51.375 Y25.421 A86.67255
G1 X-51.827 Y25.556 A86.68852
G1 X-51.827 Y19.649 A86.88846
G1 X-52.28 Y19.791 A86.90453
G1 X-52.28 Y25.69 A87.1042
G1 X-52.732 Y25.824 A87.12016
G1 X-52.732 Y19.933 A87.31956
G1 X-53.184 Y20.075 A87.3356
G1 X-53.184 Y25.963 A87.5349
G1 X-53.637 Y26.102 A87.55094
G1 X-53.637 Y20.217 A87.75014
G1 X-54.089 Y20.359 A87.76618
G1 X-54.089 Y26.24 A87.96524
G1 X-54.541 Y26.376 A87.98122
G1 X-54.541 Y20.501 A88.18008
G1 X-54.994 Y20.643 A88.19615
G1 X-54.994 Y26.511 A88.39477
G1 X-55.446 Y26.646 A88.41074
G1 X-55.446 Y20.785 A88.60913
G1 X-55.898 Y20.927 A88.62517
G1 X-55.898 Y26.782 A88.82335
G1 X-56.351 Y26.917 A88.83935
G1 X-56.351 Y21.069 A89.0373
G1 X-56.803 Y21.211 A89.05334
G1 X-56.803 Y27.082 A89.25207
G1 X-57.255 Y27.405 A89.27087
G1 X-57.255 Y21.353 A89.47572
G1 X-57.707 Y21.495 A89.49176
G1 X-57.707 Y27.551 A89.69675
G1 X-58.16 Y27.697 A89.71286
G1 X-58.16 Y21.637 A89.91798
G1 X-58.612 Y21.779 A89.93402
G1 X-58.612 Y27.843 A90.13928
G1 X-59.064 Y27.989 A90.15536
G1 X-59.064 Y21.921 A90.36075
G1 X-59.517 Y22.063 A90.37682
G1 X-59.517 Y28.135 A90.58235
G1 X-59.969 Y28.281 A90.59843
G1 X-59.969 Y22.205 A90.8041
G1 X-60.421 Y22.348 A90.82015
G1 X-60.421 Y28.427 A91.02592
G1 X-60.874 Y28.574 A91.04204
G1 X-60.874 Y22.492 A91.24791
G1 X-61.326 Y22.636 A91.26397
G1 X-61.326 Y28.72 A91.46991
G1 X-61.778 Y28.866 A91.48599
G1 X-61.778 Y22.777 A91.6921
G1 X-62.231 Y22.918 A91.70816
G1 X-62.231 Y29.012 A91.91443
G1 X-62.683 Y29.151 A91.93044
G1 X-62.683 Y23.059 A92.13665
G1 X-63.135 Y23.201 A92.15269
G1 X-63.135 Y29.29 A92.3588
G1 X-63.587 Y29.434 A92.37486
G1 X-63.587 Y23.342 A92.58107
G1 X-63.75 Y23.528 A92.58944
G1 X-64.04 Y23.619 A92.59973
G1 X-64.04 Y29.578 A92.80144
G1 X-64.492 Y29.722 A92.8175
G1 X-64.492 Y23.76 A93.01931
G1 X-64.822 Y23.863 A93.03101
G1 X-64.944 Y23.799 A93.03567
G1 X-64.944 Y29.866 A93.24103
G1 X-65.397 Y30.01 A93.25712
G1 X-65.397 Y23.357 A93.48232
G1 A93.18232 F2400
;WIPE_START
G1 F6240
G1 X-65.397 Y26.641 A91.98232
;WIPE_END
G1 X-49.114 Y17.672 F7800
G1 A93.48232 F2400
G1 F1800
G1 X-49.114 Y15.652 A93.55069
G1 X-49.566 Y15.794 A93.56673
G1 X-49.566 Y17.146 A93.61249
G1 X-50.018 Y17.295 A93.6286
G1 X-50.018 Y15.936 A93.6746
G1 X-50.47 Y16.078 A93.69064
G1 X-50.47 Y17.444 A93.73688
G1 X-50.923 Y17.592 A93.75301
G1 X-50.923 Y16.22 A93.79945
G1 X-51.375 Y16.362 A93.81549
G1 X-51.375 Y17.741 A93.86217
G1 X-51.827 Y17.89 A93.87828
G1 X-51.827 Y16.504 A93.92519
G1 X-52.28 Y16.646 A93.94126
G1 X-52.28 Y18.039 A93.98841
G1 X-52.732 Y18.187 A94.00451
G1 X-52.732 Y16.788 A94.05186
G1 X-53.184 Y16.93 A94.0679
G1 X-53.184 Y18.336 A94.11549
G1 X-53.637 Y18.485 A94.13163
G1 X-53.637 Y17.072 A94.17946
G1 X-54.089 Y17.214 A94.1955
G1 X-54.089 Y18.634 A94.24357
G1 X-54.541 Y18.782 A94.25967
G1 X-54.541 Y17.356 A94.30794
G1 X-54.994 Y17.498 A94.32401
G1 X-54.994 Y18.931 A94.37252
G1 X-55.446 Y19.08 A94.38863
G1 X-55.446 Y17.64 A94.43737
G1 X-55.898 Y17.782 A94.45341
G1 X-55.898 Y19.228 A94.50236
G1 X-56.351 Y19.376 A94.51849
G1 X-56.351 Y17.924 A94.56764
G1 X-56.803 Y18.066 A94.58368
G1 X-56.803 Y19.524 A94.63303
G1 X-57.255 Y19.672 A94.64913
G1 X-57.255 Y18.208 A94.69868
G1 X-57.707 Y18.35 A94.71472
G1 X-57.707 Y19.82 A94.76448
G1 X-58.16 Y19.968 A94.78061
G1 X-58.16 Y18.492 A94.83057
G1 X-58.612 Y18.634 A94.84661
G1 X-58.612 Y20.116 A94.89677
G1 X-59.064 Y20.264 A94.91287
G1 X-59.064 Y18.776 A94.96324
G1 X-59.517 Y18.918 A94.97931
G1 X-59.517 Y20.412 A95.02988
G1 X-59.969 Y20.56 A95.04598
G1 X-59.969 Y19.06 A95.09675
G1 X-60.421 Y19.202 A95.11279
G1 X-60.421 Y20.708 A95.16377
G1 X-60.874 Y20.856 A95.1799
G1 X-60.874 Y19.344 A95.23108
G1 X-61.326 Y19.487 A95.24713
G1 X-61.326 Y21.004 A95.29848
G1 X-61.778 Y21.152 A95.31458
G1 X-61.778 Y19.632 A95.36603
G1 X-62.231 Y19.776 A95.38212
G1 X-62.231 Y21.3 A95.43371
G1 X-62.683 Y21.448 A95.44981
G1 X-62.683 Y19.917 A95.50163
G1 X-63.135 Y20.058 A95.51766
G1 X-63.135 Y21.596 A95.56972
G1 X-63.587 Y21.743 A95.58581
G1 X-63.587 Y20.199 A95.63807
G1 X-64.04 Y20.34 A95.65413
G1 X-64.04 Y21.878 A95.70619
G1 X-64.492 Y21.95 A95.72168
G1 X-64.492 Y20.481 A95.7714
G1 X-64.944 Y20.623 A95.78744
G1 X-64.944 Y22.098 A95.83737
G1 X-65.397 Y22.245 A95.85349
G1 X-65.397 Y20.892 A95.89929
G1 X-65.849 Y21.041 A95.9154
G1 X-65.849 Y28.748 A96.17627
G1 X-66.301 Y27.348 A96.22607
G1 X-66.301 Y21.182 A96.43478
G1 X-66.754 Y21.323 A96.45084
G1 X-66.754 Y26.549 A96.62773
G1 X-67.206 Y24.878 F7800
G1 F1800
G1 X-67.206 Y21.464 A96.74329
G1 X-67.658 Y21.605 A96.75932
G1 X-67.658 Y24.436 A96.85515
G1 X-68.111 Y24.201 A96.87242
G1 X-68.111 Y21.746 A96.95552
G1 X-68.563 Y21.888 A96.97156
G1 X-68.563 Y23.966 A97.0419
G1 X-69.015 Y23.731 A97.05914
G1 X-69.015 Y22.029 A97.11675
G1 X-69.468 Y22.17 A97.13281
G1 X-69.468 Y23.496 A97.17769
G1 X-69.92 Y23.261 A97.19493
G1 X-69.92 Y22.311 A97.22709
G1 X-70.372 Y22.452 A97.24312
G1 X-70.372 Y23.026 A97.26255
G1 X-70.824 Y22.791 A97.27979
G1 X-70.824 Y22.402 A97.29296
G1 A96.99296 F2400
;WIPE_START
G1 F6240
G1 X-70.824 Y22.791 A96.85083
G1 X-70.372 Y23.026 A96.66469
G1 X-70.372 Y22.452 A96.45496
G1 X-69.92 Y22.311 A96.28196
G1 X-69.92 Y23.261 A95.93484
G1 X-69.575 Y23.44 A95.79296
;WIPE_END
G1 X-64.667 Y23.177 F7800
G1 A97.29296 F2400
;TYPE:Support material interface
;WIDTH:0.35
G1 F1800
G1 X-64.95 Y22.895 A97.30316
G1 X-64.6 Y22.78 A97.31257
G1 X-64.431 Y22.949 A97.31867
G1 X-64.275 Y22.9 A97.32285
G1 X-64.144 Y22.771 A97.32754
G1 X-64.25 Y22.666 A97.33135
G1 X-63.826 Y22.625 A97.34223
G1 X-61.429 Y21.876 A97.40635
G1 X-59.631 Y21.244 A97.45501
G1 X-59.583 Y21.292 A97.45674
G1 X-59.23 Y21.181 A97.46619
G1 X-59.281 Y21.13 A97.46803
G1 X-58.931 Y21.015 A97.47744
G1 X-58.876 Y21.07 A97.47943
G1 X-58.523 Y20.959 A97.48888
G1 X-58.58 Y20.901 A97.49096
G1 X-58.23 Y20.786 A97.50037
G1 X-58.169 Y20.848 A97.50259
G1 X-57.815 Y20.737 A97.51206
G1 X-57.88 Y20.672 A97.51441
G1 X-57.53 Y20.557 A97.52382
G1 X-57.462 Y20.626 A97.52629
G1 X-57.108 Y20.515 A97.53576
G1 X-57.18 Y20.443 A97.53836
G1 X-56.83 Y20.328 A97.54777
G1 X-56.755 Y20.404 A97.5505
G1 X-56.401 Y20.292 A97.55998
G1 X-56.48 Y20.214 A97.56281
G1 X-56.13 Y20.099 A97.57222
G1 X-56.047 Y20.181 A97.5752
G1 X-55.694 Y20.07 A97.58465
G1 X-55.779 Y19.985 A97.58772
G1 X-55.43 Y19.87 A97.5971
G1 X-55.34 Y19.959 A97.60033
G1 X-54.987 Y19.848 A97.60978
G1 X-55.08 Y19.755 A97.61314
G1 X-54.73 Y19.64 A97.62255
G1 X-54.633 Y19.737 A97.62605
G1 X-54.279 Y19.626 A97.63552
G1 X-54.381 Y19.525 A97.63919
G1 X-54.031 Y19.41 A97.6486
G1 X-53.926 Y19.515 A97.65239
G1 X-53.572 Y19.404 A97.66186
G1 X-53.681 Y19.295 A97.6658
G1 X-53.332 Y19.18 A97.67518
G1 X-53.218 Y19.293 A97.67928
G1 X-52.865 Y19.182 A97.68873
G1 X-52.982 Y19.065 A97.69295
G1 X-52.632 Y18.95 A97.70236
G1 X-52.511 Y19.071 A97.70673
G1 X-52.158 Y18.96 A97.71618
G1 X-52.283 Y18.835 A97.72069
G1 X-51.933 Y18.72 A97.7301
G1 X-51.804 Y18.849 A97.73476
G1 X-51.45 Y18.738 A97.74423
G1 X-51.584 Y18.605 A97.74905
G1 X-51.234 Y18.49 A97.75846
G1 X-51.097 Y18.627 A97.76341
G1 X-50.743 Y18.516 A97.77288
G1 X-50.884 Y18.375 A97.77797
G1 X-50.535 Y18.26 A97.78735
G1 X-50.39 Y18.405 A97.79259
G1 X-50.036 Y18.294 A97.80206
G1 X-50.185 Y18.145 A97.80744
G1 X-49.835 Y18.03 A97.81685
G1 X-49.564 Y18.301 A97.82664
G1 A97.52664 F2400
;WIPE_START
G1 F6240
G1 X-49.835 Y18.03 A97.38661
G1 X-50.185 Y18.145 A97.252
G1 X-50.036 Y18.294 A97.17501
G1 X-50.39 Y18.405 A97.03945
G1 X-50.535 Y18.26 A96.96452
G1 X-50.884 Y18.375 A96.83026
G1 X-50.743 Y18.516 A96.7574
G1 X-51.097 Y18.627 A96.62184
G1 X-51.234 Y18.49 A96.55105
G1 X-51.584 Y18.605 A96.41644
G1 X-51.45 Y18.738 A96.34746
G1 X-51.504 Y18.755 A96.32664
;WIPE_END
G1 X-27.813 Y-41.256 F7800
G1 A97.82664 F2400
G1 F1800
G1 X-29.079 Y-42.522 A97.87236
G1 X-30.224 Y-44.133 A97.92283
G1 X-29.549 Y-43.457 A97.94722
G1 X-30.817 Y-45.19 A98.00205
G1 X-31.37 Y-45.743 A98.02202
G1 X-32.516 Y-47.353 A98.07248
G1 X-32.082 Y-46.919 A98.08815
G1 X-33.335 Y-48.637 A98.14244
G1 X-33.661 Y-48.963 A98.15421
G1 X-34.808 Y-50.575 A98.20473
G1 X-34.587 Y-50.354 A98.21271
G1 X-36.946 Y-53.58 A98.31476
G1 X-37.208 Y-53.726 A98.32242
G1 X-37.487 Y-54.183 A98.33609
G1 X-36.418 Y-53.114 A98.37469
G1 A98.07469 F2400
;WIPE_START
G1 F6240
G1 X-37.487 Y-54.183 A97.5223
G1 X-37.208 Y-53.726 A97.32666
G1 X-36.946 Y-53.58 A97.21707
G1 X-36.393 Y-52.824 A96.87469
;WIPE_END
G1 X-35.404 Y-55.694 F7800
G1 A98.37469 F2400
;TYPE:Support material
;WIDTH:0.45
G1 F1800
G1 X-35.118 Y-55.515 A98.38611
G1 X-24.073 Y-39.958 A99.03192
G1 X-26.052 Y-38.529 A99.11454
G1 X-25.493 Y-38.185 A99.13676
G1 X-8.597 Y-14.845 A100.11207
G1 X-8.104 Y-14.542 A100.13166
G1 X-2.026 Y-6.17 A100.48185
G1 X-2.958 Y-5.732 A100.51671
G1 X-4.131 Y-4.964 A100.56417
G1 X-5.48 Y-3.757 A100.62544
G1 X-6.67 Y-2.217 A100.69132
G1 X-7.418 Y-.769 A100.74649
G1 X-14.484 Y-10.566 A101.15536
G1 X-16.521 Y-13.706 A101.28205
G1 X-16.935 Y-13.978 A101.29882
G1 X-23.906 Y-23.633 A101.70191
G1 X-28.002 Y-29.65 A101.94829
G1 X-28.43 Y-29.925 A101.96551
G1 X-33.338 Y-36.714 A102.24907
G1 X-39.074 Y-45.019 A102.59072
G1 X-39.516 Y-45.299 A102.60843
G1 X-44.852 Y-52.713 A102.91762
G1 X-40.711 Y-55.714 A103.09073
G1 X-40.224 Y-55.637 A103.10742
G1 X-39.299 Y-61.188 A103.29791
G1 X-35.439 Y-55.744 A103.5238
G1 X-37.799 Y-54.68 F7800
G1 F1800
G1 X-37.377 Y-54.983 A103.54138
G1 X-36.547 Y-53.845 A103.58906
G1 X-36.496 Y-53.631 A103.59651
G1 X-27.436 Y-41.23 A104.11636
G1 X-28.23 Y-40.657 A104.1495
G1 X-37.219 Y-53.291 A104.67434
G1 X-37.432 Y-53.369 A104.68202
G1 X-37.906 Y-54.037 A104.70975
G1 X-37.809 Y-54.62 A104.72976
G1 A104.42976 F2400
;WIPE_START
G1 F6240
G1 X-37.906 Y-54.037 A104.21381
G1 X-37.432 Y-53.369 A103.91453
G1 X-37.219 Y-53.291 A103.83165
G1 X-36.264 Y-51.949 A103.22976
;WIPE_END
G1 X-2.978 Y-5.929 F7800
G1 A104.72976 F2400
G1 F1800
G1 X-2.978 Y-6.859 A104.76124
G1 X-3.43 Y-7.482 A104.78729
G1 X-3.43 Y-5.874 A104.84172
G1 X-3.883 Y-5.574 A104.86011
G1 X-3.883 Y-8.106 A104.94582
G1 X-4.335 Y-8.73 A104.9719
G1 X-4.335 Y-5.268 A105.08908
G1 X-4.787 Y-4.917 A105.10845
G1 X-4.787 Y-9.354 A105.25864
G1 X-5.239 Y-9.977 A105.28469
G1 X-5.239 Y-4.497 A105.47018
G1 X-5.692 Y-4.063 A105.49141
G1 X-5.692 Y-10.601 A105.71271
G1 X-6.144 Y-11.225 A105.73879
G1 X-6.144 Y-3.558 A105.99831
G1 X-6.596 Y-2.95 A106.02395
G1 X-6.596 Y-11.848 A106.32514
G1 X-7.049 Y-12.469 A106.35116
G1 X-7.049 Y-2.297 A106.69547
G1 X-7.479 Y-1.48 A106.72672
G1 X-7.501 Y-13.091 A107.11974
G1 X-7.953 Y-13.712 A107.14574
G1 X-7.953 Y-2.138 A107.53751
G1 X-8.406 Y-2.765 A107.56369
G1 X-8.406 Y-14.297 A107.95403
G1 X-8.858 Y-14.58 A107.97208
G1 X-8.858 Y-3.392 A108.35078
G1 X-9.31 Y-4.02 A108.37697
G1 X-9.31 Y-15.206 A108.7556
G1 X-9.763 Y-15.83 A108.7817
G1 X-9.763 Y-4.648 A109.1602
G1 X-10.215 Y-5.276 A109.18639
G1 X-10.215 Y-16.454 A109.56475
G1 X-10.667 Y-17.079 A109.59086
G1 X-10.667 Y-5.903 A109.96915
G1 X-11.12 Y-6.53 A109.99533
G1 X-11.12 Y-17.706 A110.37362
G1 X-11.572 Y-18.33 A110.3997
G1 X-11.572 Y-7.157 A110.77789
G1 X-12.024 Y-7.784 A110.80405
G1 X-12.024 Y-18.955 A111.18218
G1 X-12.476 Y-19.579 A111.20826
G1 X-12.476 Y-8.411 A111.58628
G1 X-12.929 Y-9.038 A111.61246
G1 X-12.929 Y-20.204 A111.99042
G1 X-13.381 Y-20.831 A112.01658
G1 X-13.381 Y-9.665 A112.39454
G1 X-13.833 Y-10.292 A112.4207
G1 X-13.833 Y-21.458 A112.79866
G1 X-14.286 Y-22.082 A112.82476
G1 X-14.286 Y-10.938 A113.20197
G1 X-14.738 Y-11.636 A113.23012
G1 X-14.738 Y-22.707 A113.60486
G1 X-15.19 Y-23.331 A113.63094
G1 X-15.19 Y-12.329 A114.00334
G1 X-15.643 Y-13.025 A114.03145
G1 X-15.643 Y-23.955 A114.40142
G1 X-16.095 Y-24.579 A114.4275
G1 X-16.095 Y-13.722 A114.795
G1 X-16.256 Y-13.97 A114.80501
G1 X-16.547 Y-14.161 A114.81679
G1 X-16.547 Y-25.204 A115.19058
G1 X-17 Y-25.828 A115.21668
G1 X-17 Y-14.694 A115.59355
G1 X-17.452 Y-15.321 A115.61971
G1 X-17.452 Y-26.454 A115.99655
G1 X-17.904 Y-27.082 A116.02274
G1 X-17.904 Y-15.947 A116.39965
G1 X-18.356 Y-16.573 A116.42579
G1 X-18.356 Y-27.707 A116.80266
G1 X-18.809 Y-28.331 A116.82876
G1 X-18.809 Y-17.2 A117.20553
G1 X-19.261 Y-17.827 A117.23169
G1 X-19.261 Y-28.956 A117.60839
G1 X-19.713 Y-29.58 A117.63447
G1 X-19.713 Y-18.454 A118.01107
G1 X-20.166 Y-19.081 A118.03725
G1 X-20.166 Y-30.204 A118.41375
G1 X-20.618 Y-30.828 A118.43983
G1 X-20.618 Y-19.707 A118.81626
G1 X-21.07 Y-20.333 A118.8424
G1 X-21.07 Y-31.452 A119.21876
G1 X-21.523 Y-32.077 A119.24489
G1 X-21.523 Y-20.959 A119.62122
G1 X-21.975 Y-21.586 A119.64738
G1 X-21.975 Y-32.701 A120.02361
G1 X-22.427 Y-33.326 A120.04972
G1 X-22.427 Y-22.212 A120.42592
G1 X-22.88 Y-22.838 A120.45208
G1 X-22.88 Y-33.953 A120.82831
G1 X-23.332 Y-34.579 A120.85445
G1 X-23.332 Y-23.464 A121.23068
G1 X-23.784 Y-24.109 A121.25734
G1 X-23.784 Y-35.203 A121.63286
G1 X-24.237 Y-35.827 A121.65896
G1 X-24.237 Y-24.784 A122.03275
G1 X-24.689 Y-25.458 A122.06022
G1 X-24.689 Y-36.451 A122.43232
G1 X-25.141 Y-37.076 A122.45843
G1 X-25.141 Y-26.132 A122.82887
G1 X-25.593 Y-26.797 A122.85609
G1 X-25.593 Y-37.7 A123.22514
G1 X-25.747 Y-37.911 A123.23398
G1 X-26.046 Y-38.095 A123.24586
G1 X-26.046 Y-27.448 A123.60625
G1 X-26.498 Y-28.099 A123.63308
G1 X-26.498 Y-42.766 A124.12954
G1 X-26.046 Y-42.131 A124.15592
G1 X-26.046 Y-38.986 A124.26237
G1 X-25.593 Y-39.313 A124.28128
G1 X-25.593 Y-41.495 A124.35514
G1 X-25.141 Y-40.859 A124.38155
G1 X-25.141 Y-39.639 A124.42285
G1 X-24.689 Y-39.966 A124.44173
G1 X-24.689 Y-40.539 A124.46113
G1 A124.16113 F2400
;WIPE_START
G1 F6240
G1 X-24.689 Y-39.966 A123.95176
G1 X-25.141 Y-39.639 A123.74792
G1 X-25.141 Y-40.859 A123.30215
G1 X-25.593 Y-41.495 A123.01706
G1 X-25.593 Y-41.342 A122.96113
;WIPE_END
G1 X-26.95 Y-28.432 F7800
G1 A124.46113 F2400
G1 F1800
G1 X-26.95 Y-43.402 A124.96785
G1 X-27.403 Y-44.038 A124.99428
G1 X-27.403 Y-41.805 A125.06986
G1 X-27.855 Y-42.422 A125.09575
G1 X-27.855 Y-44.674 A125.17198
G1 X-28.307 Y-45.309 A125.19836
G1 X-28.307 Y-43.04 A125.27516
G1 X-28.76 Y-43.658 A125.3011
G1 X-28.76 Y-45.945 A125.37851
G1 X-29.212 Y-46.581 A125.40492
G1 X-29.212 Y-44.276 A125.48294
G1 X-29.664 Y-44.894 A125.50886
G1 X-29.664 Y-47.217 A125.58749
G1 X-30.117 Y-47.852 A125.61389
G1 X-30.117 Y-45.512 A125.6931
G1 X-30.569 Y-46.13 A125.71902
G1 X-30.569 Y-48.488 A125.79884
G1 X-31.021 Y-49.124 A125.82525
G1 X-31.021 Y-46.748 A125.90567
G1 X-31.473 Y-47.368 A125.93164
G1 X-31.473 Y-49.76 A126.01261
G1 X-31.926 Y-50.396 A126.03904
G1 X-31.926 Y-47.988 A126.12055
G1 X-32.378 Y-48.608 A126.14652
G1 X-32.378 Y-51.031 A126.22854
G1 X-32.83 Y-51.667 A126.25495
G1 X-32.83 Y-49.228 A126.33751
G1 X-33.283 Y-49.848 A126.3635
G1 X-33.283 Y-52.298 A126.44643
G1 X-33.735 Y-52.931 A126.47276
G1 X-33.735 Y-50.468 A126.55613
G1 X-34.187 Y-51.088 A126.5821
G1 X-34.187 Y-53.569 A126.66608
G1 X-34.64 Y-54.207 A126.69257
G1 X-34.64 Y-51.708 A126.77716
G1 X-35.092 Y-52.327 A126.8031
G1 X-35.092 Y-54.845 A126.88833
G1 X-35.375 Y-55.244 A126.90489
G1 X-35.544 Y-55.35 A126.91164
G1 X-35.544 Y-52.948 A126.99294
G1 X-35.997 Y-53.568 A127.01893
G1 X-35.997 Y-55.897 A127.09776
G1 X-36.449 Y-56.535 A127.12423
G1 X-36.449 Y-54.332 A127.1988
G1 X-36.901 Y-54.952 A127.22477
G1 X-36.901 Y-57.173 A127.29995
G1 X-37.353 Y-57.811 A127.32642
G1 X-37.353 Y-55.451 A127.4063
G1 X-37.806 Y-55.126 A127.42517
G1 X-37.806 Y-58.449 A127.53765
G1 X-38.258 Y-59.087 A127.56412
G1 X-38.258 Y-44.483 A128.05845
G1 X-37.806 Y-43.828 A128.08539
G1 X-37.806 Y-53.262 A128.40472
G1 X-37.643 Y-53.032 A128.41426
G1 X-37.463 Y-53.002 A128.42044
G1 X-37.353 Y-52.848 A128.42685
G1 X-37.353 Y-43.174 A128.7543
G1 X-36.901 Y-42.526 A128.78104
G1 X-36.901 Y-52.21 A129.10883
G1 X-36.449 Y-51.572 A129.1353
G1 X-36.449 Y-41.884 A129.46323
G1 X-35.997 Y-41.226 A129.49025
G1 X-35.997 Y-50.934 A129.81885
G1 X-35.544 Y-50.304 A129.84512
G1 X-35.544 Y-40.568 A130.17467
G1 X-35.092 Y-39.911 A130.20166
G1 X-35.092 Y-49.671 A130.53202
G1 X-34.64 Y-49.035 A130.55843
G1 X-34.64 Y-39.253 A130.88954
G1 X-34.187 Y-38.595 A130.91658
G1 X-34.187 Y-48.399 A131.24843
G1 X-33.735 Y-47.764 A131.27481
G1 X-33.735 Y-37.937 A131.60744
G1 X-33.283 Y-37.28 A131.63443
G1 X-33.283 Y-47.128 A131.96777
G1 X-32.83 Y-46.492 A131.9942
G1 X-32.83 Y-36.637 A132.32778
G1 X-32.378 Y-36.012 A132.35389
G1 X-32.378 Y-45.856 A132.6871
G1 X-31.926 Y-45.221 A132.71348
G1 X-31.926 Y-35.386 A133.04638
G1 X-31.473 Y-34.761 A133.07251
G1 X-31.473 Y-44.585 A133.40504
G1 X-31.021 Y-43.949 A133.43145
G1 X-31.021 Y-34.135 A133.76364
G1 X-30.569 Y-33.509 A133.78978
G1 X-30.569 Y-43.313 A134.12163
G1 X-30.117 Y-42.677 A134.14804
G1 X-30.117 Y-32.884 A134.47952
G1 X-29.664 Y-32.258 A134.50568
G1 X-29.664 Y-42.042 A134.83686
G1 X-29.212 Y-41.406 A134.86327
G1 X-29.212 Y-31.633 A135.19407
G1 X-28.76 Y-31.007 A135.22021
G1 X-28.76 Y-40.77 A135.55068
G1 X-28.307 Y-40.149 A135.5767
G1 X-28.307 Y-30.38 A135.90737
G1 X-28.174 Y-30.196 A135.91505
G1 X-27.855 Y-29.991 A135.92789
G1 X-27.855 Y-40.476 A136.28279
G1 X-27.403 Y-40.803 A136.30167
G1 X-27.403 Y-29.096 A136.69794
G1 X-38.71 Y-44.815 F7800
G1 F1800
G1 X-38.71 Y-59.725 A137.20263
G1 X-39.084 Y-60.251 A137.22448
G1 X-39.163 Y-59.777 A137.24075
G1 X-39.163 Y-45.509 A137.7237
G1 X-39.615 Y-46.061 A137.74785
G1 X-39.615 Y-57.064 A138.12029
G1 X-39.923 Y-55.218 A138.18364
G1 X-40.067 Y-55.241 A138.18858
G1 X-40.067 Y-46.686 A138.47816
G1 X-40.52 Y-47.311 A138.50429
G1 X-40.52 Y-55.313 A138.77515
G1 X-40.618 Y-55.329 A138.77851
G1 X-40.972 Y-55.072 A138.79332
G1 X-40.972 Y-47.936 A139.03487
G1 X-41.424 Y-48.56 A139.06095
G1 X-41.424 Y-54.744 A139.27027
G1 X-41.877 Y-54.415 A139.28922
G1 X-41.877 Y-49.185 A139.46625
G1 X-42.329 Y-49.809 A139.49233
G1 X-42.329 Y-54.087 A139.63714
G1 X-42.781 Y-53.759 A139.65604
G1 X-42.781 Y-50.454 A139.76791
G1 X-43.234 Y-51.086 A139.79423
G1 X-43.234 Y-53.432 A139.87364
G1 X-43.686 Y-53.105 A139.89252
G1 X-43.686 Y-51.717 A139.9395
G1 X-44.138 Y-52.347 A139.96575
G1 X-44.138 Y-53.004 A139.98799
G1 A139.68799 F2400
;WIPE_START
G1 F6240
G1 X-44.138 Y-52.347 A139.44793
G1 X-43.686 Y-51.717 A139.16462
G1 X-43.686 Y-53.105 A138.65747
G1 X-43.31 Y-53.377 A138.48799
;WIPE_END
G1 X12.128 Y.967 F7800
G1 A139.98799 F2400
G1 F1800
G1 X23.421 Y4.68 A140.39038
G1 X26.914 Y6.022 A140.51704
G1 X27.409 Y5.998 A140.53381
G1 X38.724 Y9.712 A140.93691
G1 X45.575 Y12.173 A141.18332
G1 X46.082 Y12.143 A141.20051
G1 X54.043 Y14.751 A141.48407
G1 X63.565 Y18.098 A141.82571
G1 X64.087 Y18.065 A141.84341
G1 X72.763 Y20.927 A142.15265
G1 X71.177 Y25.788 A142.32573
G1 X70.737 Y26.012 A142.34244
G1 X71.692 Y27.923 A142.41475
G1 X66.727 Y30.404 A142.60262
G1 X65.872 Y28.691 A142.66742
G1 X48.455 Y22.821 A143.28955
G1 X49.216 Y20.502 A143.37216
G1 X48.562 Y20.553 A143.39436
G1 X21.173 Y11.601 A144.36971
G1 X20.596 Y11.645 A144.3893
G1 X10.758 Y8.445 A144.73948
G1 X11.171 Y7.716 A144.76784
G1 X11.692 Y6.436 A144.81462
G1 X12.112 Y4.664 A144.87626
G1 X12.204 Y2.715 A144.9423
G1 X11.943 Y.905 A145.0042
G1 X12.07 Y.947 A145.00873
G1 X52.055 Y21.471 F7800
G1 F1800
G1 X52.228 Y20.944 A145.0275
G1 X66.927 Y25.881 A145.55236
G1 X67.145 Y25.818 A145.56004
G1 X67.921 Y26.08 A145.58776
G1 X68.212 Y26.663 A145.60982
G1 X68.049 Y27.157 A145.62743
G1 X66.709 Y26.724 A145.6751
G1 X66.541 Y26.581 A145.68257
G1 X51.923 Y21.874 A146.20239
G1 X52.036 Y21.529 A146.21468
G1 A145.91468 F2400
;WIPE_START
G1 F6240
G1 X51.923 Y21.874 A145.78203
G1 X54.704 Y22.769 A144.71468
;WIPE_END
G1 X72.106 Y22.346 F7800
G1 A146.21468 F2400
G1 F1800
G1 X72.106 Y21.095 A146.25702
G1 X71.653 Y20.945 A146.27317
G1 X71.653 Y23.14 A146.34747
G1 X71.201 Y24.529 A146.39691
G1 X71.201 Y20.795 A146.5233
G1 X70.749 Y20.645 A146.53942
G1 X70.749 Y25.801 A146.71394
G1 X70.749 Y28.19 F7800
G1 F1800
G1 X70.749 Y26.445 A146.77301
G1 X70.296 Y28.416 F7800
G1 F1800
G1 X70.296 Y20.496 A147.04109
G1 X69.844 Y20.346 A147.05721
G1 X69.844 Y28.437 A147.33108
G1 X69.392 Y28.663 A147.34819
G1 X69.392 Y20.187 A147.63509
G1 X68.939 Y20.036 A147.65125
G1 X68.939 Y28.889 A147.95091
G1 X68.487 Y29.115 A147.96802
G1 X68.487 Y19.888 A148.28034
G1 X68.035 Y19.741 A148.29643
G1 X68.035 Y25.732 A148.49922
G1 X67.582 Y25.579 A148.5154
G1 X67.582 Y19.593 A148.71802
G1 X67.13 Y19.445 A148.73412
G1 X67.13 Y25.427 A148.9366
G1 X66.955 Y25.504 A148.94307
G1 X66.678 Y25.41 A148.95297
G1 X66.678 Y19.298 A149.15985
G1 X66.225 Y19.15 A149.17598
G1 X66.225 Y25.257 A149.38269
G1 X65.773 Y25.105 A149.39883
G1 X65.773 Y19.002 A149.60541
G1 X65.321 Y18.854 A149.62151
G1 X65.321 Y24.952 A149.82792
G1 X64.869 Y24.799 A149.84407
G1 X64.869 Y18.706 A150.05031
G1 X64.416 Y18.558 A150.06644
G1 X64.416 Y24.647 A150.27255
G1 X63.964 Y24.498 A150.28866
G1 X63.964 Y18.44 A150.49372
G1 X63.512 Y18.468 A150.50905
G1 X63.512 Y24.348 A150.70808
G1 X63.059 Y24.196 A150.72425
G1 X63.059 Y18.309 A150.92352
G1 X62.607 Y18.15 A150.93974
G1 X62.607 Y24.044 A151.13924
G1 X62.155 Y23.892 A151.15538
G1 X62.155 Y17.991 A151.35512
G1 X61.702 Y17.832 A151.37137
G1 X61.702 Y23.74 A151.57135
G1 X61.25 Y23.588 A151.58749
G1 X61.25 Y17.674 A151.78767
G1 X60.798 Y17.515 A151.80389
G1 X60.798 Y23.436 A152.00431
G1 X60.345 Y23.284 A152.02048
G1 X60.345 Y17.36 A152.221
G1 X59.893 Y17.206 A152.23716
G1 X59.893 Y23.132 A152.43775
G1 X59.441 Y22.98 A152.45389
G1 X59.441 Y17.049 A152.65465
G1 X58.989 Y16.889 A152.67088
G1 X58.989 Y22.828 A152.87191
G1 X58.536 Y22.676 A152.88808
G1 X58.536 Y16.729 A153.08938
G1 X58.084 Y16.569 A153.10561
G1 X58.084 Y22.524 A153.30718
G1 X57.632 Y22.373 A153.32331
G1 X57.632 Y16.409 A153.52518
G1 X57.179 Y16.249 A153.54144
G1 X57.179 Y22.221 A153.74359
G1 X56.727 Y22.069 A153.75973
G1 X56.727 Y16.089 A153.96215
G1 X56.275 Y15.929 A153.97838
G1 X56.275 Y21.917 A154.18107
G1 X55.822 Y21.765 A154.19724
G1 X55.822 Y15.769 A154.4002
G1 X55.37 Y15.609 A154.41643
G1 X55.37 Y21.613 A154.61966
G1 X54.918 Y21.461 A154.6358
G1 X54.918 Y15.449 A154.8393
G1 X54.465 Y15.289 A154.85556
G1 X54.465 Y21.309 A155.05933
G1 X54.013 Y21.157 A155.07547
G1 X54.013 Y15.129 A155.27951
G1 X53.561 Y14.978 A155.29564
G1 X53.561 Y21.005 A155.49965
G1 X53.108 Y20.853 A155.51582
G1 X53.108 Y14.83 A155.71969
G1 X52.656 Y14.682 A155.73579
G1 X52.656 Y20.701 A155.93953
G1 X52.204 Y20.549 A155.95567
G1 X52.204 Y14.534 A156.15927
G1 X51.752 Y14.386 A156.17537
G1 X51.752 Y21.222 A156.40676
G1 X51.46 Y22.11 A156.4384
G1 X51.752 Y22.203 A156.44877
G1 X51.752 Y23.562 A156.49477
G1 X52.204 Y23.714 A156.51091
G1 X52.204 Y22.348 A156.55715
G1 X52.656 Y22.494 A156.57323
G1 X52.656 Y23.866 A156.61967
G1 X53.108 Y24.018 A156.63581
G1 X53.108 Y22.639 A156.68249
G1 X53.561 Y22.784 A156.69859
G1 X53.561 Y24.17 A156.7455
G1 X54.013 Y24.322 A156.76164
G1 X54.013 Y22.929 A156.80879
G1 X54.465 Y23.074 A156.82486
G1 X54.465 Y24.474 A156.87225
G1 X54.918 Y24.626 A156.88842
G1 X54.918 Y23.22 A156.93601
G1 X55.37 Y23.365 A156.95208
G1 X55.37 Y24.778 A156.99991
G1 X55.822 Y24.929 A157.01604
G1 X55.822 Y23.51 A157.06407
G1 X56.275 Y23.655 A157.08017
G1 X56.275 Y25.081 A157.12844
G1 X56.727 Y25.233 A157.14458
G1 X56.727 Y23.8 A157.19309
G1 X57.179 Y23.946 A157.20917
G1 X57.179 Y25.385 A157.25788
G1 X57.632 Y25.537 A157.27405
G1 X57.632 Y24.091 A157.323
G1 X58.084 Y24.236 A157.33907
G1 X58.084 Y25.689 A157.38825
G1 X58.536 Y25.841 A157.40439
G1 X58.536 Y24.382 A157.45378
G1 X58.989 Y24.528 A157.46989
G1 X58.989 Y25.993 A157.51948
G1 X59.441 Y26.145 A157.53562
G1 X59.441 Y24.674 A157.58541
G1 X59.893 Y24.82 A157.60149
G1 X59.893 Y26.297 A157.65148
G1 X60.345 Y26.449 A157.66762
G1 X60.345 Y24.966 A157.71782
G1 X60.798 Y25.112 A157.73393
G1 X60.798 Y26.601 A157.78433
G1 X61.25 Y26.753 A157.80047
G1 X61.25 Y25.258 A157.85107
G1 X61.702 Y25.404 A157.86715
G1 X61.702 Y26.905 A157.91796
G1 X62.155 Y27.057 A157.93413
G1 X62.155 Y25.55 A157.98514
G1 X62.607 Y25.696 A158.00122
G1 X62.607 Y27.209 A158.05243
G1 X63.059 Y27.358 A158.06854
G1 X63.059 Y25.842 A158.11985
G1 X63.512 Y25.988 A158.13596
G1 X63.512 Y27.508 A158.18741
G1 X63.964 Y27.66 A158.20355
G1 X63.964 Y26.134 A158.2552
G1 X64.416 Y26.279 A158.27127
G1 X64.416 Y27.813 A158.32319
G1 X64.869 Y27.966 A158.33937
G1 X64.869 Y26.425 A158.39153
G1 X65.321 Y26.571 A158.40761
G1 X65.321 Y28.118 A158.45997
G1 X65.773 Y28.271 A158.47612
G1 X65.773 Y26.718 A158.52869
G1 X66.225 Y26.864 A158.54477
G1 X66.225 Y28.579 A158.60282
G1 X66.678 Y29.485 A158.63711
G1 X66.678 Y27.099 A158.71787
G1 X67.13 Y27.245 A158.73395
G1 X67.13 Y29.793 A158.8202
G1 X67.582 Y29.567 A158.83731
G1 X67.582 Y27.391 A158.91097
G1 X68.035 Y27.537 A158.92708
G1 X68.035 Y29.546 A158.99508
G1 X51.299 Y23.603 F7800
G1 F1800
G1 X51.299 Y14.238 A159.31207
G1 X50.847 Y14.09 A159.32817
G1 X50.847 Y23.258 A159.6385
G1 X50.395 Y23.106 A159.65464
G1 X50.395 Y13.942 A159.96483
G1 X49.942 Y13.794 A159.98096
G1 X49.942 Y22.954 A160.29102
G1 X49.49 Y22.802 A160.30716
G1 X49.49 Y13.645 A160.61711
G1 X49.038 Y13.497 A160.63321
G1 X49.038 Y20.149 A160.85837
G1 X48.607 Y20.182 A160.873
G1 X48.585 Y13.349 A161.10429
G1 X48.133 Y13.201 A161.12039
G1 X48.133 Y20.027 A161.35144
G1 X47.681 Y19.88 A161.36753
G1 X47.681 Y13.053 A161.59862
G1 X47.228 Y12.905 A161.61475
G1 X47.228 Y19.732 A161.84584
G1 X46.776 Y19.585 A161.86193
G1 X46.776 Y12.756 A162.09308
G1 X46.324 Y12.608 A162.10918
G1 X46.324 Y19.437 A162.34033
G1 X45.872 Y19.29 A162.35642
G1 X45.872 Y12.522 A162.58551
G1 X45.419 Y12.506 A162.60085
G1 X45.419 Y19.142 A162.82547
G1 X44.967 Y18.994 A162.84157
G1 X44.967 Y12.344 A163.06666
G1 X44.515 Y12.182 A163.08291
G1 X44.515 Y18.847 A163.30851
G1 X44.062 Y18.699 A163.32464
G1 X44.062 Y12.02 A163.55072
G1 X43.61 Y11.859 A163.56696
G1 X43.61 Y18.55 A163.79344
G1 X43.158 Y18.401 A163.80955
G1 X43.158 Y11.701 A164.03634
G1 X42.705 Y11.544 A164.05257
G1 X42.705 Y18.253 A164.27966
G1 X42.253 Y18.106 A164.29575
G1 X42.253 Y11.386 A164.52321
G1 X41.801 Y11.229 A164.53941
G1 X41.801 Y17.958 A164.76718
G1 X41.348 Y17.81 A164.78331
G1 X41.348 Y11.065 A165.01162
G1 X40.896 Y10.899 A165.02792
G1 X40.896 Y17.663 A165.25687
G1 X40.444 Y17.515 A165.27297
G1 X40.444 Y10.733 A165.50253
G1 X39.992 Y10.568 A165.51882
G1 X39.992 Y17.367 A165.74896
G1 X39.539 Y17.22 A165.76508
G1 X39.539 Y10.402 A165.99586
G1 X39.087 Y10.236 A166.01216
G1 X39.087 Y17.072 A166.24355
G1 X38.635 Y16.925 A166.25964
G1 X38.604 Y10.059 A166.49205
G1 X38.182 Y9.92 A166.50709
G1 X38.182 Y16.777 A166.73919
G1 X37.73 Y16.629 A166.75529
G1 X37.73 Y9.772 A166.98739
G1 X37.278 Y9.624 A167.00349
G1 X37.278 Y16.482 A167.23563
G1 X36.825 Y16.334 A167.25176
G1 X36.825 Y9.476 A167.4839
G1 X36.373 Y9.327 A167.50001
G1 X36.373 Y16.187 A167.73221
G1 X35.921 Y16.038 A167.74832
G1 X35.921 Y9.179 A167.98049
G1 X35.468 Y9.03 A167.99663
G1 X35.468 Y15.889 A168.2288
G1 X35.016 Y15.741 A168.2449
G1 X35.016 Y8.882 A168.47707
G1 X34.564 Y8.733 A168.49318
G1 X34.564 Y15.592 A168.72535
G1 X34.111 Y15.445 A168.74147
G1 X34.111 Y8.585 A168.97367
G1 X33.659 Y8.437 A168.98977
G1 X33.659 Y15.297 A169.22197
G1 X33.207 Y15.149 A169.23807
G1 X33.207 Y8.288 A169.47031
G1 X32.755 Y8.14 A169.48641
G1 X32.755 Y15.002 A169.71868
G1 X32.302 Y14.854 A169.73481
G1 X32.302 Y7.992 A169.96708
G1 X31.85 Y7.843 A169.98319
G1 X31.85 Y14.707 A170.21553
G1 X31.398 Y14.559 A170.23163
G1 X31.398 Y7.694 A170.464
G1 X30.945 Y7.545 A170.48014
G1 X30.945 Y14.411 A170.71255
G1 X30.493 Y14.264 A170.72864
G1 X30.493 Y7.397 A170.96108
G1 X30.041 Y7.248 A170.97719
G1 X30.041 Y14.116 A171.20966
G1 X29.588 Y13.968 A171.22579
G1 X29.588 Y7.1 A171.45826
G1 X29.136 Y6.952 A171.47436
G1 X29.136 Y13.821 A171.70687
G1 X28.684 Y13.672 A171.72298
G1 X28.684 Y6.803 A171.95549
G1 X28.231 Y6.655 A171.97162
G1 X28.231 Y13.523 A172.20409
G1 X27.779 Y13.374 A172.2202
G1 X27.779 Y6.506 A172.45267
G1 X27.327 Y6.369 A172.46866
G1 X27.327 Y13.227 A172.7008
G1 X26.875 Y13.079 A172.7169
G1 X26.875 Y6.39 A172.94331
G1 X26.422 Y6.225 A172.95963
G1 X26.422 Y12.931 A173.18662
G1 X25.97 Y12.784 A173.20271
G1 X25.97 Y6.051 A173.43061
G1 X25.518 Y5.878 A173.44699
G1 X25.518 Y12.636 A173.67574
G1 X25.065 Y12.488 A173.69187
G1 X25.065 Y5.704 A173.9215
G1 X24.613 Y5.53 A173.93789
G1 X24.613 Y12.34 A174.1684
G1 X24.161 Y12.191 A174.18451
G1 X24.161 Y5.36 A174.41573
G1 X23.708 Y5.187 A174.43214
G1 X23.708 Y12.043 A174.66421
G1 X23.256 Y11.896 A174.6803
G1 X23.256 Y5.011 A174.91335
G1 X22.804 Y4.863 A174.92945
G1 X22.804 Y11.748 A175.1625
G1 X22.351 Y11.6 A175.17863
G1 X22.351 Y4.714 A175.41171
G1 X21.899 Y4.565 A175.42782
G1 X21.899 Y11.453 A175.66097
G1 X21.447 Y11.305 A175.67707
G1 X21.447 Y4.417 A175.91022
G1 X20.994 Y4.268 A175.92636
G1 X20.994 Y11.247 A176.16259
G1 X20.542 Y11.243 A176.17789
G1 X20.542 Y4.12 A176.419
G1 X20.09 Y3.971 A176.43511
G1 X20.09 Y11.096 A176.67628
G1 X19.638 Y10.95 A176.69236
G1 X19.638 Y3.822 A176.93363
G1 X19.185 Y3.673 A176.94977
G1 X19.185 Y10.803 A177.19111
G1 X18.733 Y10.657 A177.20719
G1 X18.733 Y3.525 A177.4486
G1 X18.281 Y3.376 A177.46471
G1 X18.281 Y10.51 A177.70619
G1 X17.828 Y10.364 A177.7223
G1 X17.828 Y3.227 A177.96388
G1 X17.376 Y3.079 A177.97998
G1 X17.376 Y10.217 A178.22159
G1 X16.924 Y10.069 A178.23769
G1 X16.924 Y2.93 A178.47934
G1 X16.471 Y2.781 A178.49548
G1 X16.471 Y9.922 A178.73719
G1 X16.019 Y9.774 A178.75329
G1 X16.019 Y2.632 A178.99504
G1 X15.567 Y2.483 A179.01115
G1 X15.567 Y9.627 A179.25297
G1 X15.114 Y9.48 A179.26909
G1 X15.114 Y2.334 A179.51097
G1 X14.662 Y2.185 A179.52708
G1 X14.662 Y9.332 A179.769
G1 X14.21 Y9.185 A179.78509
G1 X14.21 Y2.037 A180.02704
G1 X13.758 Y1.888 A180.04315
G1 X13.758 Y9.037 A180.28514
G1 X13.305 Y8.89 A180.30126
G1 X13.305 Y1.739 A180.54331
G1 X12.853 Y1.59 A180.55942
G1 X12.853 Y8.743 A180.80154
G1 X12.401 Y8.595 A180.81764
G1 X12.401 Y5.091 A180.93625
G1 X11.948 Y6.788 A180.9957
G1 X11.948 Y8.448 A181.05189
G1 X11.496 Y8.3 A181.06799
G1 X11.496 Y7.422 A181.09771
G1 A180.79771 F2400
;WIPE_START
G1 F6240
G1 X11.496 Y8.3 A180.4769
G1 X11.948 Y8.448 A180.30312
G1 X11.948 Y6.788 A179.69658
G1 X12.018 Y6.527 A179.59771
;WIPE_END
G1 X49.038 Y22.824 F7800
G1 A181.09771 F2400
G1 F1800
G1 X49.038 Y21.634 A181.13799
G1 A180.83799 F2400
;WIPE_START
G1 F6240
G1 X49.038 Y22.824 A180.40318
;WIPE_END
G1 A179.63799 F2400
G1 X53.096 Y21.996 F7800
G1 A181.13799 F2400
;TYPE:Support material interface
;WIDTH:0.35
G1 F1800
G1 X52.568 Y21.469 A181.15704
G1 X53.268 Y21.704 A181.17589
G1 X53.551 Y21.987 A181.18611
G1 X54.236 Y22.207 A181.20448
G1 X53.967 Y21.939 A181.21418
G1 X54.667 Y22.174 A181.23303
G1 X54.92 Y22.427 A181.24217
G1 X55.604 Y22.646 A181.26051
G1 X55.367 Y22.409 A181.26907
G1 X56.067 Y22.644 A181.28792
G1 X56.289 Y22.866 A181.29594
G1 X56.973 Y23.086 A181.31429
G1 X56.766 Y22.879 A181.32176
G1 X57.466 Y23.114 A181.34061
G1 X57.657 Y23.305 A181.34751
G1 X58.341 Y23.525 A181.36586
G1 X58.166 Y23.349 A181.3722
G1 X58.865 Y23.584 A181.39103
G1 X59.027 Y23.746 A181.39688
G1 X59.713 Y23.968 A181.41529
G1 X59.565 Y23.819 A181.42065
G1 X60.265 Y24.054 A181.4395
G1 X60.399 Y24.189 A181.44436
G1 X61.086 Y24.411 A181.46279
G1 X60.964 Y24.289 A181.4672
G1 X61.664 Y24.524 A181.48605
G1 X61.772 Y24.632 A181.48995
G1 X62.458 Y24.854 A181.50836
G1 X62.364 Y24.76 A181.51175
G1 X66.574 Y26.182 A181.62521
G1 X67.115 Y26.258 A181.63916
G1 X67.622 Y26.765 A181.65747
G1 A181.35747 F2400
;WIPE_START
G1 F6240
G1 X67.115 Y26.258 A181.09549
G1 X66.574 Y26.182 A180.89588
G1 X64.659 Y25.535 A180.15747
;WIPE_END
G1 X34.911 Y-39.399 F7800
G1 A181.65747 F2400
G1 F1800
G1 X35.154 Y-39.155 A181.66626
G1 X35.349 Y-39.425 A181.67476
G1 X35.214 Y-39.56 A181.67963
G1 X35.412 Y-39.826 A181.6881
G1 X35.544 Y-39.695 A181.69285
G1 X35.738 Y-39.965 A181.70134
G1 X35.61 Y-40.093 A181.70596
G1 X35.808 Y-40.36 A181.71445
G1 X35.933 Y-40.235 A181.71896
G1 X36.128 Y-40.505 A181.72746
G1 X36.006 Y-40.627 A181.73187
G1 X36.204 Y-40.893 A181.74034
G1 X36.322 Y-40.775 A181.7446
G1 X36.517 Y-41.045 A181.7531
G1 X36.402 Y-41.16 A181.75725
G1 X36.6 Y-41.427 A181.76574
G1 X36.712 Y-41.315 A181.76978
G1 X36.907 Y-41.585 A181.77828
G1 X36.797 Y-41.694 A181.78223
G1 X36.995 Y-41.96 A181.7907
G1 X37.101 Y-41.855 A181.79451
G1 X37.296 Y-42.124 A181.80299
G1 X37.193 Y-42.227 A181.80671
G1 X37.391 Y-42.494 A181.8152
G1 X37.491 Y-42.394 A181.81881
G1 X37.685 Y-42.664 A181.8273
G1 X37.589 Y-42.761 A181.83078
G1 X37.787 Y-43.027 A181.83925
G1 X37.88 Y-42.934 A181.84261
G1 X38.075 Y-43.204 A181.85111
G1 X37.985 Y-43.294 A181.85436
G1 X38.183 Y-43.561 A181.86285
G1 X38.269 Y-43.474 A181.86597
G1 X38.464 Y-43.744 A181.87447
G1 X38.38 Y-43.828 A181.8775
G1 X38.578 Y-44.094 A181.88597
G1 X38.659 Y-44.014 A181.88888
G1 X38.853 Y-44.284 A181.89737
G1 X38.776 Y-44.361 A181.90015
G1 X38.974 Y-44.628 A181.90864
G1 X39.048 Y-44.554 A181.91131
G1 X39.243 Y-44.823 A181.91979
G1 X39.172 Y-44.895 A181.92237
G1 X39.37 Y-45.161 A181.93084
G1 X39.439 Y-45.093 A181.93331
G1 X39.634 Y-45.362 A181.94179
G1 X39.568 Y-45.428 A181.94417
G1 X39.766 Y-45.695 A181.95266
G1 X39.829 Y-45.632 A181.95493
G1 X40.024 Y-45.901 A181.96341
G1 X39.964 Y-45.962 A181.96559
G1 X40.161 Y-46.228 A181.97404
G1 X40.219 Y-46.171 A181.97612
G1 X40.414 Y-46.44 A181.9846
G1 X40.359 Y-46.495 A181.98659
G1 X40.557 Y-46.762 A181.99508
G1 X40.609 Y-46.71 A181.99696
G1 X40.804 Y-46.98 A182.00546
G1 X40.755 Y-47.028 A182.00721
G1 X40.953 Y-47.295 A182.0157
G1 X40.999 Y-47.249 A182.01736
G1 X41.194 Y-47.519 A182.02586
G1 X41.151 Y-47.562 A182.02741
G1 X41.349 Y-47.829 A182.0359
G1 X41.389 Y-47.788 A182.03736
G1 X41.584 Y-48.058 A182.04586
G1 X41.547 Y-48.095 A182.0472
G1 X43.941 Y-51.277 A182.14888
G1 X44.034 Y-51.648 A182.15865
G1 X44.181 Y-51.502 A182.16394
G1 X44.376 Y-51.771 A182.17242
G1 X44.225 Y-51.922 A182.17787
G1 X44.328 Y-52.061 A182.18229
G1 X44.521 Y-52.09 A182.18727
G1 X44.677 Y-51.935 A182.19289
G1 A181.89289 F2400
;WIPE_START
G1 F6240
G1 X44.521 Y-52.09 A181.81254
G1 X44.328 Y-52.061 A181.74123
G1 X44.225 Y-51.922 A181.67802
G1 X44.376 Y-51.771 A181.59999
G1 X44.181 Y-51.502 A181.47859
G1 X44.034 Y-51.648 A181.40289
G1 X43.941 Y-51.277 A181.26314
G1 X43.003 Y-50.03 A180.69289
;WIPE_END
G1 X43.088 Y-56.881 F7800
G1 A182.19289 F2400
;TYPE:Support material
;WIDTH:0.45
G1 F1800
G1 X44.841 Y-55.607 A182.26624
G1 X44.918 Y-55.121 A182.2829
G1 X50.483 Y-55.956 A182.47338
G1 X46.461 Y-50.554 A182.70135
G1 X46.379 Y-50.228 A182.71273
G1 X38.587 Y-39.724 A183.15542
G1 X38.836 Y-39.542 A183.16586
G1 X35.561 Y-35.061 A183.35373
G1 X35.265 Y-35.278 A183.36615
G1 X35.005 Y-34.927 A183.38094
G1 X33.026 Y-36.355 A183.46355
G1 X32.872 Y-35.718 A183.48573
G1 X15.895 Y-12.437 A184.46104
G1 X15.759 Y-11.875 A184.48061
G1 X9.685 Y-3.52 A184.83025
G1 X8.375 Y-4.773 A184.89161
G1 X6.815 Y-5.799 A184.95481
G1 X5.054 Y-6.532 A185.01938
G1 X3.997 Y-6.806 A185.05634
G1 X2.862 Y-6.952 A185.09507
G1 X10.007 Y-16.713 A185.50453
G1 X12.363 Y-19.621 A185.63121
G1 X12.494 Y-20.099 A185.64799
G1 X19.522 Y-29.712 A186.05106
G1 X23.979 Y-35.467 A186.29745
G1 X24.108 Y-35.959 A186.31467
G1 X29.048 Y-42.724 A186.59821
G1 X35.174 Y-50.746 A186.93987
G1 X35.304 Y-51.253 A186.95759
G1 X40.707 Y-58.619 A187.2668
G1 X43.039 Y-56.917 A187.36452
G1 X44.112 Y-52.422 F7800
G1 F1800
G1 X44.756 Y-52.519 A187.38656
G1 X45.175 Y-52.212 A187.40414
G1 X44.349 Y-51.07 A187.45185
G1 X44.162 Y-50.956 A187.45926
G1 X35.167 Y-38.507 A187.97913
G1 X34.377 Y-39.085 A188.01226
G1 X43.615 Y-51.538 A188.5371
G1 X43.623 Y-51.765 A188.54479
G1 X44.075 Y-52.373 A188.57043
G1 X49.49 Y-54.93 F7800
G1 F1800
G1 X49.49 Y-55.437 A188.58759
G1 X49.038 Y-55.369 A188.60306
G1 X49.038 Y-54.629 A188.62811
G1 X48.585 Y-54.021 A188.65377
G1 X48.585 Y-55.301 A188.6971
G1 X48.133 Y-55.233 A188.71257
G1 X48.133 Y-53.414 A188.77414
G1 X47.681 Y-52.806 A188.79978
G1 X47.681 Y-55.166 A188.87966
G1 X47.228 Y-55.098 A188.89517
G1 X47.228 Y-52.198 A188.99333
G1 X46.776 Y-51.591 A189.01895
G1 X46.776 Y-55.03 A189.13536
G1 X46.324 Y-54.962 A189.15083
G1 X46.324 Y-50.983 A189.28551
G1 X45.872 Y-50.159 A189.31732
G1 X45.872 Y-54.894 A189.47759
G1 X45.419 Y-54.826 A189.4931
G1 X45.419 Y-52.487 A189.57227
G1 X44.967 Y-52.819 A189.59125
G1 X44.967 Y-54.758 A189.65688
G1 X44.612 Y-54.705 A189.66903
G1 X44.515 Y-55.324 A189.69024
G1 X44.515 Y-52.853 A189.77388
G1 X44.062 Y-52.785 A189.78939
G1 X44.062 Y-55.721 A189.88877
G1 X43.61 Y-56.05 A189.90769
G1 X43.61 Y-52.362 A190.03252
G1 X43.238 Y-51.862 A190.05361
G1 X43.265 Y-51.681 A190.0598
G1 X43.158 Y-51.537 A190.06587
G1 X43.158 Y-56.378 A190.22973
G1 X42.705 Y-56.707 A190.24868
G1 X42.705 Y-50.93 A190.44422
G1 X42.253 Y-50.322 A190.46986
G1 X42.253 Y-57.037 A190.69715
G1 X41.801 Y-57.367 A190.71609
G1 X41.801 Y-49.715 A190.9751
G1 X41.348 Y-49.1 A191.00095
G1 X41.348 Y-57.697 A191.29195
G1 X40.896 Y-58.027 A191.31089
G1 X40.896 Y-48.487 A191.63381
G1 X40.444 Y-47.877 A191.65951
G1 X40.444 Y-57.644 A191.99011
G1 X39.992 Y-57.029 A192.01594
G1 X39.992 Y-47.268 A192.34634
G1 X39.539 Y-46.658 A192.37206
G1 X39.539 Y-56.414 A192.70229
G1 X39.087 Y-55.806 A192.72793
G1 X39.087 Y-46.048 A193.05823
G1 X38.635 Y-45.438 A193.08393
G1 X38.635 Y-55.199 A193.41433
G1 X38.182 Y-54.578 A193.44035
G1 X38.182 Y-44.829 A193.77034
G1 X37.73 Y-44.219 A193.79604
G1 X37.73 Y-53.958 A194.12569
G1 X37.278 Y-53.337 A194.15169
G1 X37.278 Y-43.609 A194.48097
G1 X36.825 Y-43 A194.50666
G1 X36.825 Y-52.717 A194.83557
G1 X36.373 Y-52.097 A194.86154
G1 X36.373 Y-42.39 A195.19011
G1 X35.921 Y-41.78 A195.21581
G1 X35.921 Y-51.477 A195.54404
G1 X35.642 Y-51.094 A195.56008
G1 X35.468 Y-50.528 A195.58012
G1 X35.468 Y-41.171 A195.89684
G1 X35.016 Y-40.561 A195.92254
G1 X35.016 Y-49.935 A196.23984
G1 X34.564 Y-49.342 A196.26508
G1 X34.564 Y-39.644 A196.59335
G1 A196.29335 F2400
;WIPE_START
G1 F6240
G1 X34.564 Y-42.928 A195.09335
;WIPE_END
G1 X45.419 Y-49.245 F7800
G1 A196.59335 F2400
G1 F1800
G1 X45.419 Y-51.924 A196.68403
G1 X44.967 Y-51.299 A196.71014
G1 X44.967 Y-48.944 A196.78985
G1 X44.515 Y-48.336 A196.81549
G1 X44.515 Y-50.742 A196.89693
G1 X44.062 Y-50.193 A196.92102
G1 X44.062 Y-47.727 A197.00449
G1 X43.61 Y-47.111 A197.03035
G1 X43.61 Y-49.569 A197.11355
G1 X43.158 Y-48.944 A197.13966
G1 X43.158 Y-46.5 A197.22239
G1 X42.705 Y-45.891 A197.24808
G1 X42.705 Y-48.318 A197.33023
G1 X42.253 Y-47.693 A197.35634
G1 X42.253 Y-45.281 A197.43798
G1 X41.801 Y-44.671 A197.46368
G1 X41.801 Y-47.068 A197.54482
G1 X41.348 Y-46.443 A197.57095
G1 X41.348 Y-44.062 A197.65154
G1 X40.896 Y-43.452 A197.67724
G1 X40.896 Y-45.818 A197.75733
G1 X40.444 Y-45.193 A197.78344
G1 X40.444 Y-42.842 A197.86302
G1 X39.992 Y-42.232 A197.88872
G1 X39.992 Y-44.568 A197.96779
G1 X39.539 Y-43.943 A197.99392
G1 X39.539 Y-41.623 A198.07245
G1 X39.087 Y-41.013 A198.09815
G1 X39.087 Y-43.316 A198.1761
G1 X38.635 Y-42.689 A198.20226
G1 X38.635 Y-40.096 A198.29003
G1 X38.182 Y-38.958 F7800
G1 F1800
G1 X38.182 Y-42.062 A198.3951
G1 X37.73 Y-41.434 A198.42129
G1 X37.73 Y-38.649 A198.51556
G1 X37.278 Y-38.03 A198.5415
G1 X37.278 Y-40.807 A198.6355
G1 X36.825 Y-40.18 A198.66168
G1 X36.825 Y-37.412 A198.75537
G1 X36.373 Y-36.793 A198.78131
G1 X36.373 Y-39.553 A198.87473
G1 X35.921 Y-38.926 A198.90089
G1 X35.921 Y-36.174 A198.99404
G1 X35.482 Y-35.573 A199.01923
G1 X35.468 Y-38.299 A199.1115
G1 X35.249 Y-37.994 A199.12421
G1 X35.016 Y-38.164 A199.13397
G1 X35.016 Y-35.557 A199.22221
G1 X34.926 Y-35.436 A199.22731
G1 X34.564 Y-35.698 A199.24244
G1 X34.564 Y-38.722 A199.3448
G1 X34.111 Y-35.798 F7800
G1 F1800
G1 X34.111 Y-48.75 A199.78321
G1 X33.659 Y-48.155 A199.8085
G1 X33.659 Y-36.35 A200.20809
G1 X33.207 Y-36.676 A200.22695
G1 X33.207 Y-47.551 A200.59506
G1 X32.755 Y-46.956 A200.62035
G1 X32.755 Y-36.791 A200.96442
G1 X32.533 Y-35.875 A200.99632
G1 X32.302 Y-35.558 A201.0096
G1 X32.302 Y-46.366 A201.37544
G1 X31.85 Y-45.776 A201.4006
G1 X31.85 Y-34.937 A201.76749
G1 X31.398 Y-34.316 A201.79349
G1 X31.398 Y-45.186 A202.16143
G1 X30.945 Y-44.596 A202.18661
G1 X30.945 Y-33.695 A202.5556
G1 X30.493 Y-33.074 A202.5816
G1 X30.493 Y-44.007 A202.95167
G1 X30.041 Y-43.417 A202.97683
G1 X30.041 Y-32.453 A203.34795
G1 X29.588 Y-31.835 A203.37389
G1 X29.588 Y-42.827 A203.74596
G1 X29.136 Y-42.224 A203.77147
G1 X29.136 Y-31.217 A204.14404
G1 X28.684 Y-30.596 A204.17004
G1 X28.684 Y-41.604 A204.54265
G1 X28.231 Y-40.984 A204.56864
G1 X28.231 Y-29.975 A204.94128
G1 X27.779 Y-29.354 A204.96728
G1 X27.779 Y-40.364 A205.33996
G1 X27.327 Y-39.745 A205.3659
G1 X27.327 Y-28.734 A205.73861
G1 X26.875 Y-28.113 A205.76461
G1 X26.875 Y-39.126 A206.13739
G1 X26.422 Y-38.506 A206.16338
G1 X26.422 Y-27.492 A206.53619
G1 X25.97 Y-26.871 A206.56219
G1 X25.97 Y-37.886 A206.93503
G1 X25.518 Y-37.267 A206.96097
G1 X25.518 Y-26.25 A207.33388
G1 X25.065 Y-25.629 A207.3599
G1 X25.065 Y-36.647 A207.73285
G1 X24.613 Y-36.029 A207.75877
G1 X24.613 Y-25.01 A208.13175
G1 X24.161 Y-24.392 A208.15767
G1 X24.161 Y-35.103 A208.52022
G1 X23.708 Y-34.518 A208.54526
G1 X23.708 Y-23.773 A208.90897
G1 X23.256 Y-23.152 A208.93497
G1 X23.256 Y-33.933 A209.29989
G1 X22.804 Y-33.34 A209.32513
G1 X22.804 Y-22.531 A209.691
G1 X22.351 Y-21.91 A209.71702
G1 X22.351 Y-32.744 A210.08374
G1 X21.899 Y-32.148 A210.10906
G1 X21.899 Y-21.29 A210.47659
G1 X21.447 Y-20.669 A210.50259
G1 X21.447 Y-31.569 A210.87154
G1 X20.994 Y-30.993 A210.89634
G1 X20.994 Y-20.048 A211.26682
G1 X20.542 Y-19.427 A211.29282
G1 X20.542 Y-30.417 A211.66482
G1 X20.09 Y-29.841 A211.6896
G1 X20.09 Y-18.809 A212.06302
G1 X19.638 Y-18.191 A212.08894
G1 X19.638 Y-29.248 A212.46321
G1 X19.185 Y-28.629 A212.48917
G1 X19.185 Y-17.571 A212.86347
G1 X18.733 Y-16.95 A212.88947
G1 X18.733 Y-28.01 A213.26384
G1 X18.281 Y-27.391 A213.28978
G1 X18.281 Y-16.329 A213.66422
G1 X17.828 Y-15.709 A213.69021
G1 X17.828 Y-26.772 A214.06468
G1 X17.376 Y-26.154 A214.0906
G1 X17.376 Y-15.091 A214.46507
G1 X16.924 Y-14.47 A214.49107
G1 X16.924 Y-25.535 A214.86561
G1 X16.471 Y-24.916 A214.89157
G1 X16.471 Y-13.849 A215.26617
G1 X16.019 Y-13.228 A215.29217
G1 X16.019 Y-24.297 A215.66684
G1 X15.567 Y-23.679 A215.69276
G1 X15.567 Y-12.609 A216.06747
G1 X15.42 Y-12.032 A216.08762
G1 X15.114 Y-11.61 A216.10526
G1 X15.114 Y-23.061 A216.49286
G1 X14.662 Y-22.443 A216.51878
G1 X14.662 Y-10.986 A216.90659
G1 X14.21 Y-10.362 A216.93267
G1 X14.21 Y-21.824 A217.32065
G1 X13.758 Y-21.205 A217.34659
G1 X13.758 Y-9.738 A217.73473
G1 X13.62 Y-9.548 A217.74268
G1 X13.305 Y-9.116 A217.76078
G1 X13.305 Y-20.587 A218.14906
G1 X12.853 Y-19.969 A218.17498
G1 X12.853 Y-8.494 A218.5634
G1 X12.401 Y-7.873 A218.5894
G1 X12.401 Y-19.085 A218.96891
G1 X11.948 Y-18.527 A218.99324
G1 X11.948 Y-7.252 A219.37489
G1 X11.496 Y-6.63 A219.40092
G1 X11.496 Y-17.968 A219.7847
G1 X11.044 Y-17.41 A219.80901
G1 X11.044 Y-6.009 A220.19492
G1 X10.591 Y-5.387 A220.22097
G1 X10.591 Y-16.846 A220.60884
G1 X10.139 Y-16.273 A220.63354
G1 X10.139 Y-4.766 A221.02304
G1 X9.687 Y-4.145 A221.04904
G1 X9.687 Y-15.655 A221.43864
G1 X9.234 Y-15.036 A221.4646
G1 X9.234 Y-4.486 A221.8217
G1 X8.782 Y-4.907 A221.84261
G1 X8.782 Y-14.418 A222.16455
G1 X8.33 Y-13.8 A222.19047
G1 X8.33 Y-5.26 A222.47954
G1 X7.877 Y-5.566 A222.49804
G1 X7.877 Y-13.182 A222.75583
G1 X7.425 Y-12.564 A222.78175
G1 X7.425 Y-5.87 A223.00833
G1 X6.973 Y-6.129 A223.02596
G1 X6.973 Y-11.946 A223.22286
G1 X6.521 Y-11.328 A223.24878
G1 X6.521 Y-6.339 A223.41765
G1 X6.068 Y-6.543 A223.43447
G1 X6.068 Y-10.71 A223.57552
G1 X5.616 Y-10.092 A223.60144
G1 X5.616 Y-6.737 A223.715
G1 X5.164 Y-6.882 A223.73107
G1 X5.164 Y-9.475 A223.81884
G1 X4.711 Y-8.857 A223.84478
G1 X4.711 Y-7 A223.90764
G1 X4.259 Y-7.118 A223.92345
G1 X4.259 Y-8.239 A223.96139
G1 X3.807 Y-7.621 A223.98731
G1 X3.807 Y-7.023 A224.00755
G1 A223.70755 F2400
;WIPE_START
G1 F6240
G1 X3.807 Y-7.621 A223.48905
G1 X4.259 Y-8.239 A223.20929
G1 X4.259 Y-7.118 A222.79969
G1 X4.711 Y-7 A222.629
G1 X4.711 Y-7.332 A222.50755
;WIPE_END
G1 X-.394 Y3.214 F7800
G1 A224.00755 F2400
;TYPE:Perimeter
;WIDTH:0.449999
G1 F1800
G1 X-.344 Y2.726 A224.02415
G1 X-.138 Y2.138 A224.04524
G1 X.213 Y1.624 A224.06631
G1 X.685 Y1.218 A224.08738
G1 X1.247 Y.948 A224.10848
G1 X1.821 Y.837 A224.12827
G1 X2.454 Y.876 A224.14974
G1 X2.736 Y.948 A224.15959
G1 X3.248 Y1.182 A224.17864
G1 X3.668 Y1.51 A224.19668
G1 X3.988 Y1.908 A224.21397
G1 X4.258 Y2.47 A224.23507
G1 X4.374 Y3.082 A224.25615
G1 X4.327 Y3.703 A224.27723
G1 X4.121 Y4.291 A224.29832
G1 X3.77 Y4.805 A224.31939
G1 X3.298 Y5.211 A224.34046
G1 X2.737 Y5.481 A224.36153
G1 X2.14 Y5.595 A224.3821
G1 X1.842 Y5.595 A224.39219
G1 X1.298 Y5.501 A224.41088
G1 X.809 Y5.292 A224.42888
G1 X.401 Y4.993 A224.446
G1 X.066 Y4.613 A224.46315
G1 X-.138 Y4.291 A224.47605
G1 X-.33 Y3.784 A224.4944
G1 X-.396 Y3.273 A224.51184
G1 X.02 Y3.214 F7800
G1 F1800
G1 X.06 Y2.779 A224.52663
G1 X.238 Y2.294 A224.54412
G1 X.536 Y1.872 A224.56161
G1 X.933 Y1.541 A224.57911
G1 X1.403 Y1.324 A224.59663
G1 X1.903 Y1.238 A224.6138
G1 X2.411 Y1.281 A224.63106
G1 X2.912 Y1.461 A224.64908
G1 X3.335 Y1.759 A224.66659
G1 X3.665 Y2.156 A224.68406
G1 X3.882 Y2.625 A224.70155
G1 X3.97 Y3.135 A224.71907
G1 X3.924 Y3.65 A224.73657
G1 X3.745 Y4.135 A224.75407
G1 X3.447 Y4.557 A224.77156
G1 X3.05 Y4.888 A224.78906
G1 X2.581 Y5.105 A224.80655
G1 X2.086 Y5.191 A224.82356
G1 X1.557 Y5.146 A224.84153
G1 X1.071 Y4.968 A224.85905
G1 X.649 Y4.67 A224.87654
G1 X.318 Y4.273 A224.89404
G1 X.101 Y3.804 A224.91153
G1 X.013 Y3.294 A224.92905
G1 X.015 Y3.274 A224.92973
G1 X.42 Y3.215 F7800
;TYPE:External perimeter
G1 F1800
G1 X.416 Y3.188 A224.93065
G1 X.463 Y2.832 A224.9428
G1 X.641 Y2.404 A224.95849
G1 X.967 Y2.028 A224.97533
G1 X1.227 Y1.837 A224.98625
G1 X1.637 Y1.682 A225.00109
G1 X1.975 Y1.644 A225.0126
G1 X2.425 Y1.7 A225.02795
G1 X2.802 Y1.864 A225.04187
G1 X3.124 Y2.119 A225.05577
G1 X3.369 Y2.45 A225.06971
G1 X3.52 Y2.832 A225.08361
G1 X3.567 Y3.241 A225.09755
G1 X3.506 Y3.648 A225.11148
G1 X3.295 Y4.087 A225.12797
G1 X3.087 Y4.347 A225.13924
G1 X2.694 Y4.618 A225.1554
G1 X2.374 Y4.743 A225.16703
G1 X1.949 Y4.787 A225.18149
G1 X1.558 Y4.729 A225.19487
G1 X1.181 Y4.565 A225.20879
G1 X.859 Y4.309 A225.22271
G1 X.614 Y3.979 A225.23662
G1 X.463 Y3.596 A225.25056
G1 X.426 Y3.274 A225.26153
G1 A224.96153 F2400
;WIPE_START
G1 F6240
G1 X.42 Y3.215 A224.93986
G1 X.416 Y3.188 A224.92989
G1 X.463 Y2.832 A224.79868
G1 X.641 Y2.404 A224.62931
G1 X.967 Y2.028 A224.44748
G1 X1.227 Y1.837 A224.3296
G1 X1.637 Y1.682 A224.16944
G1 X1.975 Y1.644 A224.04516
G1 X2.425 Y1.7 A223.87947
G1 X2.721 Y1.828 A223.76153
;WIPE_END
G1 X6.222 Y5.386 F7800
G1 A225.26153 F2400
;TYPE:Perimeter
G1 F1800
G1 X5.841 Y6.009 A225.28625
G1 X5.283 Y6.649 A225.31499
G1 X4.655 Y7.155 A225.34229
G1 X3.949 Y7.55 A225.36967
G1 X3.188 Y7.818 A225.39698
G1 X2.395 Y7.954 A225.42421
G1 X1.587 Y7.954 A225.45156
G1 X.797 Y7.819 A225.47869
G1 X.037 Y7.551 A225.50597
G1 X-.672 Y7.155 A225.53346
G1 X-1.303 Y6.646 A225.5609
G1 X-1.833 Y6.043 A225.58807
G1 X-2.257 Y5.354 A225.61545
G1 X-2.56 Y4.596 A225.64308
G1 X-2.727 Y3.82 A225.66995
G1 X-2.761 Y3.018 A225.69712
G1 X-2.658 Y2.213 A225.72459
G1 X-2.416 Y1.429 A225.75236
G1 X-2.06 Y.722 A225.77915
G1 X-1.584 Y.078 A225.80626
G1 X-1 Y-.484 A225.83369
G1 X-.334 Y-.935 A225.86092
G1 X.467 Y-1.291 A225.89059
G1 X1.18 Y-1.473 A225.9155
G1 X2.007 Y-1.541 A225.94359
G1 X2.798 Y-1.473 A225.97046
G1 X3.576 Y-1.271 A225.99767
G1 X4.303 Y-.942 A226.02468
G1 X4.985 Y-.483 A226.05251
G1 X5.573 Y.084 A226.08016
G1 X6.039 Y.714 A226.10668
G1 X6.36 Y1.351 A226.13082
G1 X6.537 Y1.873 A226.14948
G1 X6.669 Y2.423 A226.16863
G1 X6.74 Y3.114 A226.19214
G1 X6.71 Y3.817 A226.21596
G1 X6.533 Y4.628 A226.24406
G1 X6.248 Y5.333 A226.2698
G1 X6.591 Y5.563 F7800
G1 F1800
G1 X6.17 Y6.251 A226.2971
G1 X5.566 Y6.943 A226.32819
G1 X4.884 Y7.494 A226.35787
G1 X4.117 Y7.922 A226.3876
G1 X3.291 Y8.214 A226.41725
G1 X2.43 Y8.361 A226.44682
G1 X1.553 Y8.361 A226.47651
G1 X.695 Y8.214 A226.50598
G1 X-.132 Y7.923 A226.53566
G1 X-.901 Y7.494 A226.56547
G1 X-1.586 Y6.941 A226.59527
G1 X-2.161 Y6.286 A226.62477
G1 X-2.622 Y5.537 A226.65454
G1 X-2.951 Y4.715 A226.68451
G1 X-3.132 Y3.872 A226.71369
G1 X-3.169 Y3.001 A226.7432
G1 X-3.057 Y2.127 A226.77303
G1 X-2.795 Y1.276 A226.80317
G1 X-2.408 Y.508 A226.83228
G1 X-1.891 Y-.191 A226.86171
G1 X-1.257 Y-.802 A226.89151
G1 X-.532 Y-1.292 A226.92113
G1 X.333 Y-1.677 A226.95318
G1 X1.113 Y-1.876 A226.98043
G1 X2.008 Y-1.949 A227.01083
G1 X2.867 Y-1.876 A227.04001
G1 X3.712 Y-1.656 A227.06957
G1 X4.503 Y-1.299 A227.09894
G1 X5.242 Y-.8 A227.12912
G1 X5.88 Y-.186 A227.15909
G1 X6.387 Y.5 A227.18796
G1 X6.784 Y1.289 A227.21786
G1 X7.002 Y2 A227.24303
G1 X7.073 Y2.371 A227.25582
G1 X7.147 Y3.131 A227.28167
G1 X7.115 Y3.869 A227.30667
G1 X6.923 Y4.748 A227.33712
G1 X6.616 Y5.509 A227.3649
G1 X6.96 Y5.74 F7800
;TYPE:External perimeter
G1 F1800
G1 X6.5 Y6.493 A227.39477
G1 X5.849 Y7.237 A227.42823
G1 X5.112 Y7.832 A227.46029
G1 X4.286 Y8.294 A227.49233
G1 X3.394 Y8.609 A227.52435
G1 X2.464 Y8.768 A227.55629
G1 X1.518 Y8.768 A227.58831
G1 X.592 Y8.61 A227.62011
G1 X-.3 Y8.296 A227.65212
G1 X-1.129 Y7.832 A227.68428
G1 X-1.868 Y7.235 A227.71644
G1 X-2.49 Y6.529 A227.74829
G1 X-2.987 Y5.721 A227.7804
G1 X-3.341 Y4.834 A227.81273
G1 X-3.537 Y3.924 A227.84424
G1 X-3.578 Y2.984 A227.87609
G1 X-3.457 Y2.04 A227.9083
G1 X-3.174 Y1.124 A227.94075
G1 X-2.756 Y.294 A227.97221
G1 X-2.198 Y-.461 A228.00399
G1 X-1.514 Y-1.119 A228.03612
G1 X-.731 Y-1.649 A228.06812
G1 X.2 Y-2.063 A228.10261
G1 X1.045 Y-2.278 A228.13212
G1 X2.008 Y-2.358 A228.16483
G1 X2.936 Y-2.279 A228.19636
G1 X3.848 Y-2.041 A228.22826
G1 X4.702 Y-1.656 A228.25997
G1 X5.499 Y-1.118 A228.29252
G1 X6.187 Y-.455 A228.32486
G1 X6.735 Y.286 A228.35606
G1 X7.163 Y1.136 A228.38827
G1 X7.391 Y1.881 A228.41464
G1 X7.476 Y2.319 A228.42974
G1 X7.553 Y3.149 A228.45796
G1 X7.52 Y3.922 A228.48415
G1 X7.313 Y4.869 A228.51696
G1 X6.984 Y5.685 A228.54674
G1 A228.24674 F2400
;WIPE_START
G1 F6240
G1 X6.96 Y5.74 A228.22481
G1 X6.5 Y6.493 A227.9024
G1 X5.849 Y7.237 A227.54118
G1 X5.112 Y7.832 A227.19509
G1 X4.757 Y8.03 A227.04674
;WIPE_END
G1 X4.184 Y-.862 F7800
G1 A228.54674 F2400
;TYPE:Solid infill
;WIDTH:0.465551
G1 F1800
G1 X5.373 Y.326 A228.60581
G1 X5.778 Y.875 A228.62978
G1 X6.121 Y1.555 A228.65654
G1 X6.172 Y1.724 A228.66274
G1 X3.464 Y-.984 A228.79732
G1 X2.673 Y-1.177 A228.82593
G1 X6.374 Y2.523 A229.00984
G1 X6.438 Y3.026 A229.02766
G1 X6.432 Y3.178 A229.03301
G1 X2.03 Y-1.223 A229.25176
G1 X1.469 Y-1.186 A229.27152
G1 X6.407 Y3.752 A229.51693
G1 X6.304 Y4.246 A229.53466
G1 X4.594 Y2.537 A229.61962
G1 X4.585 Y2.474 A229.62186
G1 X4.401 Y2.016 A229.63921
G1 X4.248 Y1.745 A229.65015
G1 X3.882 Y1.291 A229.67064
G1 X3.481 Y.973 A229.68863
G1 X3.309 Y.861 A229.69584
G1 X2.842 Y.661 A229.71369
G1 X2.676 Y.618 A229.71972
G1 X.957 Y-1.101 A229.80515
G1 X.492 Y-.968 A229.82215
G1 X1.988 Y.527 A229.89647
G1 X1.846 Y.527 A229.90146
G1 X1.448 Y.585 A229.91559
G1 X.078 Y-.784 A229.98365
G1 X-.185 Y-.667 A229.99377
G1 X-.314 Y-.579 A229.99926
G1 X.993 Y.728 A230.06422
G1 X.765 Y.817 A230.07282
G1 X.584 Y.917 A230.08009
G1 X-.671 Y-.338 A230.14246
G1 X-.807 Y-.246 A230.14823
G1 X-.995 Y-.065 A230.1574
G1 X.247 Y1.177 A230.21913
G1 X.102 Y1.29 A230.22559
G1 X-.048 Y1.48 A230.2341
G1 X-1.3 Y.228 A230.29632
G1 X-1.563 Y.563 A230.31129
G1 X-.312 Y1.814 A230.37346
G1 X-.499 Y2.225 A230.38933
G1 X-1.813 Y.911 A230.45463
G1 X-2.013 Y1.308 A230.47025
G1 X-.644 Y2.677 A230.53829
G1 X-.702 Y3.217 A230.55738
G1 X-2.336 Y1.583 A230.63859
G1 A230.33859 F2400
;WIPE_START
G1 F6240
G1 X-.702 Y3.217 A229.49425
G1 X-.644 Y2.677 A229.29581
G1 X-.948 Y2.373 A229.13859
;WIPE_END
G1 X4.485 Y3.024 F7800
G1 A230.63859 F2400
G1 F1800
G1 X6.17 Y4.71 A230.72236
G1 X5.998 Y5.136 A230.7385
G1 X4.625 Y3.763 A230.80674
G1 X4.547 Y4.061 A230.81757
G1 X4.479 Y4.214 A230.82345
G1 X5.783 Y5.518 A230.88826
G1 X5.548 Y5.881 A230.90346
G1 X4.288 Y4.621 A230.96608
G1 X4.031 Y4.961 A230.98106
G1 X5.269 Y6.2 A231.04261
G1 X5.07 Y6.428 A231.05325
G1 X4.976 Y6.504 A231.0575
G1 X3.733 Y5.262 A231.11925
G1 X3.387 Y5.513 A231.13427
G1 X4.645 Y6.771 A231.19679
G1 X4.483 Y6.902 A231.20411
G1 X4.287 Y7.011 A231.21199
G1 X2.981 Y5.705 A231.2769
G1 X2.674 Y5.824 A231.28847
G1 X2.522 Y5.843 A231.29385
G1 X3.904 Y7.225 A231.36253
G1 X3.823 Y7.27 A231.36579
G1 X3.474 Y7.393 A231.37879
G1 X1.784 Y5.703 A231.46278
G1 A231.16278 F2400
;WIPE_START
G1 F6240
G1 X3.474 Y7.393 A230.2895
G1 X3.823 Y7.27 A230.15429
G1 X3.904 Y7.225 A230.12043
G1 X3.599 Y6.92 A229.96278
;WIPE_END
G1 X3.176 Y7.693 F7800
G1 A231.46278 F2400
G1 F1800
G1 X1.295 Y5.812 A231.55626
G1 X1.134 Y5.765 A231.56215
G1 X.658 Y5.559 A231.58038
G1 X.115 Y5.151 A231.60425
G1 X-.251 Y4.703 A231.62458
G1 X-.417 Y4.414 A231.63629
G1 X-.611 Y3.906 A231.6554
G1 X-2.33 Y2.186 A231.74086
G1 X-2.359 Y2.278 A231.74425
G1 X-2.413 Y2.702 A231.75927
G1 X2.51 Y7.625 A232.00393
G1 X2.369 Y7.649 A232.00896
G1 X1.937 Y7.649 A232.02414
G1 X-2.445 Y3.267 A232.24192
G1 X-2.423 Y3.781 A232.26
G1 X-2.394 Y3.916 A232.26485
G1 X1.282 Y7.592 A232.44754
G1 X.874 Y7.522 A232.46209
G1 X.474 Y7.381 A232.47699
G1 X-2.177 Y4.73 A232.60874
G1 X-1.983 Y5.216 A232.62713
G1 X-1.586 Y5.861 A232.65375
G1 X-1.163 Y6.342 A232.67626
G1 X-.26 Y7.245 A232.72114
;LAYER_CHANGE
;Z:0.3
;HEIGHT:0.1
G1 A232.42114 F2400
;WIPE_START
G1 F6240
G1 X-1.163 Y6.342 A231.95453
G1 X-1.586 Y5.861 A231.72049
G1 X-1.983 Y5.216 A231.44375
G1 X-2.177 Y4.73 A231.25255
G1 X-2.116 Y4.791 A231.22114
;WIPE_END
G1 Z.3 F7800
G1 X6.852 Y6.765
G1 A232.72114 F2400
;TYPE:External perimeter
;WIDTH:0.36146
G1 F900
G1 X7.03 Y6.823 A232.72379
;TYPE:Overhang perimeter
;WIDTH:0.4
;HEIGHT:0.4
G1 X13.019 Y8.766 A233.05274
G1 A232.75274 F2400
;WIPE_START
G1 F6240
G1 X9.895 Y7.753 A231.55274
;WIPE_END
G1 X-.222 Y3.214 F7800
G1 A233.05274 F2400
;TYPE:Perimeter
;WIDTH:0.449999
;HEIGHT:0.1
G1 F900
G1 X-.192 Y2.774 A233.0606
G1 X-.015 Y2.252 A233.07042
G1 X.306 Y1.762 A233.08086
G1 X.592 Y1.487 A233.08793
G1 X1.001 Y1.219 A233.09664
G1 X1.35 Y1.078 A233.10335
G1 X1.871 Y.99 A233.11276
G1 X2.407 Y1.028 A233.12233
G1 X2.702 Y1.103 A233.12775
G1 X3.171 Y1.321 A233.13696
G1 X3.641 Y1.714 A233.14788
G1 X3.954 Y2.152 A233.15747
G1 X4.165 Y2.712 A233.16813
G1 X4.223 Y3.26 A233.17795
G1 X4.131 Y3.849 A233.18857
G1 X3.926 Y4.321 A233.19774
G1 X3.613 Y4.748 A233.20717
G1 X3.224 Y5.07 A233.21617
G1 X2.702 Y5.326 A233.22653
G1 X2.132 Y5.437 A233.23688
G1 X1.551 Y5.398 A233.24725
G1 X1.001 Y5.21 A233.25761
G1 X.519 Y4.885 A233.26797
G1 X.136 Y4.447 A233.27834
G1 X-.119 Y3.925 A233.28869
G1 X-.231 Y3.354 A233.29906
G1 X-.226 Y3.274 A233.30049
G1 X.201 Y3.215 F7800
G1 F900
G1 X.194 Y3.131 A233.30199
G1 X.277 Y2.668 A233.31037
G1 X.456 Y2.283 A233.31793
G1 X.779 Y1.884 A233.32708
G1 X1.165 Y1.615 A233.33546
G1 X1.486 Y1.484 A233.34164
G1 X2.016 Y1.417 A233.35116
G1 X2.525 Y1.494 A233.36033
G1 X2.963 Y1.699 A233.36895
G1 X3.322 Y2.002 A233.37732
G1 X3.591 Y2.388 A233.3857
G1 X3.75 Y2.83 A233.39407
G1 X3.79 Y3.298 A233.40244
G1 X3.707 Y3.761 A233.41082
G1 X3.528 Y4.146 A233.41838
G1 X3.204 Y4.545 A233.42754
G1 X2.784 Y4.828 A233.43656
G1 X2.376 Y4.973 A233.44427
G1 X1.908 Y5.013 A233.45264
G1 X1.445 Y4.93 A233.46102
G1 X1.02 Y4.73 A233.46939
G1 X.661 Y4.427 A233.47776
G1 X.392 Y4.041 A233.48614
G1 X.233 Y3.599 A233.49451
G1 X.206 Y3.274 A233.50032
G1 X.622 Y3.215 F7800
;TYPE:External perimeter
G1 F900
G1 X.618 Y3.186 A233.50084
G1 X.714 Y2.732 A233.50911
G1 X.802 Y2.536 A233.51294
G1 X1.04 Y2.224 A233.51993
G1 X1.329 Y2.011 A233.52633
G1 X1.623 Y1.89 A233.53199
G1 X1.985 Y1.845 A233.53849
G1 X2.374 Y1.895 A233.54548
G1 X2.703 Y2.039 A233.55188
G1 X2.982 Y2.263 A233.55825
G1 X3.195 Y2.552 A233.56465
G1 X3.325 Y2.886 A233.57104
G1 X3.365 Y3.242 A233.57742
G1 X3.311 Y3.597 A233.58382
G1 X3.182 Y3.893 A233.58957
G1 X2.943 Y4.205 A233.59657
G1 X2.62 Y4.432 A233.6036
G1 X2.32 Y4.548 A233.60933
G1 X1.964 Y4.588 A233.61571
G1 X1.609 Y4.534 A233.62211
G1 X1.281 Y4.39 A233.62849
G1 X1.001 Y4.166 A233.63488
G1 X.788 Y3.877 A233.64128
G1 X.658 Y3.543 A233.64767
G1 X.628 Y3.274 A233.65249
G1 A233.35249 F2400
;WIPE_START
G1 F6240
G1 X.622 Y3.215 A233.33082
G1 X.618 Y3.186 A233.32012
G1 X.714 Y2.732 A233.15057
G1 X.802 Y2.536 A233.07207
G1 X1.04 Y2.224 A232.92869
G1 X1.329 Y2.011 A232.79751
G1 X1.623 Y1.89 A232.68134
G1 X1.985 Y1.845 A232.54805
G1 X2.374 Y1.895 A232.40475
G1 X2.703 Y2.039 A232.27353
G1 X2.962 Y2.247 A232.15249
;WIPE_END
G1 X.147 Y-2.515 F7800
G1 A233.65249 F2400
;WIDTH:0.36146
G1 F900
G1 X.036 Y-2.667 A233.65515
;TYPE:Overhang perimeter
;WIDTH:0.4
;HEIGHT:0.4
G1 X-3.667 Y-7.758 A233.98405
G1 A233.68405 F2400
;WIPE_START
G1 F6240
G1 X-1.735 Y-5.102 A232.48405
;WIPE_END
G1 X6.86 Y-.298 F7800
G1 A233.98405 F2400
;TYPE:External perimeter
;WIDTH:0.36146
;HEIGHT:0.1
G1 F900
G1 X6.977 Y-.458 A233.98685
;TYPE:Overhang perimeter
;WIDTH:0.4
;HEIGHT:0.4
G1 X10.679 Y-5.558 A234.3161
G1 A234.0161 F2400
;WIPE_START
G1 F6240
G1 X8.75 Y-2.9 A232.8161
;WIPE_END
G1 X.117 Y8.933 F7800
G1 A234.3161 F2400
;TYPE:External perimeter
;WIDTH:0.36146
;HEIGHT:0.1
G1 F900
G1 X.117 Y9.117 A234.3187
;TYPE:Overhang perimeter
;WIDTH:0.4
;HEIGHT:0.4
G1 X.12 Y15.418 A234.6479
G1 A234.3479 F2400
;WIPE_START
G1 F6240
G1 X.118 Y12.134 A233.1479
;WIPE_END
G1 X-4.027 Y3.199 F7800
G1 A234.6479 F2400
;TYPE:External perimeter
;WIDTH:0.36146
;HEIGHT:0.1
G1 F900
G1 X-4.202 Y3.255 A234.6505
;TYPE:Overhang perimeter
;WIDTH:0.4
;HEIGHT:0.4
G1 X-10.193 Y5.205 A234.97966
G1 A234.67966 F2400
;WIPE_START
G1 F6240
G1 X-7.07 Y4.189 A233.47966
;WIPE_END
G1 X5.911 Y.27 F7800
G1 A234.97966 F2400
;TYPE:Perimeter
;WIDTH:0.449999
;HEIGHT:0.1
G1 F900
G1 X6.163 Y.612 A234.98723
G1 X6.551 Y1.382 A235.00259
G1 X6.795 Y2.178 A235.01742
G1 X6.902 Y3.025 A235.03263
G1 X6.868 Y3.825 A235.0469
G1 X6.712 Y4.547 A235.06006
G1 X6.576 Y4.938 A235.06744
G1 X6.313 Y5.542 A235.07918
G1 X5.956 Y6.13 A235.09144
G1 X5.394 Y6.76 A235.10648
G1 X4.743 Y7.286 A235.12139
G1 X4.018 Y7.691 A235.13619
G1 X3.262 Y7.96 A235.15049
G1 X2.416 Y8.11 A235.1658
G1 X1.632 Y8.113 A235.17977
G1 X1.108 Y8.03 A235.18922
G1 X.494 Y7.899 A235.20041
G1 X-.014 Y7.703 A235.21011
G1 X-.76 Y7.286 A235.22534
G1 X-1.408 Y6.762 A235.24019
G1 X-1.959 Y6.137 A235.25503
G1 X-2.409 Y5.4 A235.27041
G1 X-2.661 Y4.771 A235.28248
G1 X-2.78 Y4.313 A235.29091
G1 X-2.89 Y3.743 A235.30125
G1 X-2.93 Y3.193 A235.31108
G1 X-2.81 Y2.174 A235.32936
G1 X-2.569 Y1.385 A235.34406
G1 X-2.173 Y.608 A235.3596
G1 X-1.695 Y-.034 A235.37386
G1 X-1.07 Y-.629 A235.38923
G1 X-.527 Y-.995 A235.4009
G1 X-.054 Y-1.229 A235.4103
G1 X.515 Y-1.479 A235.42137
G1 X1.148 Y-1.628 A235.43296
G1 X1.992 Y-1.7 A235.44805
G1 X2.823 Y-1.629 A235.46291
G1 X3.613 Y-1.424 A235.47745
G1 X4.398 Y-1.07 A235.49279
G1 X4.959 Y-.692 A235.50484
G1 X5.375 Y-.325 A235.51472
G1 X5.766 Y.072 A235.52465
G1 X5.876 Y.222 A235.52796
G1 X6.285 Y.057 F7800
G1 F900
G1 X6.534 Y.397 A235.53547
G1 X6.95 Y1.222 A235.55193
G1 X7.216 Y2.088 A235.56807
G1 X7.331 Y3.008 A235.58459
G1 X7.294 Y3.879 A235.60012
G1 X7.099 Y4.787 A235.61667
G1 X6.805 Y5.513 A235.63063
G1 X6.582 Y5.925 A235.63898
G1 X6.276 Y6.415 A235.64927
G1 X5.691 Y7.071 A235.66493
G1 X4.984 Y7.642 A235.68112
G1 X4.196 Y8.083 A235.69721
G1 X3.372 Y8.376 A235.71279
G1 X2.455 Y8.538 A235.72938
G1 X1.599 Y8.542 A235.74463
G1 X.308 Y8.32 A235.76797
G1 X.284 Y8.283 A235.76876
G1 X-.198 Y8.09 A235.77801
G1 X-1.001 Y7.642 A235.79439
G1 X-1.706 Y7.073 A235.81053
G1 X-2.305 Y6.392 A235.82669
G1 X-2.793 Y5.593 A235.84337
G1 X-3.114 Y4.794 A235.85871
G1 X-3.242 Y4.206 A235.86943
G1 X-3.326 Y3.655 A235.87936
G1 X-3.357 Y3.154 A235.8883
G1 X-3.231 Y2.085 A235.90748
G1 X-2.968 Y1.223 A235.92354
G1 X-2.538 Y.381 A235.94038
G1 X-2.017 Y-.319 A235.95593
G1 X-1.339 Y-.964 A235.9726
G1 X-.767 Y-1.35 A235.98489
G1 X-.229 Y-1.62 A235.99561
G1 X.417 Y-1.896 A236.00813
G1 X1.081 Y-2.052 A236.02028
G1 X1.992 Y-2.13 A236.03657
G1 X2.895 Y-2.053 A236.05272
G1 X3.756 Y-1.83 A236.06857
G1 X4.607 Y-1.446 A236.0852
G1 X5.199 Y-1.048 A236.09791
G1 X5.669 Y-.637 A236.10903
G1 X6.097 Y-.2 A236.11993
G1 X6.25 Y.009 A236.12454
G1 X6.732 Y-.198 F7800
;TYPE:External perimeter
G1 F900
G1 X6.726 Y-.093 A236.12641
G1 X6.906 Y.182 A236.13227
G1 X7.349 Y1.062 A236.14982
G1 X7.636 Y1.998 A236.16726
G1 X7.761 Y2.99 A236.18507
G1 X7.721 Y3.934 A236.2019
G1 X7.51 Y4.914 A236.21976
G1 X7.137 Y5.836 A236.23748
G1 X6.701 Y6.557 A236.25249
G1 X6.699 Y6.666 A236.25443
G1 X6.596 Y6.7 A236.25636
G1 X5.988 Y7.383 A236.27265
G1 X5.225 Y7.998 A236.29011
G1 X4.373 Y8.475 A236.30751
G1 X3.482 Y8.792 A236.32436
G1 X2.493 Y8.967 A236.34225
G1 X1.567 Y8.97 A236.35875
G1 X.975 Y8.877 A236.36943
G1 X.301 Y8.734 A236.38171
G1 X.162 Y8.762 A236.38424
G1 X.092 Y8.667 A236.38634
G1 X-.383 Y8.478 A236.39545
G1 X-1.242 Y7.998 A236.41298
G1 X-2.004 Y7.383 A236.43043
G1 X-2.651 Y6.647 A236.44789
G1 X-3.178 Y5.786 A236.46588
G1 X-3.525 Y4.92 A236.4825
G1 X-3.734 Y3.963 A236.49995
G1 X-3.782 Y3.281 A236.51213
G1 X-3.842 Y3.189 A236.51409
G1 X-3.782 Y3.105 A236.51593
G1 X-3.653 Y1.997 A236.5358
G1 X-3.366 Y1.062 A236.55323
G1 X-2.903 Y.154 A236.57139
G1 X-2.339 Y-.604 A236.58822
G1 X-1.609 Y-1.299 A236.60618
G1 X-.849 Y-1.812 A236.62252
G1 X.116 Y-2.244 A236.64136
G1 X.213 Y-2.343 A236.64383
G1 X.319 Y-2.313 A236.64579
G1 X1.013 Y-2.476 A236.65849
G1 X1.992 Y-2.56 A236.676
G1 X2.968 Y-2.477 A236.69345
G1 X3.898 Y-2.236 A236.71057
G1 X4.816 Y-1.822 A236.72851
G1 X5.587 Y-1.302 A236.74508
G1 X6.187 Y-.737 A236.75976
G1 X6.595 Y-.269 A236.77082
G1 X6.679 Y-.225 A236.77251
G1 A236.47251 F2400
;WIPE_START
G1 F6240
G1 X6.732 Y-.198 A236.45078
G1 X6.726 Y-.093 A236.41235
G1 X6.906 Y.182 A236.29226
G1 X7.349 Y1.062 A235.93228
G1 X7.636 Y1.998 A235.57456
G1 X7.739 Y2.818 A235.27251
;WIPE_END
G1 X-.942 Y-.469 F7800
G1 A236.77251 F2400
;TYPE:Solid infill
;WIDTH:0.36146
G1 F3600
G1 X-1.534 Y.109 A236.78421
G1 X-2.036 Y.69 A236.79506
;WIDTH:0.449999
G1 X-2.233 Y1.374 A236.80774
;WIDTH:0.36146
G1 X-2.304 Y1.355 A236.80878
G1 X-2.285 Y1.426 A236.80982
G1 X-2.244 Y1.415 A236.81042
;WIDTH:0.40573
G1 X-2.149 Y1.249 A236.81348
;WIDTH:0.449999
G1 X-2.054 Y1.082 A236.8169
G1 X-.127 Y-.844 A236.86544
G1 X.038 Y-.934 A236.86879
;WIDTH:0.40573
G1 X.203 Y-1.023 A236.87179
;WIDTH:0.36146
G1 X.162 Y-1.012 A236.87239
G1 X.143 Y-1.083 A236.87343
G1 X.214 Y-1.064 A236.87447
;WIDTH:0.449999
G1 X.866 Y-1.231 A236.88646
G1 X-2.446 Y2.08 A236.9699
G1 X-2.551 Y2.165 A236.97231
;WIDTH:0.40573
G1 X-2.656 Y2.251 A236.97448
;WIDTH:0.36146
G1 X-2.689 Y2.492 A236.97792
;WIDTH:0.449999
G1 X-2.56 Y2.801 A236.98389
G1 X1.583 Y-1.342 A237.08828
G1 X1.481 Y-1.416 A237.09053
;WIDTH:0.40573
G1 X1.378 Y-1.489 A237.09255
;WIDTH:0.36146
G1 X1.035 Y-1.438 A237.09745
G1 X2.205 Y-1.359 F7800
;WIDTH:0.449999
G1 F3600
G1 X-2.59 Y3.437 A237.21828
G1 X-2.572 Y4.269 A237.23311
;WIDTH:0.36146
G1 X-2.643 Y4.25 A237.23415
G1 X-2.624 Y4.321 A237.23519
G1 X-2.583 Y4.31 A237.23579
;WIDTH:0.40573
G1 X-2.554 Y4.144 A237.23848
;WIDTH:0.449999
G1 X-2.524 Y3.977 A237.2415
G1 X2.764 Y-1.311 A237.37474
G1 X3.246 Y-1.187 A237.38361
G1 X1.292 Y.767 A237.43284
G1 X1.14 Y.865 A237.43606
;WIDTH:0.40573
G1 X.989 Y.963 A237.43894
;WIDTH:0.36146
G1 X.328 Y1.5 A237.45098
G1 X-.038 Y1.911 A237.45876
G1 X-.257 Y2.222 A237.46414
;WIDTH:0.449999
G1 X-.466 Y2.525 A237.4707
G1 X-2.416 Y4.474 A237.51982
G1 X-2.255 Y4.92 A237.52827
G1 X-.562 Y3.226 A237.57094
G1 X-.683 Y4.56 F7800
G1 F3600
G1 X-.442 Y4.924 A237.57872
G1 X-.02 Y5.409 A237.59017
G1 X.614 Y5.851 A237.60394
G1 X1.286 Y6.102 A237.61672
G1 X1.926 Y6.193 A237.62824
G1 X.897 Y7.222 A237.65417
G1 X.295 Y7.016 A237.66551
G1 X-.339 Y6.662 A237.67845
G1 X-.849 Y6.25 A237.69013
G1 X-1.202 Y5.862 A237.69948
G1 X-1.527 Y5.404 A237.70949
G1 X-.834 Y4.711 A237.72695
G1 X-.744 Y5.191 A237.73565
;WIDTH:0.398472
G1 X-.26 Y5.73 A237.747
;WIDTH:0.395196
G1 X.213 Y6.084 A237.75618
;WIDTH:0.407982
G1 X.608 Y6.284 A237.76329
G1 X1.084 Y6.46 A237.77145
;WIDTH:0.405054
G1 X.789 Y6.756 A237.77811
G1 X.316 Y6.567 A237.78623
;WIDTH:0.403472
G1 X-.123 Y6.315 A237.79427
G1 X-.619 Y5.916 A237.80438
;WIDTH:0.398472
G1 X-1.016 Y5.463 A237.81382
G1 X-.896 Y5.342 A237.81649
G1 A237.51649 F2400
;WIPE_START
G1 F6240
G1 X-1.016 Y5.463 A237.45422
G1 X-.619 Y5.916 A237.23413
G1 X-.123 Y6.315 A237.00154
G1 X.316 Y6.567 A236.81659
G1 X.789 Y6.756 A236.63048
G1 X1.084 Y6.46 A236.47779
G1 X.67 Y6.307 A236.31649
;WIPE_END
G1 X1.995 Y.669 F7800
G1 A237.81649 F2400
;WIDTH:0.449999
G1 F3600
G1 X3.698 Y-1.033 A237.85939
G1 X3.964 Y-.693 A237.86708
G1 X2.526 Y.745 A237.90331
G1 X2.808 Y.8 A237.90843
G1 X3.272 Y1.008 A237.91749
G1 X3.748 Y1.364 A237.92808
G1 X4.14 Y1.841 A237.93908
G1 X4.451 Y2.536 A237.95265
G1 X4.54 Y3.112 A237.96303
G1 X4.495 Y3.683 A237.97323
G1 X4.399 Y4.05 A237.97999
;WIDTH:0.473028
G1 X4.198 Y4.511 A237.98943
G1 X4.562 Y4.163 A237.99888
;WIDTH:0.449999
G1 X6.396 Y2.329 A238.04509
G1 X6.485 Y2.29 A238.04682
G1 X6.299 Y1.657 A238.05857
G1 X6.006 Y1.014 A238.07116
G1 X5.746 Y.591 A238.08001
G1 X5.423 Y.163 A238.08956
G1 X4.849 Y-.379 A238.10363
G1 X4.241 Y-.788 A238.11669
G1 X4.116 Y-.845 A238.11914
G1 X4.186 Y-.309 A238.12877
G1 X4.581 Y-.043 A238.13725
G1 X5.103 Y.449 A238.15003
G1 X5.522 Y1.006 A238.16245
G1 X5.83 Y1.617 A238.17464
G1 X5.994 Y2.125 A238.18415
G1 X4.967 Y3.152 A238.21003
G1 X4.875 Y2.471 A238.22227
G1 X4.748 Y2.132 A238.22872
G1 X4.474 Y1.572 A238.23983
G1 X4.005 Y1.021 A238.25272
G1 X3.528 Y.665 A238.26332
G1 X3.321 Y.556 A238.26749
G1 X4.034 Y-.157 A238.28546
G1 X4.236 Y.212 A238.29295
;WIDTH:0.401406
G1 X4.335 Y.281 A238.29486
G1 X4.706 Y.627 A238.30287
;WIDTH:0.396018
G1 X5.082 Y1.09 A238.31216
G1 X5.265 Y1.388 A238.31761
;WIDTH:0.401778
G1 X5.537 Y2.011 A238.32836
G1 X5.243 Y2.304 A238.33492
;WIDTH:0.4064
G1 X5.119 Y1.966 A238.34068
G1 X4.787 Y1.32 A238.3523
;WIDTH:0.396018
G1 X4.432 Y.881 A238.36109
;WIDTH:0.401406
G1 X3.963 Y.485 A238.37079
G1 X4.085 Y.364 A238.3735
G1 A238.0735 F2400
;WIPE_START
G1 F6240
G1 X3.963 Y.485 A238.01072
G1 X4.432 Y.881 A237.78644
G1 X4.787 Y1.32 A237.58015
G1 X5.119 Y1.966 A237.31476
G1 X5.243 Y2.304 A237.18321
G1 X5.537 Y2.011 A237.03155
G1 X5.364 Y1.615 A236.8735
;WIPE_END
G1 X4.198 Y4.511 F7800
G1 A238.3735 F2400
;WIDTH:0.473028
G1 F3600
G1 X4.003 Y4.736 A238.37909
;WIDTH:0.430464
G1 X3.809 Y4.96 A238.38413
;WIDTH:0.414658
G1 X3.599 Y5.151 A238.38877
;WIDTH:0.441416
G1 X3.389 Y5.342 A238.39373
;WIDTH:0.442276
G1 X3.357 Y5.366 A238.39443
;WIDTH:0.449999
G1 X1.125 Y7.6 A238.45069
G1 X1.101 Y7.704 A238.45259
G1 X.88 Y7.669 A238.45658
G1 X.12 Y7.409 A238.47089
G1 X-.579 Y7.019 A238.48515
G1 X-1.185 Y6.529 A238.49903
G1 X-1.699 Y5.945 A238.51289
G1 X-2.069 Y5.34 A238.52553
G1 X-.512 Y3.783 A238.56476
G1 X-.305 Y4.316 A238.57495
G1 X-.131 Y4.623 A238.58124
G1 X.205 Y5.036 A238.59073
G1 X.611 Y5.346 A238.59983
G1 X.901 Y5.501 A238.60569
G1 X1.488 Y5.713 A238.61681
G1 X2.024 Y5.765 A238.6264
G1 X2.688 Y5.668 A238.63836
G1 X3.162 Y5.454 A238.64763
G1 A238.34763 F2400
;WIPE_START
G1 F6240
G1 X2.688 Y5.668 A238.1576
G1 X2.024 Y5.765 A237.91241
G1 X1.488 Y5.713 A237.71564
G1 X.901 Y5.501 A237.4876
G1 X.611 Y5.346 A237.36745
G1 X.205 Y5.036 A237.1808
G1 X.148 Y4.966 A237.14763
;WIPE_END
G1 X1.556 Y7.776 F7800
G1 A238.64763 F2400
G1 F3600
G1 X6.547 Y2.784 A238.7734
G1 X6.565 Y3.372 A238.78388
G1 X2.148 Y7.79 A238.89519
G1 X2.834 Y7.71 A238.9075
G1 X6.49 Y4.054 A238.99962
G1 X6.299 Y4.82 A239.01369
;WIDTH:0.407587
G1 X6.094 Y5.323 A239.02241
G1 X5.707 Y5.958 A239.03435
;WIDTH:0.429593
G1 X5.166 Y6.544 A239.04788
G1 X4.58 Y7.044 A239.06095
;WIDTH:0.389525
G1 X3.903 Y7.422 A239.07282
G1 X3.562 Y7.545 A239.07837
G1 X4.346 Y6.761 A239.09534
;WIDTH:0.429593
G1 X4.894 Y6.241 A239.10816
G1 X5.426 Y5.694 A239.12111
;WIDTH:0.407587
G1 X6.148 Y4.972 A239.1375
;LAYER_CHANGE
;Z:0.4
;HEIGHT:0.1
G1 A238.8375 F2400
;WIPE_START
G1 F6240
G1 X5.426 Y5.694 A238.46442
G1 X4.894 Y6.241 A238.18562
G1 X4.346 Y6.761 A237.90959
G1 X3.82 Y7.287 A237.6375
;WIPE_END
G1 Z.4 F7800
G1 X-.222 Y3.214
G1 A239.1375 F2400
;TYPE:Perimeter
;WIDTH:0.449999
G1 F900
G1 X-.192 Y2.774 A239.14536
G1 X-.003 Y2.224 A239.15572
G1 X.321 Y1.741 A239.16608
G1 X.759 Y1.359 A239.17643
G1 X1.281 Y1.103 A239.18679
G1 X1.81 Y.997 A239.1964
G1 X2.398 Y1.027 A239.20689
G1 X2.702 Y1.103 A239.21247
G1 X3.17 Y1.32 A239.22166
G1 X3.638 Y1.71 A239.23251
G1 X3.954 Y2.152 A239.24219
G1 X4.165 Y2.712 A239.25285
G1 X4.223 Y3.26 A239.26267
G1 X4.131 Y3.85 A239.27331
G1 X3.916 Y4.346 A239.28294
G1 X3.606 Y4.755 A239.29208
G1 X3.202 Y5.087 A239.3014
G1 X2.702 Y5.326 A239.31127
G1 X2.132 Y5.437 A239.32162
G1 X1.551 Y5.398 A239.33199
G1 X1.001 Y5.21 A239.34235
G1 X.519 Y4.885 A239.35271
G1 X.136 Y4.447 A239.36308
G1 X-.119 Y3.925 A239.37343
G1 X-.231 Y3.354 A239.3838
G1 X-.226 Y3.274 A239.38523
G1 X.201 Y3.215 F7800
G1 F900
G1 X.194 Y3.131 A239.38673
G1 X.277 Y2.668 A239.39511
G1 X.476 Y2.243 A239.40347
G1 X.78 Y1.884 A239.41185
G1 X1.165 Y1.615 A239.42022
G1 X1.607 Y1.456 A239.42859
G1 X2.013 Y1.419 A239.43585
G1 X2.523 Y1.493 A239.44503
G1 X2.963 Y1.699 A239.45369
G1 X3.322 Y2.002 A239.46206
G1 X3.591 Y2.388 A239.47044
G1 X3.75 Y2.83 A239.47881
G1 X3.79 Y3.298 A239.48718
G1 X3.707 Y3.761 A239.49556
G1 X3.507 Y4.186 A239.50393
G1 X3.204 Y4.545 A239.5123
G1 X2.784 Y4.828 A239.52132
G1 X2.508 Y4.941 A239.52663
G1 X1.995 Y5.018 A239.53587
G1 X1.479 Y4.942 A239.54516
G1 X1.02 Y4.73 A239.55417
G1 X.661 Y4.427 A239.56254
G1 X.392 Y4.041 A239.57092
G1 X.233 Y3.599 A239.57929
G1 X.206 Y3.274 A239.5851
G1 X.622 Y3.215 F7800
;TYPE:External perimeter
G1 F900
G1 X.618 Y3.186 A239.58562
G1 X.713 Y2.734 A239.59385
G1 X.816 Y2.504 A239.59834
G1 X1.123 Y2.16 A239.60655
G1 X1.329 Y2.011 A239.61108
G1 X1.663 Y1.881 A239.61747
G1 X1.971 Y1.846 A239.62299
G1 X2.374 Y1.895 A239.63022
G1 X2.703 Y2.039 A239.63662
G1 X2.982 Y2.263 A239.64299
G1 X3.195 Y2.552 A239.64939
G1 X3.325 Y2.886 A239.65578
G1 X3.365 Y3.242 A239.66216
G1 X3.311 Y3.597 A239.66856
G1 X3.112 Y3.997 A239.67652
G1 X2.943 Y4.205 A239.68129
G1 X2.62 Y4.432 A239.68832
G1 X2.364 Y4.538 A239.69326
G1 X1.964 Y4.588 A239.70044
G1 X1.609 Y4.534 A239.70684
G1 X1.281 Y4.39 A239.71322
G1 X1.001 Y4.166 A239.71961
G1 X.788 Y3.877 A239.72601
G1 X.658 Y3.543 A239.7324
G1 X.628 Y3.274 A239.73722
G1 A239.43722 F2400
;WIPE_START
G1 F6240
G1 X.622 Y3.215 A239.41555
G1 X.618 Y3.186 A239.40485
G1 X.713 Y2.734 A239.23609
G1 X.816 Y2.504 A239.14401
G1 X1.123 Y2.16 A238.97554
G1 X1.329 Y2.011 A238.88265
G1 X1.663 Y1.881 A238.75169
G1 X1.971 Y1.846 A238.63843
G1 X2.374 Y1.895 A238.4901
G1 X2.703 Y2.039 A238.35888
G1 X2.963 Y2.248 A238.23722
;WIPE_END
G1 X6.869 Y6.771 F7800
G1 A239.73722 F2400
;WIDTH:0.36146
G1 F900
G1 X12.647 Y8.698 A239.82332
G1 X21.316 Y11.517 A239.95218
;TYPE:Overhang perimeter
;WIDTH:0.4
;HEIGHT:0.4
G1 X27.914 Y13.662 A240.31465
G1 A240.01465 F2400
;WIPE_START
G1 F6240
G1 X24.791 Y12.646 A238.81465
;WIPE_END
G1 X6.863 Y-.302 F7800
G1 A240.31465 F2400
;TYPE:External perimeter
;WIDTH:0.36146
;HEIGHT:0.1
G1 F900
G1 X10.499 Y-5.225 A240.40116
G1 X15.859 Y-12.599 A240.53002
;TYPE:Overhang perimeter
;WIDTH:0.4
;HEIGHT:0.4
G1 X19.938 Y-18.21 A240.89244
G1 A240.59244 F2400
;WIPE_START
G1 F6240
G1 X18.007 Y-15.553 A239.39244
;WIPE_END
G1 X.136 Y-2.53 F7800
G1 A240.89244 F2400
;TYPE:External perimeter
;WIDTH:0.36146
;HEIGHT:0.1
G1 F900
G1 X-3.406 Y-7.484 A240.97853
G1 X-8.762 Y-14.861 A241.10739
;TYPE:Overhang perimeter
;WIDTH:0.4
;HEIGHT:0.4
G1 X-12.838 Y-20.474 A241.4698
G1 A241.1698 F2400
;WIPE_START
G1 F6240
G1 X-10.908 Y-17.816 A239.9698
;WIPE_END
G1 X-4.044 Y3.204 F7800
G1 A241.4698 F2400
;TYPE:External perimeter
;WIDTH:0.36146
;HEIGHT:0.1
G1 F900
G1 X-9.852 Y5.042 A241.55591
G1 X-18.522 Y7.856 A241.68476
;TYPE:Overhang perimeter
;WIDTH:0.4
;HEIGHT:0.4
G1 X-25.12 Y9.998 A242.04718
G1 A241.74718 F2400
;WIPE_START
G1 F6240
G1 X-21.996 Y8.984 A240.54718
;WIPE_END
G1 X.116 Y8.952 F7800
G1 A242.04718 F2400
;TYPE:External perimeter
;WIDTH:0.36146
;HEIGHT:0.1
G1 F900
G1 X.07 Y15.043 A242.13328
G1 X.067 Y24.159 A242.26214
;TYPE:Overhang perimeter
;WIDTH:0.4
;HEIGHT:0.4
G1 X.066 Y31.096 A242.62456
G1 A242.32456 F2400
;WIPE_START
G1 F6240
G1 X.067 Y27.812 A241.12456
;WIPE_END
G1 X5.815 Y.14 F7800
G1 A242.62456 F2400
;TYPE:Perimeter
;WIDTH:0.449999
;HEIGHT:0.1
G1 F900
G1 X6.161 Y.609 A242.63494
G1 X6.551 Y1.382 A242.65037
G1 X6.795 Y2.178 A242.6652
G1 X6.902 Y3.033 A242.68055
G1 X6.868 Y3.819 A242.69457
G1 X6.711 Y4.549 A242.70787
G1 X6.575 Y4.939 A242.71523
G1 X6.31 Y5.549 A242.72708
G1 X5.924 Y6.178 A242.74023
G1 X5.398 Y6.757 A242.75417
G1 X4.743 Y7.286 A242.76917
G1 X4.019 Y7.691 A242.78395
G1 X3.275 Y7.957 A242.79803
G1 X2.419 Y8.11 A242.81352
G1 X1.654 Y8.114 A242.82715
G1 X1.129 Y8.034 A242.83661
G1 X.468 Y7.897 A242.84864
G1 X-.011 Y7.704 A242.85784
G1 X-.76 Y7.286 A242.87312
G1 X-1.408 Y6.762 A242.88797
G1 X-1.959 Y6.137 A242.90281
G1 X-2.414 Y5.39 A242.91839
G1 X-2.607 Y4.908 A242.92764
G1 X-2.779 Y4.317 A242.93861
G1 X-2.89 Y3.75 A242.9489
G1 X-2.932 Y3.144 A242.95972
G1 X-2.811 Y2.177 A242.97708
G1 X-2.569 Y1.386 A242.99182
G1 X-2.164 Y.596 A243.00764
G1 X-1.695 Y-.035 A243.02165
G1 X-1.06 Y-.636 A243.03723
G1 X-.531 Y-.993 A243.0486
G1 X-.061 Y-1.228 A243.05796
G1 X.572 Y-1.497 A243.07021
G1 X1.144 Y-1.627 A243.08066
G1 X1.992 Y-1.7 A243.09582
G1 X2.823 Y-1.629 A243.11068
G1 X3.606 Y-1.426 A243.12509
G1 X4.401 Y-1.068 A243.14062
G1 X4.949 Y-.7 A243.15238
G1 X5.366 Y-.334 A243.16227
G1 X5.761 Y.066 A243.17229
G1 X5.78 Y.092 A243.17286
G1 X6.287 Y.038 F7800
G1 F900
G1 X6.533 Y.395 A243.18058
G1 X6.95 Y1.222 A243.19708
G1 X7.216 Y2.088 A243.21322
G1 X7.332 Y3.016 A243.22988
G1 X7.295 Y3.874 A243.24518
G1 X7.098 Y4.79 A243.26187
G1 X6.748 Y5.652 A243.27845
G1 X6.387 Y6.254 A243.29096
G1 X6.336 Y6.408 A243.29385
G1 X6.241 Y6.466 A243.29583
G1 X5.693 Y7.07 A243.31036
G1 X4.984 Y7.642 A243.32659
G1 X4.197 Y8.082 A243.34265
G1 X3.385 Y8.372 A243.35801
G1 X2.458 Y8.538 A243.37479
G1 X1.623 Y8.543 A243.38967
G1 X.842 Y8.424 A243.40375
G1 X.302 Y8.307 A243.41359
G1 X-.196 Y8.091 A243.42326
G1 X-1.001 Y7.642 A243.43968
G1 X-1.706 Y7.073 A243.45582
G1 X-2.305 Y6.392 A243.47198
G1 X-2.798 Y5.582 A243.48887
G1 X-3.112 Y4.8 A243.50388
G1 X-3.242 Y4.208 A243.51468
G1 X-3.327 Y3.663 A243.52451
G1 X-3.357 Y3.091 A243.53472
G1 X-3.232 Y2.087 A243.55275
G1 X-2.968 Y1.224 A243.56883
G1 X-2.53 Y.368 A243.58596
G1 X-2.016 Y-.32 A243.60126
G1 X-1.329 Y-.972 A243.61813
G1 X-.648 Y-1.432 A243.63277
G1 X.237 Y-1.834 A243.65009
G1 X.35 Y-1.926 A243.65269
G1 X.477 Y-1.915 A243.65496
G1 X1.078 Y-2.052 A243.66594
G1 X1.992 Y-2.13 A243.68228
G1 X2.895 Y-2.053 A243.69843
G1 X3.749 Y-1.832 A243.71415
G1 X4.61 Y-1.444 A243.73098
G1 X5.307 Y-.976 A243.74594
G1 X5.881 Y-.438 A243.75996
G1 X6.251 Y-.014 A243.76999
G1 X6.253 Y-.012 A243.77004
G1 X6.757 Y-.057 F7800
;TYPE:External perimeter
G1 F900
G1 X6.905 Y.181 A243.77503
G1 X7.349 Y1.062 A243.79261
G1 X7.636 Y1.998 A243.81005
G1 X7.761 Y2.998 A243.82801
G1 X7.721 Y3.928 A243.84459
G1 X7.509 Y4.917 A243.86261
G1 X7.132 Y5.844 A243.88044
G1 X6.738 Y6.501 A243.89409
G1 X6.757 Y6.612 A243.8961
;WIDTH:0.417361
G1 X6.776 Y6.723 A243.89795
G1 X6.667 Y6.738 A243.89976
;WIDTH:0.449999
G1 X6.559 Y6.754 A243.90171
G1 X5.988 Y7.382 A243.91683
G1 X5.225 Y7.998 A243.9343
G1 X4.375 Y8.474 A243.95166
G1 X3.496 Y8.788 A243.96829
G1 X2.498 Y8.966 A243.98635
G1 X1.592 Y8.971 A244.00249
G1 X1 Y8.881 A244.01316
G1 X.336 Y8.745 A244.02524
G1 X.235 Y8.795 A244.02725
;WIDTH:0.417637
G1 X.134 Y8.846 A244.02911
G1 X.1 Y8.755 A244.03071
;WIDTH:0.449999
G1 X.067 Y8.665 A244.03242
G1 X-.382 Y8.479 A244.04108
G1 X-1.242 Y7.998 A244.05864
G1 X-2.004 Y7.383 A244.07609
G1 X-2.652 Y6.647 A244.09356
G1 X-3.183 Y5.775 A244.11175
G1 X-3.523 Y4.926 A244.12804
G1 X-3.733 Y3.969 A244.1455
G1 X-3.78 Y3.348 A244.1566
G1 X-3.86 Y3.268 A244.15862
;WIDTH:0.417507
G1 X-3.939 Y3.188 A244.16047
G1 X-3.861 Y3.113 A244.16225
;WIDTH:0.449999
G1 X-3.782 Y3.038 A244.16419
G1 X-3.653 Y1.998 A244.18286
G1 X-3.366 Y1.062 A244.2003
G1 X-2.895 Y.141 A244.21873
G1 X-2.338 Y-.606 A244.23533
G1 X-1.598 Y-1.307 A244.25349
G1 X-.858 Y-1.807 A244.2694
G1 X.088 Y-2.237 A244.28791
G1 X.136 Y-2.336 A244.28987
;WIDTH:0.417566
G1 X.184 Y-2.434 A244.29167
G1 X.283 Y-2.384 A244.2935
;WIDTH:0.449999
G1 X.382 Y-2.333 A244.29548
G1 X1.012 Y-2.476 A244.30699
G1 X1.992 Y-2.56 A244.32451
G1 X2.968 Y-2.477 A244.34196
G1 X3.892 Y-2.238 A244.35896
G1 X4.82 Y-1.82 A244.37709
G1 X5.574 Y-1.312 A244.39329
G1 X6.174 Y-.751 A244.40792
G1 X6.582 Y-.287 A244.41893
G1 X6.692 Y-.271 A244.42091
;WIDTH:0.414476
G1 X6.802 Y-.256 A244.42272
G1 X6.777 Y-.16 A244.42434
;WIDTH:0.449999
G1 X6.765 Y-.114 A244.42519
G1 A244.12519 F2400
;WIPE_START
G1 F6240
G1 X6.757 Y-.057 A244.10416
G1 X6.905 Y.181 A244.00176
G1 X7.349 Y1.062 A243.64129
G1 X7.636 Y1.998 A243.28357
G1 X7.758 Y2.971 A242.92519
;WIPE_END
G1 X-1.806 Y6.025 F7800
G1 A244.42519 F2400
;TYPE:Solid infill
;WIDTH:0.36146
G1 F3600
G1 X-1.26 Y6.607 A244.43647
G1 X-.665 Y7.142 A244.44778
G1 X.174 Y7.441 F7800
G1 F3600
G1 X.185 Y7.482 A244.44838
G1 X.113 Y7.501 A244.44943
G1 X.133 Y7.43 A244.45047
;WIDTH:0.40573
G1 X-.013 Y7.341 A244.4532
;WIDTH:0.449999
G1 X-.16 Y7.253 A244.45625
G1 X-2.06 Y5.352 A244.50414
G1 X-2.152 Y5.187 A244.50751
;WIDTH:0.40573
G1 X-2.243 Y5.022 A244.51052
;WIDTH:0.36146
G1 X-2.232 Y5.063 A244.51112
G1 X-2.303 Y5.082 A244.51216
G1 X-2.284 Y5.011 A244.5132
;WIDTH:0.449999
G1 X-2.439 Y4.368 A244.52498
G1 X.857 Y7.663 A244.60801
G1 X1.577 Y7.777 A244.621
G1 X-2.579 Y3.622 A244.7257
G1 X-2.591 Y3.003 A244.73673
G1 X2.195 Y7.79 A244.85733
G1 X3.03 Y7.78 A244.87221
;WIDTH:0.36146
G1 X3.011 Y7.851 A244.87325
G1 X3.082 Y7.832 A244.87429
G1 X3.071 Y7.791 A244.87489
;WIDTH:0.40573
G1 X2.904 Y7.759 A244.87761
;WIDTH:0.449999
G1 X2.738 Y7.726 A244.88063
G1 X-2.524 Y2.465 A245.0132
G1 X-2.412 Y1.97 A245.02224
G1 X-.445 Y3.937 A245.0718
G1 X-.348 Y4.089 A245.07501
;WIDTH:0.40573
G1 X-.251 Y4.24 A245.07788
;WIDTH:0.36146
G1 X.323 Y4.93 A245.09057
G1 X.78 Y5.327 A245.09913
G1 X.971 Y5.452 A245.10236
;WIDTH:0.449999
G1 X1.274 Y5.656 A245.10887
G1 X3.244 Y7.626 A245.15851
G1 X3.691 Y7.467 A245.16696
G1 X1.991 Y5.768 A245.20978
G1 X3.298 Y5.863 F7800
G1 F3600
G1 X3.677 Y5.666 A245.21739
G1 X4.197 Y5.215 A245.22965
G1 X4.56 Y4.729 A245.24046
G1 X4.786 Y4.234 A245.25015
G1 X4.903 Y3.828 A245.25768
G1 X4.962 Y3.284 A245.26743
G1 X5.994 Y4.316 A245.29343
G1 X5.967 Y4.442 A245.29573
G1 X5.69 Y5.126 A245.30888
G1 X5.384 Y5.641 A245.31955
G1 X5.027 Y6.05 A245.32922
G1 X4.612 Y6.428 A245.33922
G1 X4.178 Y6.743 A245.34877
G1 X3.45 Y6.014 A245.36713
G1 X3.96 Y5.955 A245.37628
;WIDTH:0.399814
G1 X4.354 Y5.632 A245.38429
;WIDTH:0.410654
G1 X4.71 Y5.215 A245.39316
G1 X4.983 Y4.783 A245.40143
;WIDTH:0.401152
G1 X5.238 Y4.127 A245.41254
;WIDTH:0.39391
G1 X5.54 Y4.429 A245.41915
;WIDTH:0.398309
G1 X5.295 Y5.001 A245.4289
;WIDTH:0.410654
G1 X5.009 Y5.464 A245.43771
G1 X4.615 Y5.904 A245.44727
;WIDTH:0.399814
G1 X4.227 Y6.221 A245.45515
;WIDTH:0.398297
G1 X4.112 Y6.106 A245.4577
G1 A245.1577 F2400
;WIPE_START
G1 F6240
G1 X4.227 Y6.221 A245.09828
G1 X4.615 Y5.904 A244.91521
G1 X5.009 Y5.464 A244.69941
G1 X5.295 Y5.001 A244.50056
G1 X5.54 Y4.429 A244.2732
G1 X5.238 Y4.127 A244.11715
G1 X5.08 Y4.534 A243.9577
;WIPE_END
G1 X-.562 Y3.215 F7800
G1 A245.4577 F2400
;WIDTH:0.449999
G1 F3600
G1 X-2.27 Y1.506 A245.50075
G1 X-1.913 Y1.257 A245.5085
G1 X-.501 Y2.668 A245.54406
G1 X-.409 Y2.364 A245.54972
G1 X-.148 Y1.832 A245.56028
G1 X.196 Y1.402 A245.57009
G1 X.8 Y.962 A245.5834
G1 X1.357 Y.744 A245.59406
G1 X2.033 Y.672 A245.60617
G1 X2.755 Y.784 A245.61919
;WIDTH:0.4618
G1 X3.233 Y.978 A245.62863
;WIDTH:0.463584
G1 X3.278 Y1.003 A245.62958
G1 X2.918 Y.634 A245.63906
;WIDTH:0.449999
G1 X1.096 Y-1.188 A245.68497
G1 X1.096 Y-1.287 A245.68673
G1 X.597 Y-1.176 A245.69584
G1 X-.281 Y-.775 A245.71304
G1 X-.858 Y-.385 A245.72545
G1 X-1.453 Y.18 A245.74007
G1 X-1.891 Y.766 A245.7531
G1 X-2.065 Y1.106 A245.7599
G1 X-1.52 Y1.045 A245.76967
G1 X-1.526 Y.993 A245.7706
G1 X-1.132 Y.465 A245.78234
G1 X-.589 Y-.05 A245.79567
G1 X-.126 Y-.362 A245.80562
G1 X.247 Y-.545 A245.81302
G1 X.879 Y-.8 A245.82516
G1 X1.929 Y.251 A245.85163
G1 X1.205 Y.343 A245.86463
G1 X.551 Y.613 A245.87724
G1 X-.136 Y1.131 A245.89257
G1 X-.454 Y1.52 A245.90152
G1 X-.66 Y1.904 A245.90928
G1 X-1.368 Y1.196 A245.92712
G1 X-1.191 Y1.088 A245.93081
;WIDTH:0.424894
G1 X-1.013 Y.981 A245.93429
;WIDTH:0.399788
G1 X-.718 Y.625 A245.94156
;WIDTH:0.407342
G1 X-.32 Y.26 A245.95022
G1 X.142 Y-.053 A245.95917
;WIDTH:0.401031
G1 X.768 Y-.339 A245.97003
G1 X1.061 Y-.039 A245.97665
G1 X.317 Y.284 A245.98945
;WIDTH:0.400851
G1 X-.354 Y.782 A246.00263
;WIDTH:0.399788
G1 X-.749 Y1.244 A246.01219
G1 X-.861 Y1.132 A246.01468
G1 A245.71468 F2400
;WIPE_START
G1 F6240
G1 X-.749 Y1.244 A245.65681
G1 X-.354 Y.782 A245.43471
G1 X.317 Y.284 A245.12939
G1 X1.061 Y-.039 A244.83303
G1 X.768 Y-.339 A244.67981
G1 X.357 Y-.151 A244.51468
;WIPE_END
G1 X3.278 Y1.003 F7800
G1 A246.01468 F2400
;WIDTH:0.463584
G1 F3600
G1 X3.516 Y1.212 A246.0205
;WIDTH:0.421039
G1 X3.754 Y1.42 A246.02575
;WIDTH:0.404163
G1 X3.928 Y1.612 A246.02987
;WIDTH:0.429832
G1 X4.102 Y1.804 A246.03427
;WIDTH:0.43164
G1 X4.124 Y1.832 A246.03488
;WIDTH:0.449999
G1 X6.402 Y4.118 A246.09238
G1 X6.475 Y4.118 A246.09368
G1 X6.378 Y4.569 A246.1019
G1 X6.074 Y5.317 A246.11629
G1 X5.699 Y5.95 A246.1294
G1 X5.177 Y6.522 A246.1432
G1 X4.563 Y7.019 A246.15727
G1 X4.105 Y7.275 A246.16662
G1 X2.527 Y5.698 A246.20637
G1 X2.694 Y5.666 A246.2094
G1 X3.405 Y5.336 A246.22337
G1 X3.855 Y4.957 A246.23385
G1 X4.178 Y4.53 A246.24339
G1 X4.395 Y4.059 A246.25263
G1 X4.495 Y3.683 A246.25956
G1 X4.54 Y3.116 A246.26969
G1 X4.433 Y2.478 A246.28122
G1 X4.216 Y2.025 A246.29017
G1 A245.99017 F2400
;WIPE_START
G1 F6240
G1 X4.433 Y2.478 A245.80664
G1 X4.54 Y3.116 A245.57027
G1 X4.495 Y3.683 A245.36245
G1 X4.395 Y4.059 A245.22029
G1 X4.178 Y4.53 A245.03081
G1 X3.855 Y4.957 A244.83518
G1 X3.761 Y5.036 A244.79017
;WIPE_END
G1 X6.553 Y3.663 F7800
G1 A246.29017 F2400
G1 F3600
G1 X1.551 Y-1.339 A246.4162
G1 X2.131 Y-1.365 A246.42654
G1 X6.578 Y3.082 A246.53859
G1 X6.498 Y2.396 A246.5509
G1 X2.799 Y-1.303 A246.6441
G1 X3.586 Y-1.1 A246.65858
;WIDTH:0.418799
G1 X4.261 Y-.794 A246.67082
G1 X4.86 Y-.388 A246.68277
;WIDTH:0.431402
G1 X5.413 Y.138 A246.69578
G1 X5.743 Y.513 A246.70429
;WIDTH:0.412012
G1 X6.269 Y1.495 A246.72238
G1 X6.311 Y1.629 A246.72466
G1 X5.442 Y.761 A246.7446
;WIDTH:0.431402
G1 X4.583 Y-.103 A246.76536
;WIDTH:0.418799
G1 X3.738 Y-.948 A246.7851
M106 P130.05
;LAYER_CHANGE
;Z:0.457143
;HEIGHT:0.0571429
G1 A246.4851 F2400
;WIPE_START
G1 F6240
G1 X4.583 Y-.103 A246.04846
G1 X5.442 Y.761 A245.60329
G1 X6.058 Y1.377 A245.2851
;WIPE_END
G1 Z.457 F7800
G1 X41.357 Y-54.493
G1 A246.7851 F2400
;TYPE:Support material
;WIDTH:0.35
;HEIGHT:0.257143
G1 F3600
G1 X42.035 Y-54.001 A246.8115
G1 X37.304 Y-47.529 A247.06417
G1 X37.035 Y-46.784 A247.08913
G1 X30.408 Y-37.724 A247.44292
G1 X30.143 Y-36.981 A247.46778
G1 X13.296 Y-13.881 A248.36891
G1 X13.029 Y-13.134 A248.39391
G1 X5.307 Y-2.518 A248.80766
G1 X4.352 Y-2.972 A248.84099
G1 X3.739 Y-3.158 A248.86118
G1 X12.338 Y-14.903 A249.31997
G1 X14.899 Y-18.066 A249.44824
G1 X15.195 Y-18.795 A249.47304
G1 X21.874 Y-27.93 A249.82971
G1 X26.544 Y-33.961 A250.07012
G1 X26.82 Y-34.67 A250.0941
G1 X31.41 Y-40.957 A250.33944
G1 X37.747 Y-49.255 A250.66852
G1 X38.021 Y-49.972 A250.69271
G1 X41.327 Y-54.484 A250.86901
G1 X41.142 Y-52.998 F7800
G1 F3600
G1 X40.577 Y-52.998 A250.88682
G1 X38.514 Y-50.17 A250.99715
G1 X38.889 Y-50.17 A251.00897
G1 X37.06 Y-47.674 A251.1065
G1 X36.905 Y-47.341 A251.11808
G1 X36.642 Y-47.341 A251.12637
G1 X34.493 Y-44.513 A251.23832
G1 X35.022 Y-44.513 A251.25499
G1 X32.95 Y-41.684 A251.36551
G1 X32.323 Y-41.684 A251.38527
G1 X30.226 Y-38.856 A251.49623
G1 X30.883 Y-38.856 A251.51694
G1 X30.164 Y-37.868 A251.55545
G1 X29.881 Y-37.102 A251.58119
G1 X29.098 Y-36.027 A251.62311
G1 X28.161 Y-36.027 A251.65264
G1 X27.079 Y-34.547 A251.71042
G1 X26.784 Y-33.811 A251.73541
G1 X26.311 Y-33.199 A251.75979
G1 X27.035 Y-33.199 A251.78261
G1 X24.973 Y-30.37 A251.89295
G1 X24.147 Y-30.37 A251.91898
G1 X21.94 Y-27.542 A252.03204
G1 X22.913 Y-27.542 A252.06271
G1 X20.848 Y-24.713 A252.1731
G1 X19.872 Y-24.713 A252.20386
G1 X17.805 Y-21.884 A252.31429
G1 X18.787 Y-21.884 A252.34524
G1 X16.722 Y-19.056 A252.45561
G1 X15.736 Y-19.056 A252.48669
G1 X15.454 Y-18.67 A252.50176
G1 X15.137 Y-17.911 A252.52768
G1 X13.774 Y-16.227 A252.59596
G1 X14.658 Y-16.227 A252.62382
G1 X13.052 Y-14.025 A252.70972
G1 X12.802 Y-13.399 A252.73097
G1 X11.587 Y-13.399 A252.76926
G1 X9.517 Y-10.57 A252.87975
G1 X10.819 Y-10.57 A252.92079
G1 X8.761 Y-7.742 A253.03103
G1 X7.446 Y-7.742 A253.07248
G1 X5.376 Y-4.913 A253.18297
G1 X6.884 Y-4.913 A253.2305
G1 A252.9305 F2400
;WIPE_START
G1 F6240
G1 X5.376 Y-4.913 A252.3795
G1 X6.425 Y-6.346 A251.7305
;WIPE_END
G1 X10.005 Y3.374 F7800
G1 A253.2305 F2400
G1 F3600
G1 X8.609 Y2.913 A253.27684
G1 X8.572 Y3.979 A253.31046
G1 X8.457 Y4.593 A253.33015
G1 X20.951 Y8.659 A253.74427
G1 X21.744 Y8.683 A253.76928
G1 X48.92 Y17.567 A254.67042
G1 X49.708 Y17.59 A254.69527
G1 X60.373 Y21.093 A255.04908
G1 X61.165 Y21.118 A255.07405
G1 X68.781 Y23.617 A255.32668
G1 X69.045 Y22.803 A255.35365
G1 X68.427 Y22.587 A255.37428
G1 X63.709 Y21.045 A255.53072
G1 X62.942 Y21.006 A255.55493
G1 X53.092 Y17.543 A255.88401
G1 X45.694 Y15.121 A256.12936
G1 X44.935 Y15.077 A256.15332
G1 X37.756 Y12.5 A256.39373
G1 X27.004 Y8.97 A256.75041
G1 X26.219 Y8.915 A256.77521
G1 X22.419 Y7.456 A256.9035
G1 X10.047 Y3.387 A257.31399
G1 X10.179 Y3.572 F7800
G1 F3600
G1 X8.871 Y3.572 A257.35522
G1 X8.786 Y4.403 A257.38155
G1 X14.916 Y6.401 A257.58476
G1 X18.306 Y6.401 A257.69161
G1 X22.324 Y7.721 A257.82491
G1 X26.4 Y9.229 A257.96189
G1 X24.323 Y9.229 A258.02735
G1 X32.971 Y12.058 A258.31413
G1 X35.504 Y12.058 A258.39397
G1 X43.568 Y14.887 A258.66332
G1 X41.626 Y14.887 A258.72453
G1 X48.954 Y17.281 A258.96751
G1 X49.769 Y17.313 A258.99322
G1 X51.003 Y17.715 A259.03413
G1 X52.71 Y17.715 A259.08793
G1 X60.774 Y20.544 A259.35728
G1 X59.135 Y20.544 A259.40894
G1 A259.10894 F2400
;WIPE_START
G1 F6240
G1 X60.774 Y20.544 A258.51007
G1 X59.222 Y19.999 A257.90894
;WIPE_END
G1 X4.317 Y10.865 F7800
G1 A259.40894 F2400
G1 F3600
G1 X4.323 Y9.4 A259.45511
G1 X3.641 Y9.631 A259.4778
G1 X2.679 Y9.799 A259.50858
G1 X2.672 Y22.928 A259.92238
G1 X2.894 Y23.69 A259.9474
G1 X2.843 Y52.28 A260.8485
G1 X3.065 Y53.037 A260.87336
G1 X3.029 Y64.26 A261.22709
G1 X3.25 Y65.022 A261.2521
G1 X3.226 Y73.039 A261.50478
G1 X4.083 Y73.039 A261.53179
G1 X4.097 Y72.385 A261.55241
G1 X4.106 Y67.421 A261.70887
G1 X3.906 Y66.679 A261.73309
G1 X4.155 Y56.242 A262.06214
G1 X4.173 Y48.457 A262.30751
G1 X3.98 Y47.722 A262.33146
G1 X4.213 Y40.098 A262.57187
G1 X4.247 Y28.781 A262.92856
G1 X4.057 Y28.018 A262.95334
G1 X4.271 Y23.953 A263.08164
G1 X4.316 Y10.909 A263.49277
G1 X4.178 Y12.058 F7800
G1 F3600
G1 X2.959 Y12.058 A263.53119
G1 X2.957 Y14.887 A263.62035
G1 X4.02 Y14.887 A263.65385
G1 X4.009 Y17.715 A263.74298
G1 X2.954 Y17.715 A263.77623
G1 X2.952 Y20.544 A263.86539
G1 X4 Y20.544 A263.89842
G1 X3.99 Y23.372 A263.98755
G1 X3.12 Y23.372 A264.01497
G1 X3.177 Y23.663 A264.02432
G1 X3.172 Y26.201 A264.10431
G1 X3.87 Y26.201 A264.12631
G1 X3.774 Y28.032 A264.1841
G1 X3.964 Y28.832 A264.21002
G1 X3.963 Y29.029 A264.21623
G1 X3.166 Y29.029 A264.24135
G1 X3.16 Y31.858 A264.33052
G1 X3.955 Y31.858 A264.35558
G1 X3.946 Y34.686 A264.44471
G1 X3.155 Y34.686 A264.46964
G1 X3.151 Y37.515 A264.5588
G1 X3.937 Y37.515 A264.58357
G1 X3.921 Y40.343 A264.6727
G1 X3.144 Y40.343 A264.69719
G1 X3.14 Y43.172 A264.78635
G1 X3.816 Y43.172 A264.80766
G1 X3.749 Y46.001 A264.89685
G1 X3.137 Y46.001 A264.91614
G1 X3.13 Y48.829 A265.00527
G1 X3.89 Y48.829 A265.02922
G1 X3.883 Y51.658 A265.11839
G1 X3.126 Y51.658 A265.14225
G1 X3.126 Y52.224 A265.16009
G1 X3.348 Y53.01 A265.18583
G1 X3.346 Y54.486 A265.23235
G1 X3.877 Y54.486 A265.24909
G1 X3.845 Y57.315 A265.33826
G1 X3.338 Y57.315 A265.35424
G1 X3.327 Y60.143 A265.44337
G1 X3.772 Y60.143 A265.4574
G1 X3.707 Y62.972 A265.54659
G1 X3.316 Y62.972 A265.55891
G1 X3.312 Y64.206 A265.5978
G1 X3.532 Y64.995 A265.62362
G1 X3.528 Y65.8 A265.64899
G1 X3.644 Y65.8 A265.65265
G1 X3.623 Y66.701 A265.68106
G1 X3.823 Y67.474 A265.70623
G1 X3.821 Y68.629 A265.74263
G1 X3.518 Y68.629 A265.75218
G1 X3.508 Y71.457 A265.84131
G1 X3.964 Y71.457 A265.85568
G1 A265.55568 F2400
;WIPE_START
G1 F6240
G1 X3.508 Y71.457 A265.38906
G1 X3.518 Y68.629 A264.35568
;WIPE_END
G1 X-62.369 Y26.201 F7800
G1 A265.85568 F2400
G1 F3600
G1 X-63.661 Y26.201 A265.8964
G1 X-63.679 Y26.147 A265.89819
G1 X-56.291 Y23.772 A266.14278
G1 X-55.673 Y23.372 A266.16598
G1 X-54.508 Y23.372 A266.2027
G1 X-45.236 Y20.544 A266.50823
G1 X-46.963 Y20.544 A266.56266
G1 X-44.947 Y19.891 A266.62945
G1 X-44.269 Y19.438 A266.65515
G1 X-38.934 Y17.715 A266.83185
G1 X-36.842 Y17.715 A266.89779
G1 X-32.482 Y16.454 A267.04084
G1 X-27.61 Y14.887 A267.20214
G1 X-30.178 Y14.887 A267.28308
G1 X-21.422 Y12.058 A267.5731
G1 X-19.117 Y12.058 A267.64575
G1 X-17.106 Y11.519 A267.71137
G1 X-9.976 Y9.229 A267.9474
G1 X-13.412 Y9.229 A268.0557
G1 X-4.681 Y6.401 A268.34496
G1 X-3.966 Y6.401 A268.3675
G1 X-3.983 Y6.072 F7800
G1 F3600
G1 X-3.177 Y7.345 A268.41499
G1 X-17.028 Y11.79 A268.87348
G1 X-20.959 Y12.844 A269.00175
G1 X-21.627 Y13.26 A269.02655
G1 X-32.4 Y16.724 A269.38322
G1 X-39.723 Y18.859 A269.62364
G1 X-40.363 Y19.27 A269.64761
G1 X-47.772 Y21.658 A269.89296
G1 X-57.775 Y24.646 A270.222
G1 X-58.419 Y25.066 A270.24623
G1 X-63.769 Y26.78 A270.42329
G1 X-64.034 Y25.966 A270.45027
G1 X-56.404 Y23.511 A270.7029
G1 X-55.748 Y23.066 A270.72788
G1 X-45.06 Y19.631 A271.08172
G1 X-44.409 Y19.187 A271.10656
G1 X-17.203 Y10.4 A272.00766
G1 X-16.547 Y9.953 A272.03268
G1 X-4.05 Y5.9 A272.44676
G1 X-3.999 Y6.031 A272.45119
G1 A272.15119 F2400
;WIPE_START
G1 F6240
G1 X-4.05 Y5.9 A272.09983
G1 X-7.04 Y6.87 A270.95119
;WIPE_END
G1 X-2.873 Y-2.085 F7800
G1 A272.45119 F2400
G1 F3600
G1 X-4.382 Y-2.085 A272.49875
G1 X-6.422 Y-4.913 A272.60865
G1 X-5.107 Y-4.913 A272.6501
G1 X-7.158 Y-7.742 A272.76023
G1 X-8.46 Y-7.742 A272.80127
G1 X-10.501 Y-10.57 A272.91119
G1 X-9.211 Y-10.57 A272.95185
G1 X-10.342 Y-12.124 A273.01243
G1 X-10.987 Y-12.632 A273.03831
G1 X-11.54 Y-13.399 A273.06811
G1 X-12.468 Y-13.399 A273.09736
G1 X-14.038 Y-15.816 A273.1882
G1 X-14.473 Y-16.227 A273.20706
G1 X-13.587 Y-16.227 A273.23499
G1 X-15.634 Y-19.056 A273.34505
G1 X-16.614 Y-19.056 A273.37594
G1 X-18.656 Y-21.884 A273.48588
G1 X-17.681 Y-21.884 A273.51661
G1 X-19.73 Y-24.713 A273.62671
G1 X-20.699 Y-24.713 A273.65725
G1 X-22.636 Y-27.542 A273.76531
G1 X-21.775 Y-27.542 A273.79245
G1 X-23.825 Y-30.37 A273.90254
G1 X-24.581 Y-30.37 A273.92637
G1 X-25.561 Y-31.806 A273.98117
G1 X-26.169 Y-32.314 A274.00614
G1 X-26.808 Y-33.199 A274.04054
G1 X-25.871 Y-33.199 A274.07007
G1 X-27.733 Y-35.769 A274.1701
G1 X-28.108 Y-36.027 A274.18445
G1 X-28.853 Y-36.027 A274.20793
G1 X-30.888 Y-38.856 A274.31777
G1 X-30.244 Y-38.856 A274.33807
G1 X-32.282 Y-41.684 A274.44794
G1 X-32.834 Y-41.684 A274.46534
G1 X-34.795 Y-44.513 A274.57383
G1 X-34.321 Y-44.513 A274.58877
G1 X-34.926 Y-45.353 A274.6214
G1 X-35.569 Y-45.862 A274.64725
G1 X-36.634 Y-47.341 A274.70469
G1 X-36.803 Y-47.341 A274.71002
G1 X-37.261 Y-47.696 A274.72828
G1 X-39.052 Y-50.17 A274.82454
G1 X-38.49 Y-50.17 A274.84225
G1 X-39.09 Y-51.231 F7800
G1 F3600
G1 X-35.356 Y-46.049 A275.04356
G1 X-34.73 Y-45.563 A275.06854
G1 X-28.162 Y-36.461 A275.42231
G1 X-27.538 Y-35.98 A275.44714
G1 X-10.774 Y-12.82 A276.34826
G1 X-10.146 Y-12.335 A276.37327
G1 X-2.43 Y-1.703 A276.78732
G1 X-2.987 Y-1.156 A276.81193
G1 X-3.536 Y-.427 A276.84069
G1 X-12.042 Y-12.224 A277.29908
G1 X-14.258 Y-15.638 A277.42736
G1 X-14.86 Y-16.144 A277.45215
G1 X-21.485 Y-25.319 A277.80884
G1 X-25.778 Y-31.624 A278.04925
G1 X-26.366 Y-32.106 A278.07321
G1 X-30.927 Y-38.414 A278.31855
G1 X-36.86 Y-47.005 A278.64762
G1 X-37.458 Y-47.487 A278.67183
G1 X-40.742 Y-52.046 A278.84892
G1 X-40.049 Y-52.549 A278.87591
G1 X-39.116 Y-51.266 A278.92591
;LAYER_CHANGE
;Z:0.5
;HEIGHT:0.0428571
G1 A278.62591 F2400
;WIPE_START
G1 F6240
G1 X-40.049 Y-52.549 A278.04627
G1 X-40.742 Y-52.046 A277.73339
G1 X-40.25 Y-51.363 A277.42591
;WIPE_END
G1 Z.5 F7800
G1 X6.907 Y6.715
G1 A278.92591 F2400
;TYPE:External perimeter
;WIDTH:0.36146
;HEIGHT:0.1
G1 F900
G1 X25.237 Y12.825 A279.19903
G1 X36.655 Y16.548 A279.36879
;TYPE:Overhang perimeter
;WIDTH:0.4
;HEIGHT:0.4
M106 P255
G1 X42.842 Y18.566 A279.70879
M106 P130.05
G1 A279.40879 F2400
;WIPE_START
G1 F6240
G1 X39.72 Y17.548 A278.20879
;WIPE_END
G1 X-.222 Y3.214 F7800
G1 A279.70879 F2400
;TYPE:Perimeter
;WIDTH:0.449999
;HEIGHT:0.1
G1 F900
G1 X-.192 Y2.774 A279.71665
G1 X-.003 Y2.224 A279.72701
G1 X.321 Y1.741 A279.73737
G1 X.759 Y1.359 A279.74772
G1 X1.281 Y1.103 A279.75808
G1 X1.546 Y1.032 A279.76297
G1 X2.035 Y.994 A279.77171
G1 X2.56 Y1.056 A279.78113
G1 X3.097 Y1.275 A279.79146
G1 X3.542 Y1.609 A279.80137
G1 X3.887 Y2.037 A279.81116
G1 X4.103 Y2.504 A279.82033
G1 X4.215 Y3.075 A279.8307
G1 X4.175 Y3.655 A279.84106
G1 X3.987 Y4.205 A279.85142
G1 X3.662 Y4.687 A279.86178
G1 X3.224 Y5.07 A279.87215
G1 X2.702 Y5.326 A279.88251
G1 X2.132 Y5.437 A279.89286
G1 X1.551 Y5.398 A279.90323
G1 X1.001 Y5.21 A279.91359
G1 X.519 Y4.885 A279.92395
G1 X.136 Y4.447 A279.93432
G1 X-.119 Y3.925 A279.94467
G1 X-.231 Y3.354 A279.95504
G1 X-.226 Y3.274 A279.95647
G1 X.201 Y3.215 F7800
G1 F900
G1 X.194 Y3.131 A279.95797
G1 X.277 Y2.668 A279.96635
G1 X.476 Y2.243 A279.97471
G1 X.78 Y1.884 A279.98309
G1 X1.165 Y1.615 A279.99146
G1 X1.604 Y1.456 A279.99978
G1 X1.996 Y1.421 A280.00679
G1 X2.522 Y1.493 A280.01625
G1 X2.963 Y1.699 A280.02492
G1 X3.322 Y2.002 A280.03329
G1 X3.591 Y2.388 A280.04167
G1 X3.75 Y2.83 A280.05004
G1 X3.79 Y3.298 A280.05841
G1 X3.707 Y3.761 A280.06679
G1 X3.488 Y4.211 A280.07571
G1 X3.204 Y4.545 A280.08352
G1 X2.784 Y4.828 A280.09254
G1 X2.376 Y4.973 A280.10025
G1 X1.908 Y5.013 A280.10862
G1 X1.445 Y4.93 A280.117
G1 X1.02 Y4.73 A280.12537
G1 X.661 Y4.427 A280.13374
G1 X.392 Y4.041 A280.14212
G1 X.233 Y3.599 A280.15049
G1 X.206 Y3.274 A280.1563
G1 X.622 Y3.215 F7800
;TYPE:External perimeter
G1 F900
G1 X.618 Y3.186 A280.15682
G1 X.712 Y2.736 A280.16501
G1 X.816 Y2.504 A280.16954
G1 X1.04 Y2.224 A280.17593
G1 X1.329 Y2.011 A280.18233
G1 X1.662 Y1.881 A280.1887
G1 X1.957 Y1.847 A280.19399
G1 X2.374 Y1.895 A280.20147
G1 X2.703 Y2.039 A280.20787
G1 X2.982 Y2.263 A280.21424
G1 X3.195 Y2.552 A280.22064
G1 X3.325 Y2.886 A280.22703
G1 X3.365 Y3.242 A280.23341
G1 X3.311 Y3.597 A280.23981
G1 X3.148 Y3.95 A280.24674
G1 X2.943 Y4.205 A280.25257
G1 X2.62 Y4.432 A280.2596
G1 X2.32 Y4.548 A280.26533
G1 X1.964 Y4.588 A280.27171
G1 X1.609 Y4.534 A280.27811
G1 X1.281 Y4.39 A280.28449
G1 X1.001 Y4.166 A280.29088
G1 X.788 Y3.877 A280.29728
G1 X.658 Y3.543 A280.30367
G1 X.628 Y3.274 A280.30849
G1 A280.00849 F2400
;WIPE_START
G1 F6240
G1 X.622 Y3.215 A279.98682
G1 X.618 Y3.186 A279.97612
G1 X.712 Y2.736 A279.80815
G1 X.816 Y2.504 A279.71525
G1 X1.04 Y2.224 A279.58423
G1 X1.329 Y2.011 A279.45305
G1 X1.662 Y1.881 A279.32243
G1 X1.957 Y1.847 A279.21393
G1 X2.374 Y1.895 A279.06056
G1 X2.703 Y2.039 A278.92934
G1 X2.961 Y2.246 A278.80849
;WIPE_END
G1 X.072 Y-2.507 F7800
G1 A280.30849 F2400
;WIDTH:0.36146
G1 F900
G1 X-11.166 Y-18.224 A280.58161
G1 X-18.214 Y-27.947 A280.75136
;TYPE:Overhang perimeter
;WIDTH:0.4
;HEIGHT:0.4
M106 P255
G1 X-22.068 Y-33.265 A281.09449
M106 P130.05
G1 A280.79449 F2400
;WIPE_START
G1 F6240
G1 X-20.141 Y-30.606 A279.59449
;WIPE_END
G1 X6.821 Y-.356 F7800
G1 A281.09449 F2400
;TYPE:External perimeter
;WIDTH:0.36146
;HEIGHT:0.1
G1 F900
G1 X18.315 Y-15.923 A281.36802
G1 X25.384 Y-25.632 A281.53779
;TYPE:Overhang perimeter
;WIDTH:0.4
;HEIGHT:0.4
M106 P255
G1 X29.215 Y-30.893 A281.8778
M106 P130.05
G1 A281.5778 F2400
;WIPE_START
G1 F6240
G1 X27.282 Y-28.238 A280.3778
;WIPE_END
G1 X.182 Y8.97 F7800
G1 A281.8778 F2400
;TYPE:External perimeter
;WIDTH:0.36146
;HEIGHT:0.1
G1 F900
G1 X.035 Y28.292 A282.15094
G1 X.022 Y40.301 A282.32069
;TYPE:Overhang perimeter
;WIDTH:0.4
;HEIGHT:0.4
M106 P255
G1 X.015 Y46.809 A282.6607
M106 P130.05
G1 A282.3607 F2400
;WIPE_START
G1 F6240
G1 X.019 Y43.525 A281.1607
;WIPE_END
G1 X-4.042 Y3.272 F7800
G1 A282.6607 F2400
;TYPE:External perimeter
;WIDTH:0.36146
;HEIGHT:0.1
G1 F900
G1 X-22.463 Y9.103 A282.93383
G1 X-33.889 Y12.802 A283.1036
;TYPE:Overhang perimeter
;WIDTH:0.4
;HEIGHT:0.4
M106 P255
G1 X-40.08 Y14.806 A283.44357
M106 P130.05
G1 A283.14357 F2400
;WIPE_START
G1 F6240
G1 X-36.955 Y13.794 A281.94357
;WIPE_END
G1 X5.778 Y.089 F7800
G1 A283.44357 F2400
;TYPE:Perimeter
;WIDTH:0.449999
;HEIGHT:0.1
G1 F900
G1 X6.164 Y.613 A283.45517
G1 X6.551 Y1.382 A283.47051
G1 X6.795 Y2.177 A283.48533
G1 X6.902 Y3.041 A283.50084
G1 X6.869 Y3.813 A283.51461
G1 X6.708 Y4.563 A283.52828
G1 X6.583 Y4.93 A283.53519
G1 X6.369 Y5.432 A283.54491
G1 X5.955 Y6.13 A283.55937
G1 X5.394 Y6.76 A283.5744
G1 X4.743 Y7.286 A283.58931
G1 X4.02 Y7.691 A283.60407
G1 X3.287 Y7.953 A283.61794
G1 X2.422 Y8.109 A283.6336
G1 X1.677 Y8.115 A283.64687
G1 X1.15 Y8.038 A283.65636
G1 X.479 Y7.9 A283.66857
G1 X-.015 Y7.702 A283.67805
G1 X-.76 Y7.286 A283.69325
G1 X-1.408 Y6.762 A283.7081
G1 X-1.959 Y6.137 A283.72294
G1 X-2.419 Y5.379 A283.73874
G1 X-2.608 Y4.907 A283.7478
G1 X-2.778 Y4.321 A283.75867
G1 X-2.89 Y3.756 A283.76893
G1 X-2.93 Y3.204 A283.77879
G1 X-2.81 Y2.173 A283.79728
G1 X-2.569 Y1.386 A283.81194
G1 X-2.156 Y.583 A283.82803
G1 X-1.694 Y-.036 A283.84179
G1 X-1.05 Y-.644 A283.85757
G1 X-.535 Y-.992 A283.86864
G1 X-.07 Y-1.226 A283.87791
G1 X.518 Y-1.477 A283.8893
G1 X1.15 Y-1.628 A283.90088
G1 X1.992 Y-1.7 A283.91594
G1 X2.823 Y-1.629 A283.9308
G1 X3.6 Y-1.428 A283.9451
G1 X4.405 Y-1.066 A283.96083
G1 X4.939 Y-.707 A283.97229
G1 X5.356 Y-.343 A283.98215
G1 X5.74 Y.043 A283.99185
G1 X6.253 Y-.017 F7800
G1 F900
G1 X6.535 Y.398 A284.00079
G1 X6.95 Y1.222 A284.01723
G1 X7.215 Y2.087 A284.03335
G1 X7.332 Y3.024 A284.05017
G1 X7.295 Y3.868 A284.06522
G1 X7.096 Y4.797 A284.08215
G1 X6.804 Y5.535 A284.09629
G1 X6.403 Y6.236 A284.11068
G1 X6.381 Y6.357 A284.11287
G1 X6.275 Y6.414 A284.11501
G1 X5.691 Y7.072 A284.13068
G1 X4.984 Y7.642 A284.14686
G1 X4.198 Y8.082 A284.16291
G1 X3.399 Y8.368 A284.17803
G1 X2.462 Y8.538 A284.195
G1 X1.647 Y8.544 A284.20952
G1 X.787 Y8.418 A284.22501
G1 X.266 Y8.274 A284.23464
G1 X-.199 Y8.09 A284.24355
G1 X-1.001 Y7.642 A284.25992
G1 X-1.706 Y7.073 A284.27606
G1 X-2.305 Y6.392 A284.29222
G1 X-2.804 Y5.571 A284.30934
G1 X-3.11 Y4.806 A284.32402
G1 X-3.242 Y4.21 A284.3349
G1 X-3.327 Y3.673 A284.34459
G1 X-3.356 Y3.155 A284.35383
G1 X-3.231 Y2.085 A284.37302
G1 X-2.968 Y1.224 A284.38906
G1 X-2.521 Y.356 A284.40645
G1 X-2.015 Y-.322 A284.42152
G1 X-1.319 Y-.98 A284.43858
G1 X-.774 Y-1.347 A284.45029
G1 X.263 Y-1.856 A284.47087
G1 X1.082 Y-2.052 A284.48587
G1 X1.992 Y-2.13 A284.50214
G1 X2.896 Y-2.053 A284.5183
G1 X3.743 Y-1.834 A284.53389
G1 X4.614 Y-1.442 A284.55091
G1 X5.295 Y-.985 A284.56552
G1 X5.869 Y-.451 A284.57949
G1 X6.214 Y-.063 A284.58874
G1 X6.715 Y-.126 F7800
;TYPE:External perimeter
G1 F900
G1 X6.713 Y-.118 A284.58889
G1 X6.906 Y.182 A284.59525
G1 X7.349 Y1.062 A284.6128
G1 X7.636 Y1.998 A284.63024
G1 X7.762 Y3.006 A284.64834
G1 X7.722 Y3.923 A284.66469
G1 X7.508 Y4.922 A284.68289
G1 X7.191 Y5.721 A284.6982
G1 X6.774 Y6.449 A284.71315
G1 X6.794 Y6.558 A284.71512
;WIDTH:0.417366
G1 X6.814 Y6.667 A284.71694
G1 X6.704 Y6.683 A284.71877
;WIDTH:0.449999
G1 X6.595 Y6.699 A284.72073
G1 X5.987 Y7.383 A284.73704
G1 X5.225 Y7.998 A284.75449
G1 X4.376 Y8.473 A284.77182
G1 X3.51 Y8.784 A284.78821
G1 X2.502 Y8.966 A284.80646
G1 X1.618 Y8.973 A284.82221
G1 X1.026 Y8.886 A284.83287
G1 X.4 Y8.763 A284.84424
G1 X.299 Y8.815 A284.84626
;WIDTH:0.417337
G1 X.199 Y8.867 A284.84812
G1 X.146 Y8.767 A284.84998
;WIDTH:0.449999
G1 X.094 Y8.667 A284.85199
G1 X-.383 Y8.478 A284.86113
G1 X-1.242 Y7.998 A284.87866
G1 X-2.004 Y7.383 A284.89611
G1 X-2.652 Y6.646 A284.91359
G1 X-3.188 Y5.764 A284.93198
G1 X-3.521 Y4.933 A284.94793
G1 X-3.732 Y3.976 A284.96539
G1 X-3.778 Y3.415 A284.97542
G1 X-3.858 Y3.335 A284.97744
;WIDTH:0.417305
G1 X-3.939 Y3.256 A284.9793
G1 X-3.86 Y3.18 A284.9811
;WIDTH:0.449999
G1 X-3.781 Y3.105 A284.98304
G1 X-3.653 Y1.997 A285.00291
G1 X-3.366 Y1.062 A285.02034
G1 X-2.886 Y.128 A285.03905
G1 X-2.336 Y-.608 A285.05542
G1 X-1.587 Y-1.315 A285.07377
G1 X-.868 Y-1.802 A285.08924
G1 X.025 Y-2.214 A285.10676
G1 X.072 Y-2.313 A285.10871
;WIDTH:0.417395
G1 X.12 Y-2.413 A285.11054
G1 X.219 Y-2.362 A285.11237
;WIDTH:0.449999
G1 X.319 Y-2.311 A285.11437
G1 X1.013 Y-2.476 A285.12708
G1 X1.992 Y-2.56 A285.14459
G1 X2.968 Y-2.477 A285.16204
G1 X3.885 Y-2.24 A285.17891
G1 X4.823 Y-1.818 A285.19724
G1 X5.562 Y-1.322 A285.2131
G1 X6.161 Y-.765 A285.22767
G1 X6.541 Y-.339 A285.23784
G1 X6.652 Y-.325 A285.23983
;WIDTH:0.414141
G1 X6.763 Y-.31 A285.24166
G1 X6.738 Y-.214 A285.24328
;WIDTH:0.449999
G1 X6.73 Y-.184 A285.24383
G1 A284.94383 F2400
;WIPE_START
G1 F6240
G1 X6.715 Y-.126 A284.92194
G1 X6.713 Y-.118 A284.91893
G1 X6.906 Y.182 A284.78859
G1 X7.349 Y1.062 A284.42861
G1 X7.636 Y1.998 A284.07089
G1 X7.747 Y2.887 A283.74383
;WIPE_END
G1 X-.923 Y-.486 F7800
G1 A285.24383 F2400
;TYPE:Solid infill
;WIDTH:0.36146
G1 F3600
G1 X-1.533 Y.107 A285.25586
G1 X-2.018 Y.667 A285.26633
;WIDTH:0.449999
G1 X-2.229 Y1.369 A285.27939
;WIDTH:0.36146
G1 X-2.3 Y1.35 A285.28043
G1 X-2.281 Y1.421 A285.28147
G1 X-2.24 Y1.41 A285.28207
;WIDTH:0.40573
G1 X-2.144 Y1.244 A285.28513
;WIDTH:0.449999
G1 X-2.049 Y1.077 A285.28855
G1 X-.124 Y-.847 A285.33704
G1 X.041 Y-.938 A285.3404
;WIDTH:0.40573
G1 X.206 Y-1.029 A285.34341
;WIDTH:0.36146
G1 X.165 Y-1.018 A285.34401
G1 X.146 Y-1.089 A285.34505
G1 X.217 Y-1.07 A285.34609
;WIDTH:0.449999
G1 X.866 Y-1.231 A285.358
G1 X-2.446 Y2.08 A285.44144
G1 X-2.551 Y2.165 A285.44385
;WIDTH:0.40573
G1 X-2.656 Y2.251 A285.44602
;WIDTH:0.36146
G1 X-2.689 Y2.49 A285.44943
;WIDTH:0.449999
G1 X-2.56 Y2.801 A285.45543
G1 X1.583 Y-1.342 A285.55982
G1 X1.479 Y-1.416 A285.56209
;WIDTH:0.40573
G1 X1.375 Y-1.489 A285.56412
;WIDTH:0.36146
G1 X1.035 Y-1.438 A285.56898
G1 X2.205 Y-1.359 F7800
;WIDTH:0.449999
G1 F3600
G1 X-2.595 Y3.442 A285.68994
G1 X-2.572 Y4.27 A285.7047
;WIDTH:0.36146
G1 X-2.643 Y4.251 A285.70574
G1 X-2.624 Y4.322 A285.70678
G1 X-2.583 Y4.311 A285.70738
;WIDTH:0.40573
G1 X-2.554 Y4.144 A285.71009
;WIDTH:0.449999
G1 X-2.525 Y3.978 A285.71309
G1 X2.764 Y-1.311 A285.84635
G1 X3.246 Y-1.188 A285.85521
G1 X1.292 Y.767 A285.90446
G1 X1.14 Y.865 A285.90768
;WIDTH:0.40573
G1 X.989 Y.963 A285.91056
;WIDTH:0.36146
G1 X.857 Y1.051 A285.9128
G1 X.416 Y1.418 A285.92091
G1 X-.013 Y1.876 A285.92978
G1 X-.256 Y2.213 A285.93565
G1 X-.266 Y2.444 A285.93892
;WIDTH:0.449999
G1 X-.458 Y2.516 A285.94257
G1 X-2.415 Y4.474 A285.99189
G1 X-2.256 Y4.921 A286.00034
G1 X-.561 Y3.226 A286.04305
G1 X-.683 Y4.56 F7800
G1 F3600
G1 X-.442 Y4.924 A286.05083
G1 X-.02 Y5.409 A286.06228
G1 X.453 Y5.763 A286.07281
G1 X.805 Y5.936 A286.0798
G1 X1.359 Y6.123 A286.09022
G1 X1.927 Y6.192 A286.10041
G1 X.889 Y7.231 A286.12658
G1 X.308 Y7.024 A286.13757
G1 X-.339 Y6.662 A286.15078
G1 X-.849 Y6.25 A286.16246
G1 X-1.202 Y5.862 A286.17181
G1 X-1.527 Y5.403 A286.18183
G1 X-.834 Y4.711 A286.19928
G1 X-.744 Y5.191 A286.20798
;WIDTH:0.398446
G1 X-.29 Y5.707 A286.21875
;WIDTH:0.403473
G1 X.111 Y6.013 A286.22676
G1 X.422 Y6.205 A286.23256
;WIDTH:0.402251
G1 X1.079 Y6.467 A286.24376
G1 X.773 Y6.774 A286.25062
;WIDTH:0.404744
G1 X.473 Y6.651 A286.25579
G1 X-.123 Y6.315 A286.26669
;WIDTH:0.403473
G1 X-.619 Y5.916 A286.2768
;WIDTH:0.398446
G1 X-1.016 Y5.463 A286.28624
G1 X-.896 Y5.342 A286.28891
G1 A285.98891 F2400
;WIPE_START
G1 F6240
G1 X-1.016 Y5.463 A285.92664
G1 X-.619 Y5.916 A285.70655
G1 X-.123 Y6.315 A285.47396
G1 X.473 Y6.651 A285.22397
G1 X.773 Y6.774 A285.1055
G1 X1.079 Y6.467 A284.94712
G1 X.677 Y6.307 A284.78891
;WIPE_END
G1 X1.992 Y.673 F7800
G1 A286.28891 F2400
;WIDTH:0.449999
G1 F3600
G1 X3.697 Y-1.032 A286.33187
G1 X3.963 Y-.693 A286.33955
G1 X2.525 Y.746 A286.3758
G1 X2.802 Y.798 A286.38082
G1 X3.276 Y1.01 A286.39007
G1 X3.742 Y1.359 A286.40044
G1 X4.075 Y1.754 A286.40964
G1 X4.287 Y2.11 A286.41702
G1 X4.451 Y2.537 A286.42517
G1 X4.541 Y3.12 A286.43568
G1 X4.495 Y3.684 A286.44576
G1 X4.403 Y4.039 A286.45229
;WIDTH:0.468782
G1 X4.199 Y4.513 A286.46189
G1 X4.571 Y4.154 A286.4715
;WIDTH:0.449999
G1 X6.395 Y2.33 A286.51746
G1 X6.485 Y2.291 A286.51921
G1 X6.3 Y1.659 A286.53094
G1 X6.089 Y1.18 A286.54027
G1 X5.856 Y.729 A286.54931
G1 X5.442 Y.185 A286.56149
G1 X5.041 Y-.197 A286.57136
G1 X4.766 Y-.436 A286.57785
G1 X4.249 Y-.784 A286.58895
G1 X4.115 Y-.844 A286.59157
G1 X4.186 Y-.31 A286.60117
G1 X4.528 Y-.081 A286.6085
G1 X5.117 Y.464 A286.6228
G1 X5.513 Y.988 A286.6345
G1 X5.83 Y1.618 A286.64707
G1 X5.994 Y2.125 A286.65656
G1 X4.967 Y3.152 A286.68244
G1 X4.875 Y2.472 A286.69467
G1 X4.685 Y1.951 A286.70455
G1 X4.406 Y1.482 A286.71427
G1 X3.998 Y1.015 A286.72532
G1 X3.533 Y.667 A286.73567
G1 X3.321 Y.556 A286.73993
G1 X4.035 Y-.158 A286.75792
G1 X4.237 Y.211 A286.76541
;WIDTH:0.400266
G1 X4.691 Y.61 A286.77493
;WIDTH:0.406298
G1 X5.049 Y1.019 A286.78363
G1 X5.318 Y1.491 A286.79232
;WIDTH:0.39871
G1 X5.538 Y2.011 A286.80118
G1 X5.244 Y2.305 A286.8077
G1 X5.058 Y1.803 A286.8161
;WIDTH:0.402041
G1 X4.809 Y1.346 A286.82433
G1 X4.419 Y.866 A286.83412
;WIDTH:0.400266
G1 X3.963 Y.485 A286.84348
G1 X4.086 Y.362 A286.84622
G1 A286.54622 F2400
;WIPE_START
G1 F6240
G1 X3.963 Y.485 A286.48266
G1 X4.419 Y.866 A286.26554
G1 X4.809 Y1.346 A286.03956
G1 X5.058 Y1.803 A285.8494
G1 X5.244 Y2.305 A285.65379
G1 X5.538 Y2.011 A285.50187
G1 X5.372 Y1.619 A285.34622
;WIPE_END
G1 X4.199 Y4.513 F7800
G1 A286.84622 F2400
;WIDTH:0.468782
G1 F3600
G1 X4.004 Y4.736 A286.85173
;WIDTH:0.428352
G1 X3.81 Y4.959 A286.85673
;WIDTH:0.41465
G1 X3.599 Y5.151 A286.86139
;WIDTH:0.441378
G1 X3.389 Y5.342 A286.86635
;WIDTH:0.44223
G1 X3.358 Y5.366 A286.86704
;WIDTH:0.449999
G1 X1.104 Y7.621 A286.92385
G1 X1.1 Y7.706 A286.92537
G1 X.599 Y7.602 A286.93449
G1 X.123 Y7.411 A286.94363
G1 X-.579 Y7.019 A286.95796
G1 X-1.185 Y6.529 A286.97184
G1 X-1.699 Y5.946 A286.98569
G1 X-2.068 Y5.338 A286.99836
G1 X-.515 Y3.786 A287.03748
G1 X-.305 Y4.316 A287.04764
G1 X-.131 Y4.623 A287.05393
G1 X.205 Y5.036 A287.06342
G1 X.611 Y5.346 A287.07252
G1 X.976 Y5.543 A287.07991
G1 X1.502 Y5.715 A287.08977
G1 X2.029 Y5.765 A287.0992
G1 X2.7 Y5.665 A287.11129
G1 X3.162 Y5.455 A287.12033
G1 A286.82033 F2400
;WIPE_START
G1 F6240
G1 X2.7 Y5.665 A286.6349
G1 X2.029 Y5.765 A286.38702
G1 X1.502 Y5.715 A286.1936
G1 X.976 Y5.543 A285.99139
G1 X.611 Y5.346 A285.83984
G1 X.205 Y5.036 A285.65319
G1 X.148 Y4.966 A285.62033
;WIPE_END
G1 X1.558 Y7.773 F7800
G1 A287.12033 F2400
G1 F3600
G1 X6.546 Y2.785 A287.24601
G1 X6.566 Y3.371 A287.25646
G1 X2.147 Y7.79 A287.3678
G1 X2.835 Y7.708 A287.38014
G1 X6.488 Y4.055 A287.47218
G1 X6.307 Y4.812 A287.48605
;WIDTH:0.406601
G1 X6.143 Y5.224 A287.49315
G1 X5.74 Y5.923 A287.50607
;WIDTH:0.429591
G1 X5.166 Y6.545 A287.52043
G1 X4.579 Y7.044 A287.5335
;WIDTH:0.389546
G1 X3.904 Y7.421 A287.54533
G1 X3.561 Y7.546 A287.55092
G1 X4.346 Y6.761 A287.56791
;WIDTH:0.429591
G1 X4.893 Y6.242 A287.5807
G1 X5.46 Y5.658 A287.59451
;WIDTH:0.406601
G1 X6.155 Y4.963 A287.61025
M106 P209.1
;LAYER_CHANGE
;Z:0.6
;HEIGHT:0.1
G1 A287.31025 F2400
;WIPE_START
G1 F6240
G1 X5.46 Y5.658 A286.95112
G1 X4.893 Y6.242 A286.65371
G1 X4.346 Y6.761 A286.3782
G1 X3.827 Y7.279 A286.11025
;WIPE_END
G1 Z.6 F7800
G1 X-.222 Y3.214
G1 A287.61025 F2400
;TYPE:Perimeter
;WIDTH:0.449999
G1 F900
G1 X-.192 Y2.774 A287.61811
G1 X-.003 Y2.224 A287.62847
G1 X.321 Y1.741 A287.63883
G1 X.759 Y1.359 A287.64918
G1 X1.281 Y1.103 A287.65954
G1 X1.852 Y.991 A287.66991
G1 X2.423 Y1.03 A287.68011
G1 X2.702 Y1.103 A287.68525
G1 X3.169 Y1.319 A287.69442
G1 X3.632 Y1.703 A287.70514
G1 X3.954 Y2.152 A287.71498
G1 X4.165 Y2.711 A287.72563
G1 X4.223 Y3.261 A287.73548
G1 X4.128 Y3.858 A287.74625
G1 X3.931 Y4.319 A287.75518
G1 X3.618 Y4.741 A287.76454
G1 X3.224 Y5.07 A287.77369
G1 X2.585 Y5.366 A287.78624
G1 X1.994 Y5.447 A287.79687
G1 X1.459 Y5.382 A287.80647
G1 X.889 Y5.155 A287.8174
G1 X.438 Y4.816 A287.82745
G1 X.07 Y4.35 A287.83803
G1 X-.144 Y3.859 A287.84757
G1 X-.231 Y3.354 A287.8567
G1 X-.226 Y3.274 A287.85813
G1 X.201 Y3.215 F7800
G1 F900
G1 X.194 Y3.131 A287.85963
G1 X.277 Y2.668 A287.86801
G1 X.476 Y2.243 A287.87637
G1 X.784 Y1.88 A287.88485
G1 X1.165 Y1.615 A287.89312
G1 X1.607 Y1.456 A287.90149
G1 X2.076 Y1.416 A287.90988
G1 X2.538 Y1.499 A287.91824
G1 X2.963 Y1.699 A287.92661
G1 X3.322 Y2.002 A287.93498
G1 X3.591 Y2.388 A287.94336
G1 X3.75 Y2.83 A287.95173
G1 X3.79 Y3.298 A287.9601
G1 X3.707 Y3.761 A287.96848
G1 X3.507 Y4.186 A287.97685
G1 X3.204 Y4.545 A287.98522
G1 X2.886 Y4.781 A287.99228
G1 X2.408 Y4.968 A288.00142
G1 X1.908 Y5.013 A288.01036
G1 X1.445 Y4.93 A288.01874
G1 X1.02 Y4.73 A288.02711
G1 X.661 Y4.427 A288.03548
G1 X.392 Y4.041 A288.04386
G1 X.233 Y3.599 A288.05223
G1 X.206 Y3.274 A288.05804
G1 X.622 Y3.215 F7800
;TYPE:External perimeter
G1 F900
G1 X.618 Y3.186 A288.05856
G1 X.672 Y2.832 A288.06494
G1 X.816 Y2.504 A288.07132
G1 X1.045 Y2.22 A288.07782
G1 X1.329 Y2.011 A288.0841
G1 X1.663 Y1.881 A288.09049
G1 X2.02 Y1.841 A288.09689
G1 X2.374 Y1.895 A288.10327
G1 X2.703 Y2.039 A288.10967
G1 X2.982 Y2.263 A288.11604
G1 X3.195 Y2.552 A288.12244
G1 X3.325 Y2.886 A288.12883
G1 X3.351 Y3.35 A288.13711
G1 X3.311 Y3.597 A288.14157
G1 X3.167 Y3.925 A288.14795
G1 X2.943 Y4.205 A288.15434
G1 X2.677 Y4.407 A288.16029
G1 X2.32 Y4.548 A288.16713
G1 X1.954 Y4.586 A288.17369
G1 X1.609 Y4.534 A288.17991
G1 X1.281 Y4.39 A288.18629
G1 X1.001 Y4.166 A288.19268
G1 X.788 Y3.877 A288.19908
G1 X.658 Y3.543 A288.20547
G1 X.628 Y3.274 A288.21029
G1 A287.91029 F2400
;WIPE_START
G1 F6240
G1 X.622 Y3.215 A287.88862
G1 X.618 Y3.186 A287.87792
G1 X.672 Y2.832 A287.74708
G1 X.816 Y2.504 A287.61619
G1 X1.045 Y2.22 A287.48289
G1 X1.329 Y2.011 A287.35405
G1 X1.663 Y1.881 A287.22309
G1 X2.02 Y1.841 A287.09183
G1 X2.374 Y1.895 A286.96099
G1 X2.703 Y2.039 A286.82977
G1 X2.958 Y2.244 A286.71029
;WIPE_END
G1 X6.945 Y6.658 F7800
G1 A288.21029 F2400
;WIDTH:0.36146
G1 F2880
G1 X37.882 Y16.969 A288.67125
G1 X51.993 Y21.581 A288.8811
;TYPE:Overhang perimeter
;WIDTH:0.4
;HEIGHT:0.4
M106 P255
G1 F3600
G1 X57.407 Y23.351 A289.17869
M106 P209.1
G1 A288.87869 F2400
;WIPE_START
G1 F6240
G1 X54.285 Y22.33 A287.67869
;WIPE_END
G1 X6.779 Y-.409 F7800
G1 A289.17869 F2400
;TYPE:External perimeter
;WIDTH:0.36146
;HEIGHT:0.1
G1 F2880
G1 X26.164 Y-26.669 A289.64007
G1 X34.911 Y-38.664 A289.84992
;TYPE:Overhang perimeter
;WIDTH:0.4
;HEIGHT:0.4
M106 P255
G1 F3600
G1 X38.267 Y-43.266 A290.14749
M106 P209.1
G1 A289.84749 F2400
;WIPE_START
G1 F6240
G1 X36.332 Y-40.613 A288.64749
;WIPE_END
G1 X.006 Y-2.487 F7800
G1 A290.14749 F2400
;TYPE:External perimeter
;WIDTH:0.36146
;HEIGHT:0.1
G1 F2880
G1 X-18.96 Y-29.009 A290.60839
G1 X-27.666 Y-41.034 A290.81824
;TYPE:Overhang perimeter
;WIDTH:0.4
;HEIGHT:0.4
M106 P255
G1 F3600
G1 X-30.89 Y-45.488 A291.1055
M106 P209.1
G1 A290.8055 F2400
;WIPE_START
G1 F6240
G1 X-28.964 Y-42.828 A289.6055
;WIPE_END
G1 X-4.04 Y3.34 F7800
G1 A291.1055 F2400
;TYPE:External perimeter
;WIDTH:0.36146
;HEIGHT:0.1
G1 F2880
G1 X-35.129 Y13.182 A291.56646
G1 X-49.256 Y17.746 A291.77632
;TYPE:Overhang perimeter
;WIDTH:0.4
;HEIGHT:0.4
M106 P255
G1 F3600
G1 X-54.676 Y19.497 A292.0739
M106 P209.1
G1 A291.7739 F2400
;WIPE_START
G1 F6240
G1 X-51.551 Y18.487 A290.5739
;WIPE_END
G1 X.247 Y8.989 F7800
G1 A292.0739 F2400
;TYPE:External perimeter
;WIDTH:0.36146
;HEIGHT:0.1
G1 F2880
G1 X.001 Y41.599 A292.53487
G1 X-.025 Y56.444 A292.74471
;TYPE:Overhang perimeter
;WIDTH:0.4
;HEIGHT:0.4
M106 P255
G1 F3600
G1 X-.035 Y62.14 A293.0423
M106 P209.1
G1 A292.7423 F2400
;WIPE_START
G1 F6240
G1 X-.029 Y58.856 A291.5423
;WIPE_END
G1 X5.745 Y.06 F7800
G1 A293.0423 F2400
;TYPE:Perimeter
;WIDTH:0.449999
;HEIGHT:0.1
G1 F900
G1 X5.871 Y.19 A293.04553
G1 X6.165 Y.617 A293.05477
G1 X6.551 Y1.382 A293.07004
G1 X6.795 Y2.177 A293.08486
G1 X6.902 Y3.049 A293.10051
G1 X6.87 Y3.808 A293.11404
G1 X6.707 Y4.568 A293.12789
G1 X6.584 Y4.928 A293.13467
G1 X6.38 Y5.411 A293.14401
G1 X5.99 Y6.08 A293.15781
G1 X5.391 Y6.763 A293.174
G1 X4.743 Y7.286 A293.18884
G1 X4.021 Y7.69 A293.20358
G1 X3.3 Y7.949 A293.21723
G1 X2.429 Y8.108 A293.233
G1 X1.562 Y8.11 A293.24845
G1 X.958 Y8.014 A293.25935
G1 X.468 Y7.889 A293.26836
G1 X-.018 Y7.7 A293.27765
G1 X-.76 Y7.286 A293.29279
G1 X-1.408 Y6.762 A293.30764
G1 X-1.958 Y6.137 A293.32247
G1 X-2.424 Y5.369 A293.33848
G1 X-2.697 Y4.685 A293.3516
G1 X-2.823 Y4.119 A293.36193
G1 X-2.91 Y3.543 A293.37231
G1 X-2.921 Y3.034 A293.38138
G1 X-2.812 Y2.179 A293.39674
G1 X-2.567 Y1.38 A293.41163
G1 X-2.216 Y.678 A293.42561
G1 X-1.685 Y-.045 A293.44159
G1 X-1.147 Y-.565 A293.45492
G1 X-.533 Y-.992 A293.46824
G1 X-.086 Y-1.224 A293.47721
G1 X.459 Y-1.458 A293.48778
G1 X1.153 Y-1.628 A293.50051
G1 X1.992 Y-1.7 A293.51551
G1 X2.824 Y-1.629 A293.53039
G1 X3.594 Y-1.431 A293.54456
G1 X4.409 Y-1.064 A293.56048
G1 X4.93 Y-.715 A293.57165
G1 X5.347 Y-.352 A293.5815
G1 X5.703 Y.017 A293.59064
G1 X6.231 Y-.064 F7800
G1 F900
G1 X6.268 Y-.024 A293.59161
G1 X6.536 Y.4 A293.60055
G1 X6.95 Y1.222 A293.61695
G1 X7.215 Y2.087 A293.63307
G1 X7.332 Y3.032 A293.65004
G1 X7.296 Y3.862 A293.66484
G1 X7.095 Y4.801 A293.68195
G1 X6.812 Y5.517 A293.69567
G1 X6.438 Y6.184 A293.70929
G1 X6.418 Y6.304 A293.71146
G1 X6.312 Y6.362 A293.71361
G1 X5.689 Y7.073 A293.73045
G1 X4.984 Y7.642 A293.74659
G1 X4.199 Y8.082 A293.76262
G1 X3.412 Y8.364 A293.77751
G1 X2.468 Y8.537 A293.79461
G1 X1.528 Y8.539 A293.81136
G1 X.827 Y8.427 A293.82401
G1 X.313 Y8.288 A293.8335
G1 X-.201 Y8.089 A293.84332
G1 X-1.001 Y7.642 A293.85965
G1 X-1.706 Y7.073 A293.87579
G1 X-2.305 Y6.392 A293.89195
G1 X-2.809 Y5.56 A293.90928
G1 X-3.108 Y4.812 A293.92363
G1 X-3.241 Y4.212 A293.93458
G1 X-3.337 Y3.58 A293.94597
G1 X-3.35 Y3.004 A293.95623
G1 X-3.232 Y2.089 A293.97267
G1 X-2.967 Y1.221 A293.98884
G1 X-2.583 Y.454 A294.00412
G1 X-2.009 Y-.328 A294.0214
G1 X-1.42 Y-.897 A294.03599
G1 X-.659 Y-1.425 A294.05249
G1 X.041 Y-1.759 A294.06631
G1 X.357 Y-1.874 A294.0723
G1 X1.084 Y-2.052 A294.08564
G1 X1.992 Y-2.13 A294.10188
G1 X2.896 Y-2.053 A294.11804
G1 X3.736 Y-1.836 A294.1335
G1 X4.618 Y-1.44 A294.15073
G1 X5.283 Y-.994 A294.165
G1 X5.859 Y-.462 A294.17897
G1 X6.19 Y-.108 A294.1876
G1 X6.676 Y-.18 F7800
;TYPE:External perimeter
G1 F900
G1 X6.674 Y-.172 A294.18775
G1 X6.906 Y.183 A294.19531
G1 X7.349 Y1.062 A294.21285
G1 X7.636 Y1.997 A294.23028
G1 X7.762 Y3.015 A294.24856
G1 X7.723 Y3.917 A294.26465
G1 X7.507 Y4.925 A294.28302
G1 X7.2 Y5.701 A294.29789
G1 X6.812 Y6.394 A294.31204
G1 X6.833 Y6.503 A294.31402
;WIDTH:0.41711
G1 X6.854 Y6.612 A294.31585
G1 X6.744 Y6.628 A294.31768
;WIDTH:0.449999
G1 X6.634 Y6.645 A294.31966
G1 X5.987 Y7.383 A294.33715
G1 X5.225 Y7.998 A294.3546
G1 X4.377 Y8.473 A294.37192
G1 X3.524 Y8.78 A294.38807
G1 X2.507 Y8.965 A294.40649
G1 X1.495 Y8.967 A294.42452
G1 X.464 Y8.782 A294.44318
G1 X.364 Y8.835 A294.4452
;WIDTH:0.41701
G1 X.263 Y8.889 A294.44708
G1 X.21 Y8.788 A294.44896
;WIDTH:0.449999
G1 X.157 Y8.688 A294.45098
G1 X-.384 Y8.478 A294.46132
G1 X-1.242 Y7.998 A294.47884
G1 X-2.004 Y7.383 A294.49629
G1 X-2.652 Y6.646 A294.51377
G1 X-3.194 Y5.752 A294.5324
G1 X-3.519 Y4.939 A294.548
G1 X-3.731 Y3.982 A294.56546
G1 X-3.775 Y3.483 A294.57438
G1 X-3.857 Y3.403 A294.57642
;WIDTH:0.41706
G1 X-3.939 Y3.324 A294.57829
G1 X-3.863 Y3.263 A294.57989
;WIDTH:0.449999
G1 X-3.787 Y3.203 A294.58162
G1 X-3.778 Y2.975 A294.58569
G1 X-3.653 Y1.998 A294.60324
G1 X-3.366 Y1.061 A294.6207
G1 X-2.95 Y.23 A294.63726
G1 X-2.333 Y-.611 A294.65584
G1 X-1.693 Y-1.23 A294.6717
G1 X-.875 Y-1.797 A294.68943
G1 X-.039 Y-2.196 A294.70593
G1 X.007 Y-2.294 A294.70786
;WIDTH:0.417572
G1 X.054 Y-2.391 A294.70964
G1 X.154 Y-2.341 A294.71148
;WIDTH:0.449999
G1 X.255 Y-2.291 A294.71349
G1 X1.014 Y-2.477 A294.72741
G1 X1.992 Y-2.56 A294.7449
G1 X2.968 Y-2.477 A294.76235
G1 X3.878 Y-2.242 A294.77909
G1 X4.826 Y-1.816 A294.79761
G1 X5.549 Y-1.332 A294.81311
G1 X6.149 Y-.777 A294.82767
G1 X6.504 Y-.388 A294.83705
G1 X6.614 Y-.376 A294.83902
;WIDTH:0.413805
G1 X6.723 Y-.365 A294.84081
G1 X6.698 Y-.269 A294.84243
;WIDTH:0.449999
G1 X6.691 Y-.238 A294.843
G1 A294.543 F2400
;WIPE_START
G1 F6240
G1 X6.676 Y-.18 A294.52111
G1 X6.674 Y-.172 A294.5181
G1 X6.906 Y.183 A294.36315
G1 X7.349 Y1.062 A294.00349
G1 X7.636 Y1.997 A293.64612
G1 X7.738 Y2.82 A293.343
;WIPE_END
G1 X-1.54 Y1.024 F7800
G1 A294.843 F2400
;TYPE:Solid infill
G1 F3600
G1 X-1.119 Y.45 A294.85568
G1 X-.67 Y.017 A294.86679
G1 X-.066 Y-.403 A294.8799
G1 X.457 Y-.652 A294.89022
G1 X.886 Y-.792 A294.89826
G1 X1.929 Y.25 A294.92453
G1 X1.348 Y.309 A294.93493
G1 X.958 Y.446 A294.94229
G1 X.339 Y.738 A294.95448
G1 X-.151 Y1.148 A294.96586
G1 X-.524 Y1.623 A294.97662
G1 X-.663 Y1.901 A294.98216
G1 X-1.389 Y1.176 A295.00044
G1 X-1.01 Y.984 A295.00801
;WIDTH:0.40249
G1 X-.801 Y.706 A295.01352
G1 X-.4 Y.322 A295.02232
;WIDTH:0.40197
G1 X.162 Y-.063 A295.0331
;WIDTH:0.410738
G1 X.749 Y-.339 A295.0436
G1 X1.065 Y-.034 A295.05071
G1 X.319 Y.283 A295.06383
;WIDTH:0.401655
G1 X.092 Y.424 A295.06805
;WIDTH:0.391779
G1 X-.369 Y.795 A295.07716
;WIDTH:0.400016
G1 X-.744 Y1.249 A295.08643
G1 X-.858 Y1.135 A295.08897
G1 A294.78897 F2400
;WIPE_START
G1 F6240
G1 X-.744 Y1.249 A294.73006
G1 X-.369 Y.795 A294.5149
G1 X.092 Y.424 A294.29869
G1 X.319 Y.283 A294.20105
G1 X1.065 Y-.034 A293.90488
G1 X.749 Y-.339 A293.74441
G1 X.364 Y-.158 A293.58897
;WIPE_END
G1 X-1.806 Y6.025 F7800
G1 A295.08897 F2400
;WIDTH:0.36146
G1 F3600
G1 X-1.26 Y6.607 A295.10025
G1 X-.665 Y7.142 A295.11156
G1 X.174 Y7.448 F7800
G1 F3600
G1 X.185 Y7.489 A295.11216
G1 X.113 Y7.508 A295.11321
G1 X.133 Y7.437 A295.11425
;WIDTH:0.40573
G1 X-.013 Y7.345 A295.11701
;WIDTH:0.449999
G1 X-.159 Y7.253 A295.12008
G1 X-2.054 Y5.358 A295.16783
G1 X-2.147 Y5.193 A295.1712
;WIDTH:0.40573
G1 X-2.24 Y5.027 A295.17424
;WIDTH:0.36146
G1 X-2.229 Y5.069 A295.17485
G1 X-2.3 Y5.088 A295.17589
G1 X-2.281 Y5.016 A295.17694
;WIDTH:0.449999
G1 X-2.438 Y4.368 A295.18882
G1 X.859 Y7.665 A295.27189
G1 X1.588 Y7.789 A295.28506
G1 X-2.581 Y3.619 A295.39012
G1 X-2.659 Y3.667 A295.39175
;WIDTH:0.40573
G1 X-2.737 Y3.714 A295.3932
;WIDTH:0.36146
G1 X-2.644 Y4.2 A295.40019
G1 X-2.593 Y3.001 F7800
;WIDTH:0.449999
G1 F3600
G1 X2.193 Y7.787 A295.52078
G1 X3.029 Y7.779 A295.53568
;WIDTH:0.36146
G1 X3.01 Y7.85 A295.53672
G1 X3.081 Y7.831 A295.53776
G1 X3.07 Y7.79 A295.53836
;WIDTH:0.40573
G1 X2.903 Y7.758 A295.54108
;WIDTH:0.449999
G1 X2.737 Y7.725 A295.5441
G1 X-2.524 Y2.464 A295.67666
G1 X-2.412 Y1.97 A295.68568
G1 X-.445 Y3.937 A295.73524
G1 X-.25 Y4.24 A295.74166
;WIDTH:0.36146
G1 X-.007 Y4.566 A295.74741
G1 X.332 Y4.939 A295.75453
G1 X.97 Y5.452 A295.7661
;WIDTH:0.40573
G1 X1.122 Y5.554 A295.76902
;WIDTH:0.449999
G1 X1.273 Y5.656 A295.77227
G1 X3.245 Y7.627 A295.82194
G1 X3.691 Y7.467 A295.83038
G1 X1.992 Y5.768 A295.87319
G1 X2.578 Y5.695 A295.88371
G1 X3.274 Y5.42 A295.89704
G1 X3.788 Y5.025 A295.90859
G1 X4.194 Y4.502 A295.92039
G1 X4.39 Y4.069 A295.92886
G1 X4.495 Y3.684 A295.93597
G1 X4.542 Y3.13 A295.94588
G1 X4.472 Y2.62 A295.95505
G1 X4.29 Y2.117 A295.96458
;WIDTH:0.449229
G1 X4.107 Y1.81 A295.97094
G1 X4.358 Y2.073 A295.97741
;WIDTH:0.449999
G1 X6.403 Y4.118 A296.02894
G1 X6.474 Y4.118 A296.0302
G1 X6.375 Y4.583 A296.03867
G1 X6.133 Y5.194 A296.05038
G1 X5.77 Y5.846 A296.06368
G1 X5.168 Y6.53 A296.07991
G1 X4.562 Y7.019 A296.09378
G1 X4.105 Y7.275 A296.10311
G1 X2.687 Y5.857 A296.13884
G1 X3.31 Y5.874 A296.14994
G1 X3.531 Y5.763 A296.15435
G1 X4.127 Y5.288 A296.16793
G1 X4.533 Y4.764 A296.17974
G1 X4.783 Y4.241 A296.19007
G1 X4.903 Y3.83 A296.1977
G1 X4.963 Y3.285 A296.20747
G1 X5.994 Y4.316 A296.23345
G1 X5.963 Y4.459 A296.23606
G1 X5.745 Y5.01 A296.24662
G1 X5.418 Y5.597 A296.25859
G1 X5.032 Y6.035 A296.26899
G1 X4.611 Y6.429 A296.27926
G1 X4.178 Y6.743 A296.28879
G1 X3.461 Y6.025 A296.30687
G1 X3.954 Y5.949 A296.31576
;WIDTH:0.397572
G1 X4.127 Y5.819 A296.31914
G1 X4.444 Y5.533 A296.32582
;WIDTH:0.410741
G1 X4.768 Y5.128 A296.33421
G1 X5.033 Y4.679 A296.34265
;WIDTH:0.401647
G1 X5.238 Y4.128 A296.35194
;WIDTH:0.396155
G1 X5.542 Y4.432 A296.35864
;WIDTH:0.401647
G1 X5.373 Y4.848 A296.36574
;WIDTH:0.410741
G1 X5.068 Y5.375 A296.37559
G1 X4.681 Y5.829 A296.38524
;WIDTH:0.397572
G1 X4.227 Y6.222 A296.39463
G1 X4.105 Y6.1 A296.39733
G1 A296.09733 F2400
;WIPE_START
G1 F6240
G1 X4.227 Y6.222 A296.03429
G1 X4.681 Y5.829 A295.81489
G1 X5.068 Y5.375 A295.59692
G1 X5.373 Y4.848 A295.37444
G1 X5.542 Y4.432 A295.21038
G1 X5.238 Y4.128 A295.05329
G1 X5.089 Y4.528 A294.89733
;WIPE_END
G1 X-.558 Y3.218 F7800
G1 A296.39733 F2400
;WIDTH:0.449999
G1 F3600
G1 X-2.27 Y1.506 A296.44047
G1 A296.14047 F2400
;WIPE_START
G1 F6240
G1 X-.558 Y3.218 A295.25583
;WIPE_END
G1 A294.94047 F2400
G1 X3.093 Y.824 F7800
G1 A296.44047 F2400
;WIDTH:0.456698
G1 F3600
G1 X2.913 Y.629 A296.44527
;WIDTH:0.449999
G1 X1.096 Y-1.188 A296.49105
G1 X1.096 Y-1.284 A296.49276
G1 X.468 Y-1.133 A296.50427
G1 X-.281 Y-.775 A296.51906
G1 X-.943 Y-.316 A296.53341
G1 X-1.443 Y.167 A296.5458
G1 X-1.941 Y.846 A296.5608
G1 X-2.069 Y1.102 A296.5659
G1 X-.5 Y2.671 A296.60543
G1 X-.218 Y1.941 A296.61937
G1 X.137 Y1.475 A296.62981
G1 X.605 Y1.075 A296.64078
G1 X1.391 Y.736 A296.65603
G1 X2.072 Y.667 A296.66823
G1 X2.752 Y.782 A296.68052
;WIDTH:0.460541
G1 X3.238 Y.982 A296.69011
;WIDTH:0.462122
G1 X3.5 Y1.195 A296.6963
;WIDTH:0.420953
G1 X3.717 Y1.384 A296.70108
;WIDTH:0.426322
G1 X4.085 Y1.784 A296.71023
;WIDTH:0.428468
G1 X4.095 Y1.796 A296.71049
G1 A296.41049 F2400
;WIPE_START
G1 F6240
G1 X4.085 Y1.784 A296.40478
G1 X3.717 Y1.384 A296.20618
G1 X3.5 Y1.195 A296.10103
G1 X3.238 Y.982 A295.97765
G1 X2.752 Y.782 A295.78562
G1 X2.072 Y.667 A295.53363
G1 X1.391 Y.736 A295.28353
G1 X1.207 Y.815 A295.21049
;WIPE_END
G1 X6.554 Y3.664 F7800
G1 A296.71049 F2400
;WIDTH:0.449999
G1 F3600
G1 X1.551 Y-1.339 A296.83655
G1 X2.131 Y-1.365 A296.84689
G1 X6.579 Y3.083 A296.95896
G1 X6.498 Y2.396 A296.97128
G1 X2.799 Y-1.303 A297.06448
G1 A296.76448 F2400
;WIPE_START
G1 F6240
G1 X5.121 Y1.019 A295.56448
;WIPE_END
G1 X5.515 Y.267 F7800
G1 A297.06448 F2400
;WIDTH:0.429566
G1 F3600
G1 X4.838 Y-.406 A297.08068
;WIDTH:0.417141
G1 X4.27 Y-.79 A297.09196
G1 X3.585 Y-1.1 A297.10433
G1 X4.564 Y-.121 A297.12711
;WIDTH:0.432356
G1 X5.65 Y.963 A297.15332
;WIDTH:0.419223
G1 X6.303 Y1.616 A297.16859
G1 X5.905 Y.779 A297.18392
G1 X5.666 Y.418 A297.19108
M106 P204
;LAYER_CHANGE
;Z:0.7
;HEIGHT:0.1
G1 A296.89108 F2400
;WIPE_START
G1 F6240
G1 X5.905 Y.779 A296.73289
G1 X6.303 Y1.616 A296.39425
G1 X5.65 Y.963 A296.05682
G1 X4.942 Y.256 A295.69108
;WIPE_END
G1 Z.7 F7800
G1 X6.983 Y6.602
G1 A297.19108 F2400
;TYPE:External perimeter
;WIDTH:0.3958
G1 F2880
G1 X50.631 Y21.128 A297.90702
G1 X67.342 Y26.583 A298.1806
;TYPE:Overhang perimeter
;WIDTH:0.4
;HEIGHT:0.4
M106 P255
G1 F3600
G1 X67.84 Y26.746 A298.20798
M106 P204
G1 A297.90798 F2400
;WIPE_START
G1 F6240
G1 X67.342 Y26.583 A297.71652
G1 X64.718 Y25.726 A296.70798
;WIPE_END
G1 X-.222 Y3.214 F7800
G1 A298.20798 F2400
;TYPE:Perimeter
;WIDTH:0.449999
;HEIGHT:0.1
G1 F900
G1 X-.192 Y2.774 A298.21584
G1 X-.003 Y2.224 A298.2262
G1 X.122 Y2.001 A298.23075
G1 X.517 Y1.545 A298.2415
G1 X.945 Y1.244 A298.25082
G1 X1.431 Y1.054 A298.26012
G1 X1.992 Y.982 A298.2702
G1 X2.559 Y1.056 A298.28039
G1 X3.101 Y1.277 A298.29082
G1 X3.536 Y1.604 A298.30052
G1 X3.883 Y2.032 A298.31034
G1 X4.107 Y2.527 A298.32002
G1 X4.206 Y3.017 A298.32893
G1 X4.215 Y3.354 A298.33494
G1 X4.127 Y3.86 A298.34409
G1 X3.865 Y4.422 A298.35514
G1 X3.543 Y4.819 A298.36425
G1 X3.095 Y5.155 A298.37423
G1 X2.533 Y5.38 A298.38502
G1 X1.994 Y5.447 A298.3947
G1 X1.387 Y5.363 A298.40562
G1 X.889 Y5.155 A298.41524
G1 X.438 Y4.816 A298.42529
G1 X.069 Y4.349 A298.43589
G1 X-.144 Y3.861 A298.44538
G1 X-.231 Y3.354 A298.45455
G1 X-.226 Y3.274 A298.45598
G1 X.201 Y3.215 F7800
G1 F900
G1 X.194 Y3.131 A298.45748
G1 X.277 Y2.668 A298.46586
G1 X.468 Y2.254 A298.47398
G1 X.78 Y1.884 A298.4826
G1 X1.165 Y1.615 A298.49097
G1 X1.609 Y1.456 A298.49937
G1 X2.076 Y1.416 A298.50772
G1 X2.538 Y1.499 A298.51608
G1 X2.963 Y1.699 A298.52445
G1 X3.322 Y2.002 A298.53282
G1 X3.591 Y2.388 A298.5412
G1 X3.726 Y2.785 A298.54867
G1 X3.79 Y3.298 A298.55788
G1 X3.707 Y3.761 A298.56626
G1 X3.507 Y4.186 A298.57463
G1 X3.204 Y4.545 A298.583
G1 X2.798 Y4.822 A298.59176
G1 X2.376 Y4.973 A298.59975
G1 X1.908 Y5.013 A298.60812
G1 X1.445 Y4.93 A298.6165
G1 X1.02 Y4.73 A298.62487
G1 X.661 Y4.427 A298.63324
G1 X.392 Y4.041 A298.64162
G1 X.233 Y3.599 A298.64999
G1 X.206 Y3.274 A298.6558
G1 X.622 Y3.215 F7800
;TYPE:External perimeter
G1 F900
G1 X.618 Y3.186 A298.65632
G1 X.672 Y2.832 A298.6627
G1 X.814 Y2.507 A298.66902
G1 X1.04 Y2.224 A298.67547
G1 X1.329 Y2.011 A298.68187
G1 X1.665 Y1.881 A298.68829
G1 X2.02 Y1.841 A298.69465
G1 X2.374 Y1.895 A298.70103
G1 X2.703 Y2.039 A298.70743
G1 X3.045 Y2.345 A298.71561
G1 X3.195 Y2.552 A298.72016
G1 X3.305 Y2.863 A298.72604
G1 X3.365 Y3.242 A298.73288
G1 X3.311 Y3.597 A298.73928
G1 X3.167 Y3.925 A298.74566
G1 X2.943 Y4.205 A298.75205
G1 X2.634 Y4.426 A298.75882
G1 X2.32 Y4.548 A298.76482
G1 X1.964 Y4.588 A298.7712
G1 X1.609 Y4.534 A298.7776
G1 X1.281 Y4.39 A298.78398
G1 X1.001 Y4.166 A298.79037
G1 X.788 Y3.877 A298.79677
G1 X.658 Y3.543 A298.80316
G1 X.628 Y3.274 A298.80798
G1 A298.50798 F2400
;WIPE_START
G1 F6240
G1 X.622 Y3.215 A298.48631
G1 X.618 Y3.186 A298.47561
G1 X.672 Y2.832 A298.34477
G1 X.814 Y2.507 A298.21518
G1 X1.04 Y2.224 A298.08285
G1 X1.329 Y2.011 A297.95167
G1 X1.665 Y1.881 A297.82003
G1 X2.02 Y1.841 A297.6895
G1 X2.374 Y1.895 A297.55866
G1 X2.703 Y2.039 A297.42744
G1 X2.947 Y2.257 A297.30798
;WIPE_END
G1 X-.056 Y-2.461 F7800
G1 A298.80798 F2400
;WIDTH:0.36146
G1 F2880
G1 X-.057 Y-2.462 A298.808
;WIDTH:0.3958
G1 X-26.83 Y-39.867 A299.5239
G1 X-37.142 Y-54.103 A299.79748
;TYPE:Overhang perimeter
;WIDTH:0.4
;HEIGHT:0.4
M106 P255
G1 F3600
G1 X-37.45 Y-54.528 A299.8249
M106 P204
G1 A299.5249 F2400
;WIPE_START
G1 F6240
G1 X-37.142 Y-54.103 A299.33312
G1 X-35.523 Y-51.868 A298.3249
;WIPE_END
G1 X6.739 Y-.465 F7800
G1 A299.8249 F2400
;TYPE:External perimeter
;WIDTH:0.36146
;HEIGHT:0.1
G1 F2880
G1 X6.757 Y-.488 A299.82531
;WIDTH:0.408426
G1 X34.053 Y-37.513 A300.56535
G1 X42.764 Y-49.47 A300.80335
;WIDTH:0.36146
G1 X44.41 Y-51.717 A300.84272
;TYPE:Overhang perimeter
;WIDTH:0.4
;HEIGHT:0.4
M106 P255
G1 F3600
G1 X44.719 Y-52.14 A300.87009
M106 P204
G1 A300.57009 F2400
;WIPE_START
G1 F6240
G1 X44.41 Y-51.717 A300.37869
G1 X42.778 Y-49.49 A299.37009
;WIPE_END
G1 X.312 Y9.012 F7800
G1 A300.87009 F2400
;TYPE:External perimeter
;WIDTH:0.36146
;HEIGHT:0.1
G1 F2880
;WIDTH:0.395802
G1 X-.014 Y55.009 A301.58597
G1 X-.039 Y72.587 A301.85954
;TYPE:Overhang perimeter
;WIDTH:0.4
;HEIGHT:0.4
M106 P255
G1 F3600
G1 X-.04 Y73.112 A301.88697
M106 P204
G1 A301.58697 F2400
;WIPE_START
G1 F6240
G1 X-.039 Y72.587 A301.39514
G1 X-.035 Y69.828 A300.38697
;WIPE_END
G1 X-4.037 Y3.408 F7800
G1 A301.88697 F2400
;TYPE:External perimeter
;WIDTH:0.36146
;HEIGHT:0.1
G1 F2880
;WIDTH:0.408424
G1 X-47.886 Y17.318 A302.62706
G1 X-61.961 Y21.872 A302.86506
;WIDTH:0.36146
G1 X-64.613 Y22.722 A302.90443
;TYPE:Overhang perimeter
;WIDTH:0.4
;HEIGHT:0.4
M106 P255
G1 F3600
G1 X-65.112 Y22.882 A302.93181
M106 P204
G1 A302.63181 F2400
;WIPE_START
G1 F6240
G1 X-64.613 Y22.722 A302.44034
G1 X-61.984 Y21.879 A301.43181
;WIPE_END
G1 X5.608 Y-.089 F7800
G1 A302.93181 F2400
;TYPE:Perimeter
;WIDTH:0.449999
;HEIGHT:0.1
G1 F900
G1 X5.882 Y.186 A302.93873
G1 X6.166 Y.619 A302.94796
G1 X6.551 Y1.382 A302.96319
G1 X6.795 Y2.176 A302.97799
G1 X6.903 Y3.057 A302.9938
G1 X6.87 Y3.802 A303.00709
G1 X6.705 Y4.573 A303.02114
G1 X6.585 Y4.927 A303.0278
G1 X6.391 Y5.391 A303.03676
G1 X6.027 Y6.029 A303.04985
G1 X5.389 Y6.765 A303.0672
G1 X4.743 Y7.286 A303.08199
G1 X4.027 Y7.687 A303.09661
G1 X3.167 Y7.985 A303.11283
G1 X2.441 Y8.108 A303.12595
G1 X1.566 Y8.11 A303.14154
G1 X1.066 Y8.025 A303.15058
G1 X.527 Y7.908 A303.16041
G1 X-.02 Y7.699 A303.17084
G1 X-.76 Y7.286 A303.18594
G1 X-1.408 Y6.762 A303.20079
G1 X-1.958 Y6.137 A303.21562
G1 X-2.429 Y5.358 A303.23184
G1 X-2.696 Y4.691 A303.24464
G1 X-2.823 Y4.121 A303.25504
G1 X-2.909 Y3.575 A303.26489
G1 X-2.921 Y3.033 A303.27455
G1 X-2.812 Y2.179 A303.28989
G1 X-2.567 Y1.38 A303.30478
G1 X-2.221 Y.685 A303.31861
G1 X-1.683 Y-.048 A303.33481
G1 X-1.156 Y-.557 A303.34786
G1 X-.537 Y-.989 A303.36131
G1 X-.093 Y-1.222 A303.37024
G1 X.399 Y-1.439 A303.37982
G1 X1.156 Y-1.628 A303.39372
G1 X1.992 Y-1.7 A303.40867
G1 X2.824 Y-1.629 A303.42355
G1 X3.587 Y-1.433 A303.43759
G1 X4.413 Y-1.062 A303.45372
G1 X4.92 Y-.722 A303.4646
G1 X5.337 Y-.361 A303.47443
G1 X5.566 Y-.131 A303.48021
G1 X6.192 Y-.138 F7800
G1 F900
G1 X6.269 Y-.104 A303.48171
G1 X6.262 Y-.011 A303.48337
G1 X6.536 Y.401 A303.49219
G1 X6.95 Y1.222 A303.50857
G1 X7.215 Y2.087 A303.52469
G1 X7.332 Y3.04 A303.5418
G1 X7.297 Y3.857 A303.55637
G1 X7.094 Y4.805 A303.57364
G1 X6.821 Y5.498 A303.58691
G1 X6.473 Y6.133 A303.59981
G1 X6.453 Y6.251 A303.60194
G1 X6.351 Y6.309 A303.60403
G1 X5.688 Y7.074 A303.62207
G1 X4.984 Y7.642 A303.63819
G1 X4.203 Y8.079 A303.65413
G1 X3.274 Y8.401 A303.67165
G1 X2.478 Y8.536 A303.68603
G1 X1.53 Y8.539 A303.70292
G1 X.709 Y8.4 A303.71776
G1 X.374 Y8.308 A303.72395
G1 X-.202 Y8.088 A303.73494
G1 X-1.001 Y7.642 A303.75124
G1 X-1.706 Y7.073 A303.76738
G1 X-2.305 Y6.391 A303.78355
G1 X-2.814 Y5.55 A303.80106
G1 X-3.106 Y4.818 A303.8151
G1 X-3.283 Y4.028 A303.82952
G1 X-3.347 Y3.506 A303.83889
G1 X-3.35 Y3.004 A303.84783
G1 X-3.232 Y2.089 A303.86427
G1 X-2.967 Y1.221 A303.88044
G1 X-2.588 Y.461 A303.89557
G1 X-2.007 Y-.33 A303.91306
G1 X-1.43 Y-.889 A303.92737
G1 X-.667 Y-1.421 A303.94394
G1 X.086 Y-1.785 A303.95884
G1 X.295 Y-1.854 A303.96276
G1 X1.085 Y-2.053 A303.97727
G1 X1.992 Y-2.13 A303.99349
G1 X2.896 Y-2.053 A304.00965
G1 X3.729 Y-1.839 A304.02497
G1 X4.621 Y-1.438 A304.04239
G1 X5.159 Y-1.078 A304.05392
G1 X5.627 Y-.677 A304.0649
G1 X6.139 Y-.164 A304.07781
G1 X6.655 Y-.261 F7800
;TYPE:External perimeter
G1 F900
G1 X6.642 Y-.208 A304.07878
G1 X6.907 Y.183 A304.0872
G1 X7.349 Y1.062 A304.10473
G1 X7.636 Y1.997 A304.12216
G1 X7.762 Y3.023 A304.14058
G1 X7.723 Y3.911 A304.15642
G1 X7.505 Y4.929 A304.17497
G1 X7.21 Y5.681 A304.18936
G1 X6.849 Y6.339 A304.20273
G1 X6.871 Y6.448 A304.20471
;WIDTH:0.416772
G1 X6.894 Y6.557 A304.20654
G1 X6.784 Y6.574 A304.20837
;WIDTH:0.449999
G1 X6.674 Y6.59 A304.21035
G1 X5.986 Y7.384 A304.22907
G1 X5.225 Y7.998 A304.24649
G1 X4.379 Y8.472 A304.26377
G1 X3.381 Y8.818 A304.28259
G1 X2.514 Y8.965 A304.29826
G1 X1.495 Y8.967 A304.31642
G1 X.516 Y8.802 A304.33411
G1 X.422 Y8.856 A304.33604
;WIDTH:0.41708
G1 X.328 Y8.91 A304.33782
G1 X.275 Y8.809 A304.3397
;WIDTH:0.449999
G1 X.221 Y8.709 A304.34172
G1 X-.384 Y8.477 A304.35326
G1 X-1.242 Y7.998 A304.37077
G1 X-2.004 Y7.383 A304.38822
G1 X-2.652 Y6.646 A304.4057
G1 X-3.199 Y5.741 A304.42454
G1 X-3.517 Y4.945 A304.43981
G1 X-3.701 Y4.122 A304.45484
G1 X-3.773 Y3.548 A304.46515
G1 X-3.856 Y3.47 A304.46718
;WIDTH:0.416722
G1 X-3.939 Y3.392 A304.46905
G1 X-3.863 Y3.331 A304.47065
;WIDTH:0.449999
G1 X-3.787 Y3.27 A304.47239
G1 X-3.778 Y2.975 A304.47765
G1 X-3.653 Y1.998 A304.4952
G1 X-3.366 Y1.061 A304.51266
G1 X-2.955 Y.237 A304.52907
G1 X-2.332 Y-.613 A304.54785
G1 X-1.703 Y-1.221 A304.56344
G1 X-.884 Y-1.792 A304.58123
G1 X-.1 Y-2.171 A304.59674
G1 X-.055 Y-2.271 A304.59869
;WIDTH:0.416953
G1 X-.01 Y-2.371 A304.60049
G1 X.09 Y-2.321 A304.60233
;WIDTH:0.449999
G1 X.191 Y-2.27 A304.60435
G1 X1.015 Y-2.477 A304.61949
G1 X1.992 Y-2.56 A304.63696
G1 X2.968 Y-2.477 A304.65441
G1 X3.872 Y-2.245 A304.67104
G1 X4.83 Y-1.814 A304.68976
G1 X5.536 Y-1.341 A304.7049
G1 X5.916 Y-.993 A304.71408
G1 X6.462 Y-.445 A304.72786
G1 X6.573 Y-.433 A304.72985
;WIDTH:0.413822
G1 X6.683 Y-.421 A304.73166
;WIDTH:0.377644
G1 X6.739 Y-.465 A304.73271
G1 X6.69 Y-.412 A304.73378
;WIDTH:0.413822
G1 X6.668 Y-.319 A304.73534
G1 A304.43534 F2400
;WIPE_START
G1 F6240
G1 X6.655 Y-.261 A304.41362
G1 X6.642 Y-.208 A304.39368
G1 X6.907 Y.183 A304.22109
G1 X7.349 Y1.062 A303.8616
G1 X7.636 Y1.997 A303.50423
G1 X7.726 Y2.727 A303.23534
;WIPE_END
G1 X-1.023 Y-.396 F7800
G1 A304.73534 F2400
;TYPE:Solid infill
;WIDTH:0.36146
G1 F3600
G1 X-1.521 Y.094 A304.74522
G1 X-2.003 Y.655 A304.75568
;WIDTH:0.449999
G1 X-2.241 Y1.382 A304.76931
;WIDTH:0.36146
G1 X-2.312 Y1.363 A304.77035
G1 X-2.293 Y1.434 A304.77139
G1 X-2.252 Y1.423 A304.77199
;WIDTH:0.40573
G1 X-2.157 Y1.257 A304.77505
;WIDTH:0.449999
G1 X-2.063 Y1.09 A304.77846
G1 X-.121 Y-.852 A304.82739
G1 X.044 Y-.945 A304.83076
;WIDTH:0.40573
G1 X.209 Y-1.038 A304.83379
;WIDTH:0.36146
G1 X.168 Y-1.027 A304.83439
G1 X.149 Y-1.098 A304.83543
G1 X.22 Y-1.079 A304.83647
;WIDTH:0.449999
G1 X.856 Y-1.223 A304.84809
G1 X-2.445 Y2.078 A304.93126
G1 X-2.55 Y2.163 A304.93367
;WIDTH:0.40573
G1 X-2.656 Y2.248 A304.93584
;WIDTH:0.36146
G1 X-2.677 Y2.403 A304.93805
;WIDTH:0.449999
G1 X-2.568 Y2.807 A304.94551
G1 X1.581 Y-1.342 A305.05005
G1 X1.498 Y-1.417 A305.05204
;WIDTH:0.40573
G1 X1.416 Y-1.493 A305.05383
;WIDTH:0.36146
G1 X1.026 Y-1.431 A305.05941
G1 X2.204 Y-1.359 F7800
;WIDTH:0.449999
G1 F3600
G1 X-2.601 Y3.446 A305.18048
G1 X-2.573 Y4.269 A305.19515
;WIDTH:0.36146
G1 X-2.644 Y4.25 A305.19619
G1 X-2.625 Y4.321 A305.19723
G1 X-2.584 Y4.31 A305.19783
;WIDTH:0.40573
G1 X-2.555 Y4.143 A305.20054
;WIDTH:0.449999
G1 X-2.526 Y3.977 A305.20354
G1 X2.762 Y-1.311 A305.33678
G1 X3.246 Y-1.189 A305.34567
G1 X1.293 Y.764 A305.39488
G1 X1.141 Y.868 A305.39816
;WIDTH:0.40573
G1 X.99 Y.972 A305.40109
;WIDTH:0.36146
G1 X.702 Y1.169 A305.40602
G1 X.313 Y1.514 A305.41337
G1 X-.022 Y1.886 A305.42045
G1 X-.255 Y2.21 A305.42609
G1 X-.265 Y2.443 A305.42939
;WIDTH:0.449999
G1 X-.457 Y2.513 A305.43303
G1 X-2.415 Y4.472 A305.48238
G1 X-2.258 Y4.921 A305.49085
G1 X-.562 Y3.225 A305.53358
G1 X-.48 Y3.845 A305.54472
G1 X-.296 Y4.337 A305.55408
G1 X-.13 Y4.625 A305.56
G1 X.205 Y5.036 A305.56945
G1 X.611 Y5.346 A305.57855
G1 X.92 Y5.509 A305.58477
G1 X1.474 Y5.711 A305.59528
G1 X2.019 Y5.766 A305.60504
G1 X2.562 Y5.698 A305.61479
;WIDTH:0.471986
G1 X3.275 Y5.433 A305.62904
G1 X3.236 Y5.474 A305.6301
;WIDTH:0.468799
G1 X2.744 Y5.98 A305.64323
;WIDTH:0.449999
G1 X1.094 Y7.63 A305.6848
G1 X1.094 Y7.704 A305.68612
G1 X.718 Y7.641 A305.69291
G1 X.116 Y7.407 A305.70442
G1 X-.579 Y7.019 A305.7186
G1 X-1.185 Y6.529 A305.73248
G1 X-1.698 Y5.946 A305.74632
G1 X-2.067 Y5.336 A305.75902
G1 X-.647 Y3.917 A305.79479
G1 X-.67 Y4.545 A305.80599
G1 X-.442 Y4.924 A305.81387
G1 X-.02 Y5.409 A305.82532
G1 X.453 Y5.763 A305.83585
G1 X.94 Y5.974 A305.84531
G1 X1.426 Y6.137 A305.85444
G1 X1.924 Y6.193 A305.86337
G1 X.914 Y7.204 A305.88883
G1 X.832 Y7.225 A305.89034
G1 X.299 Y7.018 A305.90053
G1 X-.339 Y6.662 A305.91355
G1 X-.848 Y6.251 A305.92521
G1 X-1.203 Y5.861 A305.93461
G1 X-1.526 Y5.402 A305.94461
G1 X-.821 Y4.696 A305.96239
G1 X-.745 Y5.19 A305.97129
;WIDTH:0.398436
G1 X-.29 Y5.707 A305.98208
;WIDTH:0.403471
G1 X.111 Y6.013 A305.99009
G1 X.469 Y6.226 A305.99671
;WIDTH:0.409811
G1 X1.077 Y6.463 A306.00725
G1 X.775 Y6.765 A306.01415
G1 X.312 Y6.565 A306.02229
;WIDTH:0.403471
G1 X-.123 Y6.315 A306.03026
G1 X-.619 Y5.916 A306.04037
;WIDTH:0.398436
G1 X-1.017 Y5.462 A306.04983
G1 X-.897 Y5.341 A306.0525
G1 A305.7525 F2400
;WIPE_START
G1 F6240
G1 X-1.017 Y5.462 A305.69023
G1 X-.619 Y5.916 A305.46963
G1 X-.123 Y6.315 A305.23704
G1 X.312 Y6.565 A305.05372
G1 X.775 Y6.765 A304.86944
G1 X1.077 Y6.463 A304.71339
G1 X.667 Y6.303 A304.5525
;WIPE_END
G1 X1.997 Y.666 F7800
G1 A306.0525 F2400
;WIDTH:0.449999
G1 F3600
G1 X3.695 Y-1.032 A306.09528
G1 X3.962 Y-.693 A306.10297
G1 X2.528 Y.741 A306.1391
G1 X2.797 Y.796 A306.14399
G1 X3.281 Y1.013 A306.15344
G1 X3.735 Y1.352 A306.16353
G1 X4.094 Y1.776 A306.17343
G1 X4.369 Y2.333 A306.1845
G1 X4.54 Y3.125 A306.19894
G1 X4.495 Y3.684 A306.20893
G1 X4.396 Y4.057 A306.21581
;WIDTH:0.469825
G1 X4.25 Y4.459 A306.22378
G1 X4.816 Y3.908 A306.2385
;WIDTH:0.449999
G1 X6.394 Y2.33 A306.27826
G1 X6.485 Y2.291 A306.28002
G1 X6.299 Y1.657 A306.29179
G1 X5.956 Y.916 A306.30634
G1 X5.668 Y.447 A306.31615
G1 X5.243 Y-.012 A306.3273
G1 X4.806 Y-.412 A306.33786
G1 X4.257 Y-.78 A306.34964
G1 X4.113 Y-.844 A306.35245
G1 X4.186 Y-.311 A306.36203
G1 X4.65 Y.026 A306.37225
G1 X5.104 Y.445 A306.38326
G1 X5.517 Y.997 A306.39554
G1 X5.83 Y1.617 A306.40791
G1 X5.994 Y2.123 A306.41739
G1 X4.966 Y3.152 A306.4433
G1 X4.961 Y3.049 A306.44514
G1 X4.787 Y2.215 A306.46032
G1 X4.508 Y1.634 A306.4718
G1 X4.341 Y1.402 A306.47689
G1 X3.992 Y1.009 A306.48625
G1 X3.538 Y.67 A306.49634
G1 X3.319 Y.556 A306.50074
G1 X4.035 Y-.16 A306.51878
G1 X4.136 Y.024 A306.52252
;WIDTH:0.424698
G1 X4.237 Y.208 A306.52604
;WIDTH:0.399397
G1 X4.56 Y.484 A306.53272
;WIDTH:0.411466
G1 X4.951 Y.886 A306.54181
G1 X5.213 Y1.291 A306.54963
;WIDTH:0.401273
G1 X5.537 Y2.009 A306.56207
;WIDTH:0.400901
G1 X5.238 Y2.308 A306.56874
;WIDTH:0.406495
G1 X5.121 Y1.971 A306.57445
G1 X4.736 Y1.244 A306.58762
;WIDTH:0.404461
G1 X4.411 Y.858 A306.59565
;WIDTH:0.399397
G1 X3.962 Y.483 A306.60484
G1 X4.086 Y.36 A306.60758
G1 A306.30758 F2400
;WIPE_START
G1 F6240
G1 X3.962 Y.483 A306.24376
G1 X4.411 Y.858 A306.03001
G1 X4.736 Y1.244 A305.84564
G1 X5.121 Y1.971 A305.54506
G1 X5.238 Y2.308 A305.41472
G1 X5.537 Y2.009 A305.26022
G1 X5.365 Y1.628 A305.10758
;WIPE_END
G1 X4.209 Y4.498 F7800
G1 A306.60758 F2400
;WIDTH:0.473124
G1 F3600
G1 X3.968 Y4.77 A306.6144
;WIDTH:0.429853
G1 X3.726 Y5.042 A306.62058
;WIDTH:0.429284
G1 X3.501 Y5.238 A306.62564
;WIDTH:0.471986
G1 X3.275 Y5.433 A306.63123
G1 A306.33123 F2400
;WIPE_START
G1 F6240
G1 X3.501 Y5.238 A306.22216
G1 X3.726 Y5.042 A306.11313
G1 X3.968 Y4.77 A305.9801
G1 X4.209 Y4.498 A305.84732
;WIPE_END
G1 A305.13123 F2400
G1 X1.548 Y7.781 F7800
G1 A306.63123 F2400
;WIDTH:0.449999
G1 F3600
G1 X6.545 Y2.784 A306.75714
G1 X6.567 Y3.368 A306.76755
G1 X2.148 Y7.787 A306.87889
G1 X2.825 Y7.717 A306.89102
G1 X6.488 Y4.054 A306.98331
G1 X6.323 Y4.787 A306.9967
;WIDTH:0.39716
G1 X6.162 Y5.196 A307.00357
G1 X5.811 Y5.83 A307.01489
;WIDTH:0.429655
G1 X5.158 Y6.551 A307.0314
G1 X4.579 Y7.044 A307.04431
;WIDTH:0.390129
G1 X3.913 Y7.416 A307.056
G1 X3.568 Y7.537 A307.0616
G1 X4.345 Y6.76 A307.07844
;WIDTH:0.429655
G1 X4.885 Y6.248 A307.09107
G1 X5.537 Y5.574 A307.10698
;WIDTH:0.39716
G1 X6.172 Y4.939 A307.12101
M106 P145.35
;LAYER_CHANGE
;Z:0.714286
;HEIGHT:0.0142857
G1 A306.82101 F2400
;WIPE_START
G1 F6240
G1 X5.537 Y5.574 A306.49289
G1 X4.885 Y6.248 A306.15025
G1 X4.345 Y6.76 A305.87835
G1 X3.847 Y7.258 A305.62101
;WIPE_END
G1 Z.714 F7800
G1 X4.316 Y10.913
G1 A307.12101 F2400
;TYPE:Support material
;WIDTH:0.35
;HEIGHT:0.257143
G1 F3600
G1 X4.271 Y23.953 A307.53201
G1 X4.057 Y28.018 A307.66031
G1 X4.247 Y28.781 A307.68509
G1 X4.213 Y40.098 A308.04178
G1 X3.98 Y47.722 A308.28219
G1 X4.173 Y48.458 A308.30617
G1 X4.155 Y56.242 A308.55151
G1 X3.906 Y66.679 A308.88056
G1 X4.106 Y67.421 A308.90478
G1 X4.097 Y72.385 A309.06124
G1 X4.083 Y73.039 A309.08186
G1 X3.226 Y73.039 A309.10887
G1 X3.25 Y65.022 A309.36155
G1 X3.029 Y64.26 A309.38656
G1 X3.065 Y53.037 A309.74029
G1 X2.843 Y52.28 A309.76515
G1 X2.894 Y23.69 A310.66625
G1 X2.672 Y22.928 A310.69127
G1 X2.679 Y9.8 A311.10504
G1 X3.641 Y9.631 A311.13582
G1 X4.323 Y9.403 A311.15848
G1 X4.317 Y10.869 A311.20469
G1 X4.178 Y12.058 F7800
G1 F3600
G1 X2.959 Y12.058 A311.24311
G1 X2.956 Y14.887 A311.33227
G1 X4.02 Y14.887 A311.36581
G1 X4.009 Y17.715 A311.45494
G1 X2.954 Y17.715 A311.48819
G1 X2.952 Y20.544 A311.57735
G1 X4 Y20.544 A311.61038
G1 X3.99 Y23.372 A311.69951
G1 X3.12 Y23.372 A311.72693
G1 X3.177 Y23.663 A311.73628
G1 X3.172 Y26.201 A311.81627
G1 X3.87 Y26.201 A311.83827
G1 X3.774 Y28.032 A311.89606
G1 X3.964 Y28.832 A311.92198
G1 X3.963 Y29.029 A311.92819
G1 X3.166 Y29.029 A311.95331
G1 X3.16 Y31.858 A312.04248
G1 X3.955 Y31.858 A312.06754
G1 X3.946 Y34.686 A312.15667
G1 X3.155 Y34.686 A312.1816
G1 X3.151 Y37.515 A312.27076
G1 X3.937 Y37.515 A312.29553
G1 X3.921 Y40.343 A312.38466
G1 X3.144 Y40.343 A312.40915
G1 X3.14 Y43.172 A312.49831
G1 X3.816 Y43.172 A312.51962
G1 X3.75 Y46.001 A312.60881
G1 X3.137 Y46.001 A312.62813
G1 X3.13 Y48.829 A312.71726
G1 X3.89 Y48.829 A312.74121
G1 X3.883 Y51.658 A312.83038
G1 X3.126 Y51.658 A312.85424
G1 X3.126 Y52.224 A312.87208
G1 X3.348 Y53.01 A312.89782
G1 X3.346 Y54.486 A312.94434
G1 X3.877 Y54.486 A312.96108
G1 X3.845 Y57.315 A313.05025
G1 X3.338 Y57.315 A313.06623
G1 X3.327 Y60.143 A313.15536
G1 X3.772 Y60.143 A313.16939
G1 X3.707 Y62.972 A313.25858
G1 X3.316 Y62.972 A313.2709
G1 X3.312 Y64.205 A313.30976
G1 X3.532 Y64.995 A313.33561
G1 X3.528 Y65.8 A313.36098
G1 X3.644 Y65.8 A313.36464
G1 X3.623 Y66.701 A313.39305
G1 X3.823 Y67.474 A313.41822
G1 X3.821 Y68.629 A313.45462
G1 X3.518 Y68.629 A313.46417
G1 X3.508 Y71.457 A313.5533
G1 X3.964 Y71.457 A313.56767
G1 A313.26767 F2400
;WIPE_START
G1 F6240
G1 X3.508 Y71.457 A313.10105
G1 X3.518 Y68.629 A312.06767
;WIPE_END
G1 X-3.967 Y6.401 F7800
G1 A313.56767 F2400
G1 F3600
G1 X-4.681 Y6.401 A313.59017
G1 X-13.412 Y9.229 A313.87943
G1 X-9.976 Y9.229 A313.98773
G1 X-17.106 Y11.519 A314.22376
G1 X-19.117 Y12.058 A314.28938
G1 X-21.422 Y12.058 A314.36203
G1 X-30.178 Y14.887 A314.65205
G1 X-27.61 Y14.887 A314.73299
G1 X-32.482 Y16.454 A314.89429
G1 X-36.842 Y17.715 A315.03734
G1 X-38.934 Y17.715 A315.10328
G1 X-44.269 Y19.438 A315.27998
G1 X-44.947 Y19.891 A315.30568
G1 X-46.963 Y20.544 A315.37247
G1 X-45.236 Y20.544 A315.4269
G1 X-54.508 Y23.372 A315.73243
G1 X-55.673 Y23.372 A315.76915
G1 X-56.291 Y23.772 A315.79235
G1 X-63.679 Y26.147 A316.03694
G1 X-63.661 Y26.201 A316.03873
G1 X-62.369 Y26.201 A316.07945
G1 X-3.999 Y6.038 F7800
G1 F3600
G1 X-3.178 Y7.345 A316.1281
G1 X-17.028 Y11.79 A316.58656
G1 X-20.959 Y12.844 A316.71483
G1 X-21.627 Y13.26 A316.73963
G1 X-32.4 Y16.724 A317.0963
G1 X-39.723 Y18.859 A317.33672
G1 X-40.363 Y19.27 A317.36069
G1 X-47.772 Y21.658 A317.60604
G1 X-57.775 Y24.646 A317.93508
G1 X-58.419 Y25.066 A317.95931
G1 X-63.769 Y26.78 A318.13637
G1 X-64.034 Y25.966 A318.16335
G1 X-56.404 Y23.511 A318.41598
G1 X-55.748 Y23.066 A318.44096
G1 X-45.06 Y19.631 A318.7948
G1 X-44.409 Y19.187 A318.81964
G1 X-17.203 Y10.4 A319.72074
G1 X-16.547 Y9.953 A319.74576
G1 X-4.053 Y5.901 A320.15974
G1 X-4.015 Y5.997 A320.16299
G1 A319.86299 F2400
;WIPE_START
G1 F6240
G1 X-4.053 Y5.901 A319.82527
G1 X-7.079 Y6.882 A318.66299
;WIPE_END
G1 X-2.873 Y-2.085 F7800
G1 A320.16299 F2400
G1 F3600
G1 X-4.382 Y-2.085 A320.21055
G1 X-6.422 Y-4.913 A320.32045
G1 X-5.107 Y-4.913 A320.3619
G1 X-7.158 Y-7.742 A320.47203
G1 X-8.46 Y-7.742 A320.51307
G1 X-10.501 Y-10.57 A320.62299
G1 X-9.211 Y-10.57 A320.66365
G1 X-10.342 Y-12.124 A320.72423
G1 X-10.987 Y-12.633 A320.75013
G1 X-11.54 Y-13.399 A320.77991
G1 X-12.468 Y-13.399 A320.80916
G1 X-14.038 Y-15.816 A320.9
G1 X-14.473 Y-16.227 A320.91886
G1 X-13.587 Y-16.227 A320.94679
G1 X-15.634 Y-19.056 A321.05685
G1 X-16.614 Y-19.056 A321.08774
G1 X-18.656 Y-21.884 A321.19768
G1 X-17.681 Y-21.884 A321.22841
G1 X-19.729 Y-24.713 A321.33849
G1 X-20.699 Y-24.713 A321.36906
G1 X-22.636 Y-27.542 A321.47712
G1 X-21.775 Y-27.542 A321.50426
G1 X-23.825 Y-30.37 A321.61435
G1 X-24.582 Y-30.37 A321.63821
G1 X-25.56 Y-31.806 A321.69297
G1 X-26.169 Y-32.314 A321.71797
G1 X-26.808 Y-33.199 A321.75237
G1 X-25.871 Y-33.199 A321.7819
G1 X-27.733 Y-35.769 A321.88193
G1 X-28.108 Y-36.027 A321.89628
G1 X-28.853 Y-36.027 A321.91976
G1 X-30.888 Y-38.856 A322.0296
G1 X-30.244 Y-38.856 A322.0499
G1 X-32.282 Y-41.684 A322.15977
G1 X-32.834 Y-41.684 A322.17717
G1 X-34.795 Y-44.513 A322.28566
G1 X-34.321 Y-44.513 A322.3006
G1 X-34.926 Y-45.353 A322.33323
G1 X-35.569 Y-45.862 A322.35908
G1 X-36.634 Y-47.341 A322.41652
G1 X-36.803 Y-47.341 A322.42185
G1 X-37.261 Y-47.696 A322.44011
G1 X-39.052 Y-50.17 A322.53637
G1 X-38.49 Y-50.17 A322.55408
G1 X-39.09 Y-51.231 F7800
G1 F3600
G1 X-35.356 Y-46.049 A322.75539
G1 X-34.73 Y-45.563 A322.78037
G1 X-28.162 Y-36.461 A323.13414
G1 X-27.538 Y-35.98 A323.15897
G1 X-10.774 Y-12.82 A324.06009
G1 X-10.146 Y-12.335 A324.0851
G1 X-2.432 Y-1.705 A324.49906
G1 X-2.987 Y-1.156 A324.52366
G1 X-3.537 Y-.429 A324.55239
G1 X-12.042 Y-12.224 A325.01071
G1 X-14.258 Y-15.638 A325.13899
G1 X-14.86 Y-16.144 A325.16378
G1 X-21.485 Y-25.319 A325.52047
G1 X-25.778 Y-31.624 A325.76088
G1 X-26.366 Y-32.106 A325.78484
G1 X-30.927 Y-38.414 A326.03018
G1 X-36.86 Y-47.005 A326.35925
G1 X-37.458 Y-47.487 A326.38346
G1 X-40.742 Y-52.046 A326.56055
G1 X-40.049 Y-52.549 A326.58754
G1 X-39.116 Y-51.266 A326.63754
G1 A326.33754 F2400
;WIPE_START
G1 F6240
G1 X-40.049 Y-52.549 A325.7579
G1 X-40.742 Y-52.046 A325.44502
G1 X-40.25 Y-51.363 A325.13754
;WIPE_END
G1 X6.884 Y-4.913 F7800
G1 A326.63754 F2400
G1 F3600
G1 X5.376 Y-4.913 A326.68507
G1 X7.446 Y-7.742 A326.79556
G1 X8.761 Y-7.742 A326.83701
G1 X10.819 Y-10.57 A326.94725
G1 X9.517 Y-10.57 A326.98829
G1 X11.587 Y-13.399 A327.09878
G1 X12.802 Y-13.399 A327.13707
G1 X13.052 Y-14.025 A327.15832
G1 X14.658 Y-16.227 A327.24422
G1 X13.774 Y-16.227 A327.27208
G1 X15.137 Y-17.911 A327.34036
G1 X15.454 Y-18.67 A327.36628
G1 X15.736 Y-19.056 A327.38135
G1 X16.722 Y-19.056 A327.41243
G1 X18.787 Y-21.884 A327.5228
G1 X17.805 Y-21.884 A327.55375
G1 X19.872 Y-24.713 A327.66418
G1 X20.848 Y-24.713 A327.69494
G1 X22.913 Y-27.542 A327.80533
G1 X21.94 Y-27.542 A327.836
G1 X24.147 Y-30.37 A327.94906
G1 X24.973 Y-30.37 A327.97509
G1 X27.035 Y-33.199 A328.08543
G1 X26.31 Y-33.199 A328.10828
G1 X26.784 Y-33.811 A328.13268
G1 X27.079 Y-34.547 A328.15767
G1 X28.161 Y-36.027 A328.21545
G1 X29.098 Y-36.027 A328.24498
G1 X29.881 Y-37.102 A328.2869
G1 X30.164 Y-37.868 A328.31264
G1 X30.883 Y-38.856 A328.35115
G1 X30.226 Y-38.856 A328.37186
G1 X32.323 Y-41.684 A328.48282
G1 X32.95 Y-41.684 A328.50258
G1 X35.022 Y-44.513 A328.6131
G1 X34.493 Y-44.513 A328.62977
G1 X36.641 Y-47.341 A328.7417
G1 X36.905 Y-47.341 A328.75002
G1 X37.06 Y-47.674 A328.7616
G1 X38.889 Y-50.17 A328.85913
G1 X38.514 Y-50.17 A328.87095
G1 X40.577 Y-52.998 A328.98128
G1 X41.142 Y-52.998 A328.99909
G1 X41.361 Y-54.49 F7800
G1 F3600
G1 X42.035 Y-54.001 A329.02534
G1 X37.304 Y-47.529 A329.27801
G1 X37.035 Y-46.784 A329.30297
G1 X30.408 Y-37.724 A329.65676
G1 X30.143 Y-36.981 A329.68162
G1 X13.296 Y-13.881 A330.58275
G1 X13.029 Y-13.134 A330.60775
G1 X5.308 Y-2.519 A331.02146
G1 X4.404 Y-2.951 A331.05304
G1 X3.74 Y-3.159 A331.07497
G1 X12.338 Y-14.903 A331.53372
G1 X14.899 Y-18.066 A331.66199
G1 X15.195 Y-18.795 A331.68679
G1 X21.874 Y-27.93 A332.04346
G1 X26.544 Y-33.961 A332.28387
G1 X26.82 Y-34.67 A332.30785
G1 X31.41 Y-40.957 A332.55319
G1 X37.747 Y-49.255 A332.88227
G1 X38.021 Y-49.972 A332.90646
G1 X41.33 Y-54.488 A333.08292
G1 A332.78292 F2400
;WIPE_START
G1 F6240
G1 X39.389 Y-51.839 A331.58292
;WIPE_END
G1 X10.049 Y3.388 F7800
G1 A333.08292 F2400
G1 F3600
G1 X22.419 Y7.456 A333.49334
G1 X26.219 Y8.915 A333.62163
G1 X27.004 Y8.97 A333.64643
G1 X37.756 Y12.5 A334.00311
G1 X44.935 Y15.077 A334.24352
G1 X45.694 Y15.121 A334.26748
G1 X53.092 Y17.543 A334.51283
G1 X62.942 Y21.006 A334.84191
G1 X63.709 Y21.045 A334.86612
G1 X68.427 Y22.587 A335.02256
G1 X69.045 Y22.803 A335.04319
G1 X68.781 Y23.617 A335.07016
G1 X61.165 Y21.118 A335.32279
G1 X60.373 Y21.093 A335.34776
G1 X49.708 Y17.59 A335.70157
G1 X48.92 Y17.567 A335.72642
G1 X21.744 Y8.683 A336.62756
G1 X20.951 Y8.659 A336.65257
G1 X8.46 Y4.593 A337.0666
G1 X8.574 Y3.962 A337.08681
G1 X8.609 Y2.913 A337.11989
G1 X10.007 Y3.374 A337.16629
G1 X10.179 Y3.572 F7800
G1 F3600
G1 X8.873 Y3.572 A337.20745
G1 X8.789 Y4.404 A337.23381
G1 X14.916 Y6.401 A337.43692
G1 X18.306 Y6.401 A337.54377
G1 X22.324 Y7.721 A337.67707
G1 X26.4 Y9.229 A337.81405
G1 X24.323 Y9.229 A337.87951
G1 X32.971 Y12.058 A338.16629
G1 X35.504 Y12.058 A338.24613
G1 X43.568 Y14.887 A338.51548
G1 X41.627 Y14.887 A338.57666
G1 X48.954 Y17.281 A338.81961
G1 X49.769 Y17.313 A338.84532
G1 X51.003 Y17.715 A338.88623
G1 X52.71 Y17.715 A338.94003
G1 X60.774 Y20.544 A339.20938
G1 X59.135 Y20.544 A339.26104
;LAYER_CHANGE
;Z:0.8
;HEIGHT:0.0857143
G1 A338.96104 F2400
;WIPE_START
G1 F6240
G1 X60.774 Y20.544 A338.36217
G1 X59.222 Y19.999 A337.76104
;WIPE_END
G1 Z.8 F7800
G1 X-.222 Y3.214
G1 A339.26104 F2400
;TYPE:Perimeter
;WIDTH:0.449999
;HEIGHT:0.1
G1 F900
G1 X-.192 Y2.774 A339.2689
G1 X-.003 Y2.224 A339.27926
G1 X.321 Y1.741 A339.28962
G1 X.759 Y1.359 A339.29997
G1 X1.252 Y1.116 A339.30976
G1 X1.559 Y1.03 A339.31544
G1 X2.083 Y.986 A339.32481
G1 X2.667 Y1.09 A339.33538
G1 X3.167 Y1.318 A339.34517
G1 X3.58 Y1.646 A339.35457
G1 X3.891 Y2.043 A339.36356
G1 X4.103 Y2.504 A339.3726
G1 X4.215 Y3.075 A339.38297
G1 X4.175 Y3.655 A339.39333
G1 X4.002 Y4.165 A339.40293
G1 X3.7 Y4.635 A339.41288
G1 X3.465 Y4.885 A339.41899
G1 X2.982 Y5.21 A339.42936
G1 X2.471 Y5.392 A339.43902
G1 X1.852 Y5.437 A339.45008
G1 X1.313 Y5.338 A339.45984
G1 X.781 Y5.086 A339.47033
G1 X.366 Y4.743 A339.47992
G1 X.136 Y4.447 A339.4866
G1 X-.119 Y3.925 A339.49695
G1 X-.231 Y3.354 A339.50732
G1 X-.226 Y3.274 A339.50875
G1 X.189 Y3.215 F7800
G1 F900
G1 X.188 Y3.209 A339.50886
G1 X.277 Y2.668 A339.51863
G1 X.476 Y2.243 A339.52699
G1 X.78 Y1.884 A339.53537
G1 X1.165 Y1.615 A339.54374
G1 X1.614 Y1.455 A339.55223
G1 X2.076 Y1.416 A339.56049
G1 X2.538 Y1.499 A339.56885
G1 X2.963 Y1.699 A339.57722
G1 X3.322 Y2.002 A339.58559
G1 X3.591 Y2.388 A339.59397
G1 X3.75 Y2.83 A339.60234
G1 X3.79 Y3.298 A339.61071
G1 X3.707 Y3.761 A339.61909
G1 X3.496 Y4.172 A339.62732
G1 X3.204 Y4.545 A339.63576
G1 X2.8 Y4.821 A339.64448
G1 X2.376 Y4.973 A339.6525
G1 X1.902 Y5.012 A339.66097
G1 X1.445 Y4.93 A339.66924
G1 X1.02 Y4.73 A339.67761
G1 X.661 Y4.427 A339.68598
G1 X.476 Y4.186 A339.69139
G1 X.261 Y3.719 A339.70055
G1 X.197 Y3.275 A339.70854
G1 X.622 Y3.215 F7800
;TYPE:External perimeter
G1 F900
G1 X.618 Y3.186 A339.70906
G1 X.672 Y2.832 A339.71544
G1 X.816 Y2.504 A339.72182
G1 X1.04 Y2.224 A339.72821
G1 X1.329 Y2.011 A339.73461
G1 X1.67 Y1.88 A339.74112
G1 X2.02 Y1.841 A339.74739
G1 X2.374 Y1.895 A339.75377
G1 X2.703 Y2.039 A339.76017
G1 X3.046 Y2.346 A339.76837
G1 X3.195 Y2.552 A339.7729
G1 X3.325 Y2.886 A339.77929
G1 X3.352 Y3.338 A339.78736
G1 X3.311 Y3.597 A339.79203
G1 X3.14 Y3.933 A339.79875
G1 X2.943 Y4.205 A339.80473
G1 X2.636 Y4.425 A339.81146
G1 X2.32 Y4.548 A339.8175
G1 X1.958 Y4.587 A339.82399
G1 X1.609 Y4.534 A339.83028
G1 X1.281 Y4.39 A339.83666
G1 X1.001 Y4.166 A339.84305
G1 X.816 Y3.925 A339.84846
G1 X.658 Y3.543 A339.85583
G1 X.628 Y3.274 A339.86065
G1 A339.56065 F2400
;WIPE_START
G1 F6240
G1 X.622 Y3.215 A339.53898
G1 X.618 Y3.186 A339.52828
G1 X.672 Y2.832 A339.39744
G1 X.816 Y2.504 A339.26655
G1 X1.04 Y2.224 A339.13553
G1 X1.329 Y2.011 A339.00435
G1 X1.67 Y1.88 A338.87088
G1 X2.02 Y1.841 A338.7422
G1 X2.374 Y1.895 A338.61136
G1 X2.703 Y2.039 A338.48014
G1 X2.947 Y2.257 A338.36065
;WIPE_END
G1 X67.744 Y26.69 F7800
G1 A339.86065 F2400
;WIDTH:0.462164
G1 F2880
G1 X65.184 Y25.848 A339.91003
;WIDTH:0.478622
G1 X44.693 Y19.053 A340.32035
;WIDTH:0.441265
G1 X25.858 Y12.797 A340.66674
;WIDTH:0.403908
G1 X7.023 Y6.542 A340.98231
;WIDTH:0.366552
G1 X7.022 Y6.542 A340.98232
G1 A340.68232 F2400
;WIPE_START
G1 F6240
G1 X7.023 Y6.542 A340.68195
G1 X10.139 Y7.577 A339.48232
;WIPE_END
G1 X-.017 Y73.003 F7800
G1 A340.98232 F2400
;WIDTH:0.462168
G1 F2880
G1 X-.006 Y70.308 A341.0317
;WIDTH:0.478626
G1 X.124 Y48.72 A341.44203
;WIDTH:0.441268
G1 X.253 Y28.874 A341.78842
;WIDTH:0.403909
G1 X.382 Y9.028 A342.10399
;WIDTH:0.36655
G1 X.382 Y9.027 A342.104
G1 A341.804 F2400
;WIPE_START
G1 F6240
G1 X.382 Y9.028 A341.80363
G1 X.361 Y12.311 A340.604
;WIPE_END
G1 X-65.002 Y22.87 F7800
G1 A342.104 F2400
;WIDTH:0.462166
G1 F2880
G1 X-62.435 Y22.047 A342.15339
;WIDTH:0.478624
G1 X-41.864 Y15.5 A342.5637
;WIDTH:0.441267
G1 X-22.949 Y9.49 A342.9101
;WIDTH:0.40391
G1 X-4.034 Y3.48 A343.22567
;WIDTH:0.366552
G1 X-4.033 Y3.48 A343.22568
G1 A342.92568 F2400
;WIPE_START
G1 F6240
G1 X-4.034 Y3.48 A342.92531
G1 X-7.163 Y4.474 A341.72568
;WIPE_END
G1 X-.123 Y-2.434 F7800
G1 A343.22568 F2400
G1 F2880
G1 X-.123 Y-2.435 A343.22569
;WIDTH:0.403911
G1 X-11.684 Y-18.566 A343.54125
;WIDTH:0.44127
G1 X-23.245 Y-34.698 A343.88765
;WIDTH:0.478628
G1 X-35.828 Y-52.24 A344.29797
;WIDTH:0.462158
G1 X-37.404 Y-54.426 A344.34735
G1 A344.04735 F2400
;WIPE_START
G1 F6240
G1 X-35.828 Y-52.24 A343.06268
G1 X-35.485 Y-51.761 A342.84735
;WIPE_END
G1 X44.637 Y-52.065 F7800
G1 A344.34735 F2400
;WIDTH:0.462172
G1 F2880
G1 X43.044 Y-49.891 A344.39673
;WIDTH:0.478628
G1 X30.25 Y-32.502 A344.80706
;WIDTH:0.441269
G1 X18.48 Y-16.522 A345.15346
;WIDTH:0.40391
G1 X6.71 Y-.542 A345.46903
;WIDTH:0.369164
G1 X6.691 Y-.518 A345.46947
G1 X5.588 Y-.107 F7800
;TYPE:Perimeter
;WIDTH:0.449999
G1 F900
G1 X5.853 Y.149 A345.47603
G1 X6.167 Y.62 A345.48612
G1 X6.551 Y1.382 A345.50132
G1 X6.794 Y2.176 A345.51611
G1 X6.903 Y3.065 A345.53207
G1 X6.871 Y3.797 A345.54512
G1 X6.704 Y4.578 A345.55935
G1 X6.587 Y4.926 A345.56589
G1 X6.339 Y5.487 A345.57682
G1 X6.064 Y5.977 A345.58683
G1 X5.387 Y6.766 A345.60535
G1 X4.743 Y7.286 A345.6201
G1 X4.029 Y7.686 A345.63468
G1 X3.157 Y7.987 A345.65112
G1 X2.446 Y8.107 A345.66397
G1 X1.675 Y8.11 A345.67771
G1 X1.078 Y8.029 A345.68844
G1 X.588 Y7.928 A345.69735
G1 X-.022 Y7.698 A345.70896
G1 X-.76 Y7.286 A345.72402
G1 X-1.408 Y6.762 A345.73887
G1 X-1.964 Y6.131 A345.75385
G1 X-2.353 Y5.508 A345.76694
G1 X-2.696 Y4.688 A345.78278
G1 X-2.823 Y4.123 A345.7931
G1 X-2.916 Y3.534 A345.80372
G1 X-2.921 Y3.033 A345.81265
G1 X-2.812 Y2.179 A345.82799
G1 X-2.567 Y1.38 A345.84288
G1 X-2.225 Y.693 A345.85655
G1 X-1.681 Y-.05 A345.87296
G1 X-1.166 Y-.549 A345.88574
G1 X-.734 Y-.852 A345.89514
G1 X-.236 Y-1.154 A345.90552
G1 X.335 Y-1.418 A345.91673
G1 X1.159 Y-1.629 A345.93188
G1 X1.992 Y-1.7 A345.94678
G1 X2.824 Y-1.629 A345.96166
G1 X3.581 Y-1.435 A345.97558
G1 X4.315 Y-1.105 A345.98992
G1 X4.65 Y-.904 A345.99688
G1 X5.069 Y-.61 A346.006
G1 X5.545 Y-.149 A346.01781
G1 X6.151 Y-.177 F7800
G1 F900
G1 X6.224 Y-.143 A346.01924
G1 X6.248 Y-.021 A346.02146
G1 X6.537 Y.402 A346.03059
G1 X6.95 Y1.222 A346.04695
G1 X7.215 Y2.087 A346.06307
G1 X7.333 Y3.048 A346.08032
G1 X7.297 Y3.851 A346.09464
G1 X7.093 Y4.809 A346.11209
G1 X6.83 Y5.48 A346.12493
G1 X6.543 Y6.014 A346.13573
G1 X6.485 Y6.196 A346.13913
G1 X6.389 Y6.256 A346.14115
G1 X5.686 Y7.075 A346.16038
G1 X4.984 Y7.642 A346.17646
G1 X4.205 Y8.079 A346.19237
G1 X3.264 Y8.404 A346.21011
G1 X2.483 Y8.536 A346.22422
G1 X1.676 Y8.538 A346.2386
G1 X.594 Y8.387 A346.25806
G1 X-.204 Y8.088 A346.27324
G1 X-1.001 Y7.642 A346.28951
G1 X-1.706 Y7.073 A346.30565
G1 X-2.309 Y6.387 A346.32192
G1 X-2.735 Y5.705 A346.33625
G1 X-3.106 Y4.818 A346.35338
G1 X-3.283 Y4.028 A346.3678
G1 X-3.349 Y3.528 A346.37679
G1 X-3.35 Y3.004 A346.38613
G1 X-3.232 Y2.089 A346.40257
G1 X-2.967 Y1.22 A346.41876
G1 X-2.592 Y.469 A346.43372
G1 X-2.006 Y-.333 A346.45142
G1 X-1.439 Y-.881 A346.46547
G1 X-.675 Y-1.417 A346.4821
G1 X.014 Y-1.754 A346.49577
G1 X.105 Y-1.848 A346.4981
G1 X.23 Y-1.834 A346.50034
G1 X1.087 Y-2.053 A346.5161
G1 X1.992 Y-2.13 A346.53228
G1 X2.896 Y-2.053 A346.54844
G1 X3.723 Y-1.841 A346.56365
G1 X4.625 Y-1.436 A346.58127
G1 X5.263 Y-1.009 A346.59495
G1 X5.643 Y-.676 A346.60395
G1 X6.1 Y-.207 A346.61562
G1 X6.623 Y-.296 F7800
;TYPE:External perimeter
G1 F900
G1 X6.615 Y-.243 A346.61657
G1 X6.907 Y.183 A346.62577
G1 X7.349 Y1.062 A346.6433
G1 X7.636 Y1.997 A346.66073
G1 X7.762 Y3.031 A346.67929
G1 X7.724 Y3.906 A346.69489
G1 X7.504 Y4.933 A346.7136
G1 X7.219 Y5.66 A346.72751
G1 X6.888 Y6.276 A346.73997
G1 X6.912 Y6.388 A346.74201
;WIDTH:0.418343
G1 X6.936 Y6.499 A346.74388
G1 X6.825 Y6.517 A346.74574
;WIDTH:0.449999
G1 X6.715 Y6.535 A346.74773
G1 X5.986 Y7.384 A346.76767
G1 X5.225 Y7.998 A346.78509
G1 X4.381 Y8.471 A346.80233
G1 X3.37 Y8.82 A346.82139
G1 X2.519 Y8.964 A346.83677
G1 X1.493 Y8.967 A346.85505
G1 X.59 Y8.817 A346.87136
G1 X.493 Y8.875 A346.87337
;WIDTH:0.418326
G1 X.396 Y8.932 A346.87523
G1 X.341 Y8.831 A346.87713
;WIDTH:0.449999
G1 X.286 Y8.73 A346.87918
G1 X-.385 Y8.477 A346.89196
G1 X-1.242 Y7.998 A346.90945
G1 X-2.004 Y7.383 A346.9269
G1 X-2.654 Y6.644 A346.94443
G1 X-3.116 Y5.903 A346.95999
G1 X-3.515 Y4.949 A346.97841
G1 X-3.701 Y4.122 A346.99351
G1 X-3.768 Y3.62 A347.00253
G1 X-3.854 Y3.542 A347.0046
;WIDTH:0.418293
G1 X-3.939 Y3.463 A347.00651
G1 X-3.863 Y3.4 A347.00814
;WIDTH:0.449999
G1 X-3.786 Y3.336 A347.00992
G1 X-3.778 Y2.975 A347.01635
G1 X-3.653 Y1.998 A347.0339
G1 X-3.366 Y1.061 A347.05136
G1 X-2.959 Y.245 A347.06761
G1 X-2.33 Y-.615 A347.08659
G1 X-1.713 Y-1.212 A347.10189
G1 X-.893 Y-1.787 A347.11973
G1 X-.175 Y-2.139 A347.13398
G1 X-.126 Y-2.244 A347.13604
;WIDTH:0.418331
G1 X-.078 Y-2.349 A347.13794
G1 X.024 Y-2.299 A347.13981
;WIDTH:0.449999
G1 X.125 Y-2.249 A347.14182
G1 X1.015 Y-2.477 A347.15819
G1 X1.992 Y-2.56 A347.17566
G1 X2.968 Y-2.477 A347.19311
G1 X3.865 Y-2.247 A347.20961
G1 X4.833 Y-1.812 A347.22852
G1 X5.525 Y-1.35 A347.24334
G1 X5.938 Y-.987 A347.25314
G1 X6.418 Y-.495 A347.26539
G1 X6.53 Y-.486 A347.26739
;WIDTH:0.416248
G1 X6.641 Y-.478 A347.26922
;WIDTH:0.382497
G1 X6.691 Y-.518 A347.27018
G1 X6.647 Y-.47 A347.27116
;WIDTH:0.416248
G1 X6.631 Y-.356 A347.27305
G1 A346.97305 F2400
;WIPE_START
G1 F6240
G1 X6.623 Y-.296 A346.95093
G1 X6.615 Y-.243 A346.93135
G1 X6.907 Y.183 A346.74264
G1 X7.349 Y1.062 A346.38315
G1 X7.636 Y1.997 A346.02578
G1 X7.72 Y2.684 A345.77305
;WIPE_END
G1 X-1.539 Y1.025 F7800
G1 A347.27305 F2400
;TYPE:Solid infill
;WIDTH:0.449999
G1 F3600
G1 X-1.114 Y.444 A347.28588
G1 X-.687 Y.031 A347.29646
G1 X-.073 Y-.399 A347.30982
G1 X.443 Y-.653 A347.32007
G1 X.891 Y-.787 A347.3284
G1 X1.929 Y.251 A347.35455
G1 X1.334 Y.313 A347.36521
G1 X.955 Y.445 A347.37236
G1 X.334 Y.742 A347.38462
G1 X-.153 Y1.15 A347.39594
G1 X-.529 Y1.631 A347.40682
G1 X-.664 Y1.9 A347.41218
G1 X-1.387 Y1.177 A347.4304
G1 X-1.198 Y1.081 A347.43418
;WIDTH:0.424825
G1 X-1.009 Y.985 A347.43773
;WIDTH:0.402213
G1 X-.796 Y.7 A347.44336
G1 X-.416 Y.335 A347.4517
G1 X.15 Y-.058 A347.46261
;WIDTH:0.413646
G1 X.765 Y-.332 A347.47359
G1 X1.063 Y-.035 A347.48045
G1 X.311 Y.287 A347.49379
;WIDTH:0.402293
G1 X.087 Y.428 A347.49798
;WIDTH:0.391722
G1 X-.372 Y.797 A347.50705
;WIDTH:0.399651
G1 X-.744 Y1.25 A347.51627
G1 X-.858 Y1.136 A347.5188
G1 A347.2188 F2400
;WIPE_START
G1 F6240
G1 X-.744 Y1.25 A347.15989
G1 X-.372 Y.797 A346.94571
G1 X.087 Y.428 A346.73052
G1 X.311 Y.287 A346.63381
G1 X1.063 Y-.035 A346.33491
G1 X.765 Y-.332 A346.18118
G1 X.359 Y-.151 A346.0188
;WIPE_END
G1 X-1.812 Y6.018 F7800
G1 A347.5188 F2400
;WIDTH:0.36146
G1 F3600
G1 X-1.26 Y6.607 A347.53021
G1 X-.665 Y7.142 A347.54152
G1 X.174 Y7.446 F7800
G1 F3600
G1 X.185 Y7.487 A347.54212
G1 X.114 Y7.506 A347.54316
G1 X.133 Y7.435 A347.5442
;WIDTH:0.40573
G1 X-.013 Y7.344 A347.54695
;WIDTH:0.449999
G1 X-.159 Y7.253 A347.55002
G1 X-2.076 Y5.337 A347.59831
G1 X-2.162 Y5.172 A347.60163
;WIDTH:0.40573
G1 X-2.249 Y5.006 A347.60462
;WIDTH:0.36146
G1 X-2.238 Y5.047 A347.60522
G1 X-2.309 Y5.066 A347.60626
G1 X-2.29 Y4.995 A347.6073
;WIDTH:0.449999
G1 X-2.438 Y4.369 A347.61876
G1 X.863 Y7.67 A347.70193
G1 X1.588 Y7.788 A347.71502
G1 X-2.586 Y3.614 A347.82019
G1 X-2.593 Y3.001 A347.83111
G1 X2.192 Y7.787 A347.95169
G1 X3.035 Y7.783 A347.96671
;WIDTH:0.36146
G1 X3.016 Y7.854 A347.96775
G1 X3.087 Y7.835 A347.96879
G1 X3.076 Y7.794 A347.96939
;WIDTH:0.40573
G1 X2.909 Y7.762 A347.97211
;WIDTH:0.449999
G1 X2.743 Y7.731 A347.97512
G1 X-2.524 Y2.464 A348.10783
G1 X-2.412 Y1.97 A348.11685
G1 X-.446 Y3.936 A348.16639
G1 X-.349 Y4.087 A348.16959
;WIDTH:0.40573
G1 X-.252 Y4.239 A348.17247
;WIDTH:0.36146
G1 X.323 Y4.93 A348.18518
G1 X.78 Y5.327 A348.19374
G1 X.971 Y5.453 A348.19697
;WIDTH:0.449999
G1 X1.274 Y5.656 A348.20347
G1 X3.237 Y7.62 A348.25294
G1 X3.688 Y7.464 A348.26144
G1 X1.992 Y5.768 A348.30417
G1 X2.561 Y5.698 A348.31438
G1 X3.274 Y5.42 A348.32801
G1 X3.785 Y5.027 A348.3395
G1 X4.144 Y4.547 A348.35018
G1 X4.392 Y4.065 A348.35984
G1 X4.495 Y3.684 A348.36687
G1 X4.542 Y3.137 A348.37665
G1 X4.471 Y2.619 A348.38597
G1 X4.29 Y2.117 A348.39548
;WIDTH:0.449216
G1 X4.107 Y1.81 A348.40184
G1 X4.358 Y2.073 A348.40831
;WIDTH:0.449999
G1 X6.403 Y4.119 A348.45985
G1 X6.473 Y4.119 A348.4611
G1 X6.372 Y4.592 A348.46972
G1 X6.148 Y5.165 A348.48068
G1 X5.833 Y5.756 A348.49261
G1 X5.162 Y6.535 A348.51093
G1 X4.562 Y7.019 A348.52466
G1 X4.105 Y7.275 A348.53399
G1 X2.708 Y5.855 A348.56948
G1 X3.309 Y5.874 A348.58019
G1 X3.531 Y5.763 A348.58461
G1 X4.128 Y5.284 A348.59825
G1 X4.521 Y4.758 A348.60995
G1 X4.778 Y4.251 A348.62008
G1 X4.903 Y3.83 A348.6279
G1 X4.963 Y3.285 A348.63767
G1 X5.993 Y4.315 A348.66362
G1 X5.96 Y4.468 A348.66641
G1 X5.758 Y4.985 A348.6763
G1 X5.477 Y5.512 A348.68694
G1 X4.986 Y6.082 A348.70034
G1 X4.611 Y6.429 A348.70944
G1 X4.178 Y6.743 A348.71897
G1 X3.461 Y6.025 A348.73705
G1 X3.954 Y5.949 A348.74594
;WIDTH:0.397308
G1 X4.128 Y5.819 A348.74933
G1 X4.448 Y5.524 A348.75613
;WIDTH:0.414072
G1 X4.816 Y5.05 A348.76593
G1 X5.038 Y4.65 A348.7734
;WIDTH:0.407169
G1 X5.239 Y4.129 A348.78235
;WIDTH:0.396958
G1 X5.542 Y4.433 A348.78905
;WIDTH:0.407169
G1 X5.382 Y4.825 A348.79584
;WIDTH:0.414072
G1 X5.122 Y5.296 A348.80462
G1 X4.684 Y5.821 A348.81578
;WIDTH:0.397308
G1 X4.227 Y6.222 A348.82528
G1 X4.105 Y6.101 A348.82796
G1 A348.52796 F2400
;WIPE_START
G1 F6240
G1 X4.227 Y6.222 A348.46518
G1 X4.684 Y5.821 A348.24303
G1 X5.122 Y5.296 A347.99321
G1 X5.382 Y4.825 A347.79663
G1 X5.542 Y4.433 A347.64193
G1 X5.239 Y4.129 A347.4851
G1 X5.084 Y4.531 A347.32796
;WIPE_END
G1 X-.559 Y3.217 F7800
G1 A348.82796 F2400
;WIDTH:0.449999
G1 F3600
G1 X-2.27 Y1.506 A348.87107
G1 A348.57107 F2400
;WIPE_START
G1 F6240
G1 X-.559 Y3.217 A347.68694
;WIPE_END
G1 A347.37107 F2400
G1 X3.097 Y.828 F7800
G1 A348.87107 F2400
;WIDTH:0.456013
G1 F3600
G1 X2.909 Y.625 A348.87607
;WIDTH:0.449999
G1 X1.096 Y-1.188 A348.92175
G1 X1.096 Y-1.281 A348.92341
G1 X.379 Y-1.1 A348.93659
G1 X-.292 Y-.769 A348.94992
G1 X-.96 Y-.301 A348.96445
G1 X-1.438 Y.162 A348.97631
G1 X-1.949 Y.86 A348.99172
G1 X-2.069 Y1.101 A348.99652
G1 X-.5 Y2.67 A349.03605
G1 X-.222 Y1.948 A349.04983
G1 X.143 Y1.467 A349.06059
G1 X.6 Y1.078 A349.07128
G1 X1.378 Y.739 A349.0864
G1 X2.072 Y.667 A349.09883
G1 X2.746 Y.78 A349.11101
;WIDTH:0.459297
G1 X3.242 Y.985 A349.12078
;WIDTH:0.460674
G1 X3.497 Y1.192 A349.12678
;WIDTH:0.420577
G1 X3.707 Y1.373 A349.13138
;WIDTH:0.426312
G1 X4.084 Y1.783 A349.14076
;WIDTH:0.42853
G1 X4.095 Y1.796 A349.14105
G1 A348.84105 F2400
;WIPE_START
G1 F6240
G1 X4.084 Y1.783 A348.83483
G1 X3.707 Y1.373 A348.63132
G1 X3.497 Y1.192 A348.53002
G1 X3.242 Y.985 A348.41001
G1 X2.746 Y.78 A348.21391
G1 X2.072 Y.667 A347.9642
G1 X1.378 Y.739 A347.70926
G1 X1.207 Y.814 A347.64105
;WIPE_END
G1 X6.555 Y3.665 F7800
G1 A349.14105 F2400
;WIDTH:0.449999
G1 F3600
G1 X1.551 Y-1.339 A349.26713
G1 X2.131 Y-1.365 A349.27747
G1 X6.58 Y3.084 A349.38957
G1 X6.497 Y2.395 A349.40193
G1 X2.799 Y-1.303 A349.49511
G1 X3.585 Y-1.099 A349.50958
;WIDTH:0.415984
G1 X4.278 Y-.786 A349.52205
G1 X4.825 Y-.417 A349.53287
;WIDTH:0.426135
G1 X5.61 Y.346 A349.55129
G1 X5.904 Y.786 A349.56019
G1 X6.296 Y1.604 A349.57545
G1 X4.549 Y-.136 A349.61693
;WIDTH:0.415984
G1 X3.737 Y-.948 A349.63577
M106 P204
;LAYER_CHANGE
;Z:0.9
;HEIGHT:0.1
G1 A349.33577 F2400
;WIPE_START
G1 F6240
G1 X4.549 Y-.136 A348.91618
G1 X6.062 Y1.371 A348.13577
;WIPE_END
G1 Z.9 F7800
G1 X-.222 Y3.215
G1 A349.63577 F2400
;TYPE:Perimeter
;WIDTH:0.449999
G1 F900
G1 X-.232 Y3.078 A349.63822
G1 X-.119 Y2.504 A349.64864
G1 X.121 Y2.002 A349.65855
G1 X.51 Y1.55 A349.66917
G1 X.935 Y1.25 A349.67844
G1 X1.429 Y1.054 A349.68791
G1 X1.992 Y.982 A349.69802
G1 X2.557 Y1.055 A349.70817
G1 X3.037 Y1.244 A349.71736
G1 X3.465 Y1.544 A349.72667
G1 X3.847 Y1.982 A349.73702
G1 X4.103 Y2.504 A349.74738
G1 X4.215 Y3.075 A349.75775
G1 X4.175 Y3.655 A349.76811
G1 X3.987 Y4.205 A349.77847
G1 X3.662 Y4.687 A349.78883
G1 X3.224 Y5.07 A349.7992
G1 X2.702 Y5.326 A349.80956
G1 X2.162 Y5.434 A349.81937
G1 X1.839 Y5.436 A349.82512
G1 X1.317 Y5.339 A349.83458
G1 X.781 Y5.086 A349.84514
G1 X.366 Y4.743 A349.85473
G1 X-.001 Y4.21 A349.86626
G1 X-.192 Y3.655 A349.87672
G1 X-.218 Y3.274 A349.88352
G1 X.201 Y3.215 F7800
G1 F900
G1 X.194 Y3.131 A349.88502
G1 X.277 Y2.668 A349.8934
G1 X.476 Y2.243 A349.90176
G1 X.78 Y1.884 A349.91014
G1 X1.165 Y1.615 A349.91851
G1 X1.607 Y1.456 A349.92688
G1 X2.076 Y1.416 A349.93527
G1 X2.538 Y1.499 A349.94363
G1 X2.963 Y1.699 A349.952
G1 X3.322 Y2.002 A349.96037
G1 X3.591 Y2.388 A349.96875
G1 X3.75 Y2.83 A349.97712
G1 X3.79 Y3.298 A349.98549
G1 X3.707 Y3.761 A349.99387
G1 X3.507 Y4.186 A350.00224
G1 X3.204 Y4.545 A350.01061
G1 X2.802 Y4.82 A350.01929
G1 X2.376 Y4.973 A350.02735
G1 X1.895 Y5.011 A350.03595
G1 X1.445 Y4.93 A350.0441
G1 X1.02 Y4.73 A350.05247
G1 X.661 Y4.427 A350.06084
G1 X.392 Y4.041 A350.06922
G1 X.233 Y3.599 A350.07759
G1 X.206 Y3.274 A350.0834
G1 X.622 Y3.215 F7800
;TYPE:External perimeter
G1 F900
G1 X.618 Y3.186 A350.08392
G1 X.672 Y2.832 A350.0903
G1 X.816 Y2.504 A350.09668
G1 X1.04 Y2.224 A350.10307
G1 X1.329 Y2.011 A350.10947
G1 X1.663 Y1.881 A350.11586
G1 X2.02 Y1.841 A350.12226
G1 X2.374 Y1.895 A350.12864
G1 X2.703 Y2.039 A350.13504
G1 X3.022 Y2.314 A350.14254
G1 X3.195 Y2.552 A350.14778
G1 X3.325 Y2.886 A350.15417
G1 X3.365 Y3.242 A350.16055
G1 X3.311 Y3.597 A350.16695
G1 X3.167 Y3.925 A350.17333
G1 X2.943 Y4.205 A350.17972
G1 X2.638 Y4.424 A350.18641
G1 X2.32 Y4.548 A350.19249
G1 X1.951 Y4.586 A350.1991
G1 X1.609 Y4.534 A350.20526
G1 X1.281 Y4.39 A350.21164
G1 X1.001 Y4.166 A350.21803
G1 X.788 Y3.877 A350.22443
G1 X.658 Y3.543 A350.23082
G1 X.628 Y3.274 A350.23564
G1 A349.93564 F2400
;WIPE_START
G1 F6240
G1 X.622 Y3.215 A349.91397
G1 X.618 Y3.186 A349.90327
G1 X.672 Y2.832 A349.77243
G1 X.816 Y2.504 A349.64154
G1 X1.04 Y2.224 A349.51052
G1 X1.329 Y2.011 A349.37934
G1 X1.663 Y1.881 A349.24838
G1 X2.02 Y1.841 A349.11712
G1 X2.374 Y1.895 A348.98628
G1 X2.703 Y2.039 A348.85506
G1 X2.95 Y2.253 A348.73564
;WIPE_END
G1 X7.064 Y6.475 F7800
G1 A350.23564 F2400
;WIDTH:0.388012
G1 F2880
;WIDTH:0.425815
G1 X26.608 Y12.952 A350.58177
;WIDTH:0.463622
G1 X46.153 Y19.428 A350.96027
;WIDTH:0.501428
G1 X67.74 Y26.59 A351.41412
G1 A351.11412 F2400
;WIPE_START
G1 F6240
G1 X64.623 Y25.556 A349.91412
;WIPE_END
G1 X.458 Y9.046 F7800
G1 A351.41412 F2400
;WIDTH:0.388014
G1 F2880
;WIDTH:0.425818
G1 X.338 Y29.635 A351.76025
;WIDTH:0.463622
G1 X.218 Y50.225 A352.13876
;WIDTH:0.501426
G1 X.078 Y72.968 A352.5926
G1 A352.2926 F2400
;WIPE_START
G1 F6240
G1 X.098 Y69.684 A351.0926
;WIPE_END
G1 X-4.028 Y3.558 F7800
G1 A352.5926 F2400
;WIDTH:0.38801
G1 F2880
;WIDTH:0.425815
G1 X-23.647 Y9.806 A352.93874
;WIDTH:0.46362
G1 X-43.266 Y16.054 A353.31724
;WIDTH:0.501424
G1 X-64.939 Y22.949 A353.77107
G1 A353.47107 F2400
;WIPE_START
G1 F6240
G1 X-61.809 Y21.953 A352.27107
;WIPE_END
G1 X-.195 Y-2.405 F7800
G1 A353.77107 F2400
;WIDTH:0.38801
G1 F2880
;WIDTH:0.425833
G1 X-12.2 Y-19.133 A354.11723
;WIDTH:0.463658
G1 X-24.205 Y-35.86 A354.49575
;WIDTH:0.501482
G1 X-37.46 Y-54.342 A354.94965
G1 A354.64965 F2400
;WIPE_START
G1 F6240
G1 X-35.546 Y-51.673 A353.44965
;WIPE_END
G1 X44.54 Y-52.092 F7800
G1 A354.94965 F2400
;WIDTH:0.501428
G1 F2880
G1 X31.059 Y-33.775 A355.40348
;WIDTH:0.463622
G1 X18.859 Y-17.188 A355.78199
;WIDTH:0.425815
G1 X6.66 Y-.601 A356.12813
;WIDTH:0.390784
G1 X6.639 Y-.576 A356.12863
G1 X5.631 Y-.077 F7800
;TYPE:Perimeter
;WIDTH:0.449999
G1 F900
G1 X5.87 Y.189 A356.135
G1 X6.168 Y.621 A356.14435
G1 X6.551 Y1.382 A356.15953
G1 X6.797 Y2.183 A356.17446
G1 X6.891 Y2.878 A356.18696
G1 X6.869 Y3.809 A356.20355
G1 X6.752 Y4.394 A356.21418
G1 X6.589 Y4.889 A356.22347
G1 X6.398 Y5.377 A356.23281
G1 X6.102 Y5.925 A356.24391
G1 X5.385 Y6.768 A356.26363
G1 X4.743 Y7.286 A356.27833
G1 X4.03 Y7.685 A356.29289
G1 X3.148 Y7.989 A356.30951
G1 X2.451 Y8.107 A356.3221
G1 X1.668 Y8.109 A356.33605
G1 X1.164 Y8.046 A356.3451
G1 X.65 Y7.948 A356.35442
G1 X-.024 Y7.697 A356.36723
G1 X-.76 Y7.286 A356.38225
G1 X-1.408 Y6.762 A356.3971
G1 X-1.964 Y6.13 A356.4121
G1 X-2.347 Y5.519 A356.42495
G1 X-2.694 Y4.692 A356.44093
G1 X-2.823 Y4.124 A356.45131
G1 X-2.915 Y3.556 A356.46156
G1 X-2.921 Y3.033 A356.47088
G1 X-2.812 Y2.179 A356.48622
G1 X-2.567 Y1.379 A356.50113
G1 X-2.229 Y.7 A356.51464
G1 X-1.679 Y-.052 A356.53124
G1 X-1.175 Y-.541 A356.54375
G1 X-.462 Y-1.043 A356.55929
G1 X.135 Y-1.34 A356.57117
G1 X.634 Y-1.504 A356.58053
G1 X1.143 Y-1.627 A356.58986
G1 X1.992 Y-1.7 A356.60504
G1 X2.825 Y-1.629 A356.61994
G1 X3.581 Y-1.435 A356.63385
G1 X4.244 Y-1.147 A356.64673
G1 X4.993 Y-.674 A356.66251
G1 X5.534 Y-.185 A356.6755
G1 X5.591 Y-.121 A356.67703
G1 X6.095 Y-.203 F7800
G1 F900
G1 X6.223 Y-.054 A356.68053
G1 X6.537 Y.402 A356.69039
G1 X6.95 Y1.222 A356.70675
G1 X7.217 Y2.091 A356.72295
G1 X7.32 Y2.854 A356.73667
G1 X7.297 Y3.856 A356.75453
G1 X7.146 Y4.608 A356.7682
G1 X6.835 Y5.468 A356.78449
G1 X6.566 Y5.977 A356.79475
G1 X6.516 Y6.139 A356.79777
G1 X6.428 Y6.203 A356.79971
G1 X5.685 Y7.076 A356.82013
G1 X4.984 Y7.642 A356.83618
G1 X4.206 Y8.078 A356.85207
G1 X3.254 Y8.406 A356.87001
G1 X2.488 Y8.535 A356.88385
G1 X1.525 Y8.538 A356.90101
G1 X.744 Y8.412 A356.9151
G1 X.602 Y8.446 A356.9177
G1 X.5 Y8.35 A356.9202
G1 X-.205 Y8.087 A356.93361
G1 X-1.001 Y7.642 A356.94986
G1 X-1.706 Y7.073 A356.966
G1 X-2.309 Y6.387 A356.98227
G1 X-2.728 Y5.716 A356.99636
G1 X-3.104 Y4.823 A357.01362
G1 X-3.282 Y4.036 A357.028
G1 X-3.375 Y3.506 A357.03759
G1 X-3.35 Y3.004 A357.04655
G1 X-3.232 Y2.089 A357.06299
G1 X-2.967 Y1.22 A357.07918
G1 X-2.597 Y.477 A357.09397
G1 X-2.004 Y-.335 A357.11188
G1 X-1.449 Y-.872 A357.12564
G1 X-.561 Y-1.472 A357.14473
G1 X-.01 Y-1.749 A357.15572
G1 X.514 Y-1.915 A357.16551
G1 X1.078 Y-2.052 A357.17585
G1 X1.992 Y-2.13 A357.19219
G1 X2.896 Y-2.053 A357.20835
G1 X3.72 Y-1.842 A357.2235
G1 X4.445 Y-1.527 A357.23758
G1 X5.253 Y-1.017 A357.2546
G1 X5.892 Y-.439 A357.26995
G1 X6.056 Y-.249 A357.27442
G1 X6.559 Y-.331 F7800
;TYPE:External perimeter
G1 F900
G1 X6.907 Y.184 A357.28549
G1 X7.349 Y1.062 A357.303
G1 X7.637 Y1.999 A357.32046
G1 X7.75 Y2.83 A357.3354
G1 X7.724 Y3.904 A357.35454
G1 X7.56 Y4.724 A357.36944
G1 X7.228 Y5.642 A357.38683
G1 X6.932 Y6.201 A357.3981
G1 X6.979 Y6.435 A357.40235
G1 X6.755 Y6.481 A357.40642
G1 X5.986 Y7.384 A357.42755
G1 X5.225 Y7.999 A357.44498
G1 X4.382 Y8.47 A357.46218
G1 X3.36 Y8.823 A357.48144
G1 X2.524 Y8.964 A357.49655
G1 X1.491 Y8.967 A357.51495
G1 X.675 Y8.835 A357.52968
G1 X.47 Y8.954 A357.5339
G1 X.35 Y8.751 A357.5381
G1 X-.385 Y8.477 A357.55208
G1 X-1.242 Y7.998 A357.56957
G1 X-2.004 Y7.383 A357.58702
G1 X-2.654 Y6.643 A357.60457
G1 X-3.11 Y5.914 A357.61989
G1 X-3.514 Y4.955 A357.63843
G1 X-3.659 Y4.313 A357.65016
G1 X-3.76 Y3.703 A357.66118
G1 X-3.936 Y3.541 A357.66544
G1 X-3.787 Y3.403 A357.66906
G1 X-3.778 Y2.975 A357.67669
G1 X-3.653 Y1.998 A357.69424
G1 X-3.366 Y1.061 A357.7117
G1 X-2.964 Y.253 A357.72778
G1 X-2.328 Y-.617 A357.74698
G1 X-1.723 Y-1.203 A357.76199
G1 X-1.234 Y-1.548 A357.77265
G1 X-.752 Y-1.856 A357.78284
G1 X-.243 Y-2.109 A357.79297
G1 X-.151 Y-2.323 A357.79712
G1 X.019 Y-2.222 A357.80064
G1 X1.012 Y-2.476 A357.8189
G1 X1.992 Y-2.56 A357.83642
G1 X2.968 Y-2.477 A357.85387
G1 X3.86 Y-2.249 A357.87027
G1 X4.646 Y-1.907 A357.88554
G1 X5.513 Y-1.359 A357.90381
G1 X6.364 Y-.555 A357.92467
G1 X6.479 Y-.547 A357.92672
;WIDTH:0.424885
G1 X6.593 Y-.539 A357.92864
G1 X6.573 Y-.44 A357.93033
;WIDTH:0.449999
G1 X6.563 Y-.388 A357.93127
G1 A357.63127 F2400
;WIPE_START
G1 F6240
G1 X6.559 Y-.331 A357.61039
G1 X6.907 Y.184 A357.38328
G1 X7.349 Y1.062 A357.02411
G1 X7.637 Y1.999 A356.66594
G1 X7.723 Y2.635 A356.43127
;WIPE_END
G1 X-1.041 Y-.38 F7800
G1 A357.93127 F2400
;TYPE:Solid infill
;WIDTH:0.36146
G1 F3600
G1 X-1.517 Y.089 A357.94072
G1 X-1.194 Y-.229 A357.94713
G1 X-.118 Y-.856 F7800
;WIDTH:0.449999
G1 F3600
G1 X-2.064 Y1.091 A357.99617
G1 X-2.158 Y1.257 A357.99957
;WIDTH:0.40573
G1 X-2.252 Y1.424 A358.00263
;WIDTH:0.36146
G1 X-2.293 Y1.435 A358.00323
G1 X-2.312 Y1.364 A358.00427
G1 X-2.241 Y1.383 A358.00531
G1 X-2.699 Y2.537 F7800
G1 F3600
G1 X-2.656 Y2.247 A358.00945
;WIDTH:0.40573
G1 X-2.55 Y2.162 A358.01162
;WIDTH:0.449999
G1 X-2.445 Y2.077 A358.01403
G1 X.868 Y-1.236 A358.09751
G1 X1.58 Y-1.342 A358.11034
G1 X-2.568 Y2.807 A358.21487
G1 X-2.607 Y3.451 A358.22636
G1 X2.203 Y-1.359 A358.34755
G1 X2.762 Y-1.311 A358.35755
G1 X-2.526 Y3.977 A358.49079
G1 X-2.555 Y4.143 A358.49379
;WIDTH:0.40573
G1 X-2.584 Y4.31 A358.4965
;WIDTH:0.36146
G1 X-2.625 Y4.321 A358.4971
G1 X-2.644 Y4.25 A358.49814
G1 X-2.573 Y4.269 A358.49918
G1 A358.19918 F2400
;WIPE_START
G1 F6240
G1 X-2.644 Y4.25 A358.17232
G1 X-2.625 Y4.321 A358.14546
G1 X-2.584 Y4.31 A358.12995
G1 X-2.555 Y4.143 A358.06802
G1 X-2.526 Y3.977 A358.00645
G1 X-.577 Y2.028 A356.99918
;WIPE_END
G1 X-.265 Y2.443 F7800
G1 A358.49918 F2400
G1 F3600
G1 X-.254 Y2.21 A358.50248
G1 X-.023 Y1.887 A358.50809
G1 X.311 Y1.515 A358.51516
G1 X.698 Y1.172 A358.52247
G1 X.989 Y.973 A358.52745
;WIDTH:0.40573
G1 X1.141 Y.869 A358.53039
;WIDTH:0.449999
G1 X1.292 Y.764 A358.53367
G1 X3.246 Y-1.189 A358.58289
G1 X3.697 Y-1.035 A358.59138
G1 X1.997 Y.666 A358.63423
G1 A358.33423 F2400
;WIPE_START
G1 F6240
G1 X3.697 Y-1.035 A357.45553
G1 X3.246 Y-1.189 A357.2814
G1 X2.961 Y-.904 A357.13423
;WIPE_END
G1 X3.965 Y-.696 F7800
G1 A358.63423 F2400
G1 F3600
G1 X2.527 Y.741 A358.67045
G1 X2.8 Y.797 A358.67542
G1 X3.292 Y1.02 A358.68504
G1 X3.879 Y1.503 A358.69858
G1 X4.266 Y2.069 A358.7108
G1 X4.473 Y2.624 A358.72135
G1 X4.543 Y3.22 A358.73204
G1 X4.464 Y3.846 A358.74328
G1 X4.28 Y4.334 A358.75257
;WIDTH:0.449033
G1 X4.109 Y4.622 A358.75852
;WIDTH:0.449999
G1 X6.401 Y2.321 A358.81638
G1 X6.485 Y2.279 A358.81805
G1 X6.299 Y1.655 A358.82965
G1 X6.089 Y1.179 A358.83892
G1 X5.852 Y.729 A358.84798
G1 X5.568 Y.313 A358.85695
G1 X4.938 Y-.29 A358.87249
G1 X4.732 Y-.459 A358.87724
G1 X4.116 Y-.848 A358.89022
G1 X4.177 Y-.302 A358.90001
G1 X4.651 Y.028 A358.9103
G1 X5.233 Y.582 A358.92462
G1 X5.52 Y1.003 A358.9337
G1 X5.83 Y1.617 A358.94595
G1 X5.994 Y2.123 A358.95543
G1 X4.966 Y3.15 A358.98132
G1 X4.876 Y2.479 A358.99338
G1 X4.692 Y1.97 A359.00302
G1 X4.498 Y1.645 A359.00976
G1 X4.155 Y1.176 A359.02011
G1 X3.618 Y.724 A359.03262
G1 X3.315 Y.56 A359.03876
G1 X4.025 Y-.151 A359.05666
G1 X4.235 Y.215 A359.06418
;WIDTH:0.406097
G1 X4.378 Y.33 A359.06711
;WIDTH:0.408268
G1 X4.935 Y.868 A359.07956
G1 X5.28 Y1.419 A359.09001
;WIDTH:0.402518
G1 X5.536 Y2.009 A359.1002
G1 X5.242 Y2.302 A359.10678
G1 X4.957 Y1.608 A359.11867
;WIDTH:0.408268
G1 X4.614 Y1.084 A359.12874
G1 X4.415 Y.867 A359.13347
;WIDTH:0.406097
G1 X3.965 Y.484 A359.14292
G1 X4.083 Y.367 A359.14558
G1 A358.84558 F2400
;WIPE_START
G1 F6240
G1 X3.965 Y.484 A358.78486
G1 X4.415 Y.867 A358.56895
G1 X4.614 Y1.084 A358.46137
G1 X4.957 Y1.608 A358.23254
G1 X5.242 Y2.302 A357.95841
G1 X5.536 Y2.009 A357.80675
G1 X5.361 Y1.605 A357.64558
;WIPE_END
G1 X-.456 Y2.513 F7800
G1 A359.14558 F2400
;WIDTH:0.449999
G1 F3600
G1 X-2.415 Y4.471 A359.19493
G1 X-2.252 Y4.914 A359.20334
G1 X-.56 Y3.223 A359.24596
G1 X-.479 Y3.848 A359.25719
G1 X-.302 Y4.322 A359.2662
G1 X-.131 Y4.624 A359.27238
G1 X.205 Y5.036 A359.28185
G1 X.611 Y5.346 A359.29095
G1 X.908 Y5.504 A359.29694
G1 X1.484 Y5.712 A359.30785
G1 X2.019 Y5.766 A359.31743
G1 X2.561 Y5.698 A359.32716
;WIDTH:0.471458
G1 X3.275 Y5.432 A359.34141
G1 X3.236 Y5.474 A359.34248
;WIDTH:0.468349
G1 X2.743 Y5.98 A359.35561
;WIDTH:0.449999
G1 X1.092 Y7.631 A359.39721
G1 X1.092 Y7.711 A359.39864
G1 X.805 Y7.666 A359.40382
G1 X.111 Y7.404 A359.41704
G1 X-.579 Y7.019 A359.43112
G1 X-1.011 Y6.67 A359.44101
G1 X-1.347 Y6.345 A359.44934
G1 X-1.74 Y5.882 A359.46016
G1 X-2.071 Y5.339 A359.47149
G1 X-.647 Y3.916 A359.50736
G1 X-.691 Y4.566 A359.51897
G1 X-.442 Y4.924 A359.52674
G1 X-.02 Y5.409 A359.53819
G1 X.613 Y5.851 A359.55195
G1 X1.282 Y6.101 A359.56467
G1 X1.925 Y6.192 A359.57624
G1 X.88 Y7.237 A359.60257
G1 X.293 Y7.015 A359.61375
G1 X-.339 Y6.662 A359.62665
G1 X-.848 Y6.251 A359.63831
G1 X-1.203 Y5.86 A359.64772
G1 X-1.532 Y5.407 A359.65769
G1 X-.843 Y4.717 A359.67506
G1 X-.745 Y5.189 A359.68365
;WIDTH:0.398414
G1 X-.29 Y5.707 A359.69446
;WIDTH:0.40347
G1 X.111 Y6.013 A359.70247
G1 X.472 Y6.227 A359.70914
;WIDTH:0.408642
G1 X1.079 Y6.461 A359.71961
G1 X.778 Y6.762 A359.72646
G1 X.315 Y6.567 A359.73455
;WIDTH:0.40347
G1 X-.123 Y6.315 A359.74258
G1 X-.619 Y5.916 A359.75269
;WIDTH:0.398414
G1 X-1.017 Y5.461 A359.76216
G1 X-.897 Y5.341 A359.76482
G1 A359.46482 F2400
;WIPE_START
G1 F6240
G1 X-1.017 Y5.461 A359.40281
G1 X-.619 Y5.916 A359.18193
G1 X-.123 Y6.315 A358.94934
G1 X.315 Y6.567 A358.7647
G1 X.778 Y6.762 A358.58114
G1 X1.079 Y6.461 A358.4256
G1 X.668 Y6.303 A358.26482
;WIPE_END
G1 X3.275 Y5.432 F7800
G1 A359.76482 F2400
;WIDTH:0.471458
G1 F3600
G1 X3.497 Y5.24 A359.77031
;WIDTH:0.429116
G1 X3.72 Y5.048 A359.7753
;WIDTH:0.433312
G1 X4.088 Y4.647 A359.78462
G1 A359.48462 F2400
;WIPE_START
G1 F6240
G1 X3.72 Y5.048 A359.28575
G1 X3.497 Y5.24 A359.17823
G1 X3.275 Y5.432 A359.07099
;WIPE_END
G1 A358.28462 F2400
G1 X6.553 Y2.776 F7800
G1 A359.78462 F2400
;WIDTH:0.449999
G1 F3600
G1 X1.547 Y7.782 A359.91075
G1 X2.148 Y7.786 A359.92146
G1 X6.558 Y3.377 A360.03256
G1 X6.493 Y4.048 A360.04457
G1 X2.823 Y7.718 A360.13704
G1 A359.83704 F2400
;WIPE_START
G1 F6240
G1 X5.146 Y5.395 A358.63704
;WIPE_END
G1 X6.165 Y4.938 F7800
G1 A360.13704 F2400
;WIDTH:0.388049
G1 F3600
G1 X5.602 Y5.501 A360.14917
;WIDTH:0.429474
G1 X4.88 Y6.253 A360.16685
G1 X4.345 Y6.76 A360.17935
;WIDTH:0.390331
G1 X3.569 Y7.536 A360.19618
G1 X3.917 Y7.414 A360.20184
G1 X4.579 Y7.044 A360.21347
;WIDTH:0.429474
G1 X5.167 Y6.543 A360.22657
G1 X5.871 Y5.749 A360.24457
;WIDTH:0.388049
G1 X6.173 Y5.182 A360.25436
G1 X6.317 Y4.786 A360.26078
M106 P145.35
;LAYER_CHANGE
;Z:0.971429
;HEIGHT:0.0714286
G1 A359.96078 F2400
;WIPE_START
G1 F6240
G1 X6.173 Y5.182 A359.80682
G1 X5.871 Y5.749 A359.57209
G1 X5.167 Y6.543 A359.18436
G1 X4.579 Y7.044 A358.9021
G1 X4.241 Y7.233 A358.76078
;WIPE_END
G1 Z.971 F7800
G1 X4.316 Y10.916
G1 A360.26078 F2400
;TYPE:Support material
;WIDTH:0.35
;HEIGHT:0.257143
G1 F3600
G1 X4.271 Y23.953 A360.67168
G1 X4.057 Y28.018 A360.79998
G1 X4.247 Y28.781 A360.82476
G1 X4.213 Y40.098 A361.18145
G1 X3.98 Y47.722 A361.42186
G1 X4.173 Y48.458 A361.44584
G1 X4.155 Y56.242 A361.69118
G1 X3.906 Y66.679 A362.02023
G1 X4.106 Y67.421 A362.04445
G1 X4.097 Y72.385 A362.20091
G1 X4.083 Y73.039 A362.22153
G1 X3.226 Y73.039 A362.24854
G1 X3.25 Y65.022 A362.50122
G1 X3.029 Y64.26 A362.52623
G1 X3.065 Y53.037 A362.87996
G1 X2.843 Y52.28 A362.90482
G1 X2.894 Y23.69 A363.80592
G1 X2.672 Y22.928 A363.83094
G1 X2.679 Y9.801 A364.24468
G1 X3.605 Y9.639 A364.27431
G1 X4.323 Y9.404 A364.29812
G1 X4.317 Y10.872 A364.34439
G1 X4.178 Y12.058 F7800
G1 F3600
G1 X2.959 Y12.058 A364.38281
G1 X2.956 Y14.887 A364.47197
G1 X4.02 Y14.887 A364.50551
G1 X4.009 Y17.715 A364.59464
G1 X2.954 Y17.715 A364.62789
G1 X2.952 Y20.544 A364.71705
G1 X4 Y20.544 A364.75008
G1 X3.99 Y23.372 A364.83921
G1 X3.12 Y23.372 A364.86663
G1 X3.177 Y23.663 A364.87598
G1 X3.172 Y26.201 A364.95597
G1 X3.87 Y26.201 A364.97797
G1 X3.774 Y28.032 A365.03576
G1 X3.964 Y28.832 A365.06168
G1 X3.963 Y29.029 A365.06789
G1 X3.166 Y29.029 A365.09301
G1 X3.16 Y31.858 A365.18218
G1 X3.955 Y31.858 A365.20724
G1 X3.946 Y34.686 A365.29637
G1 X3.155 Y34.686 A365.3213
G1 X3.151 Y37.515 A365.41046
G1 X3.937 Y37.515 A365.43523
G1 X3.921 Y40.343 A365.52436
G1 X3.144 Y40.343 A365.54885
G1 X3.14 Y43.172 A365.63801
G1 X3.816 Y43.172 A365.65932
G1 X3.75 Y46.001 A365.74851
G1 X3.137 Y46.001 A365.76783
G1 X3.13 Y48.829 A365.85696
G1 X3.89 Y48.829 A365.88091
G1 X3.883 Y51.658 A365.97008
G1 X3.126 Y51.658 A365.99394
G1 X3.126 Y52.224 A366.01178
G1 X3.348 Y53.01 A366.03752
G1 X3.346 Y54.486 A366.08404
G1 X3.877 Y54.486 A366.10078
G1 X3.845 Y57.315 A366.18995
G1 X3.338 Y57.315 A366.20593
G1 X3.327 Y60.143 A366.29506
G1 X3.772 Y60.143 A366.30909
G1 X3.707 Y62.972 A366.39828
G1 X3.316 Y62.972 A366.4106
G1 X3.312 Y64.205 A366.44946
G1 X3.532 Y64.995 A366.47531
G1 X3.528 Y65.8 A366.50068
G1 X3.644 Y65.8 A366.50434
G1 X3.623 Y66.701 A366.53275
G1 X3.823 Y67.474 A366.55792
G1 X3.821 Y68.629 A366.59432
G1 X3.518 Y68.629 A366.60387
G1 X3.508 Y71.457 A366.693
G1 X3.964 Y71.457 A366.70737
G1 A366.40737 F2400
;WIPE_START
G1 F6240
G1 X3.508 Y71.457 A366.24075
G1 X3.518 Y68.629 A365.20737
;WIPE_END
G1 X-3.967 Y6.401 F7800
G1 A366.70737 F2400
G1 F3600
G1 X-4.681 Y6.401 A366.72987
G1 X-13.412 Y9.229 A367.01913
G1 X-9.976 Y9.229 A367.12743
G1 X-17.106 Y11.519 A367.36346
G1 X-19.117 Y12.058 A367.42908
G1 X-21.422 Y12.058 A367.50173
G1 X-30.178 Y14.887 A367.79175
G1 X-27.61 Y14.887 A367.87269
G1 X-32.482 Y16.454 A368.03399
G1 X-36.842 Y17.715 A368.17704
G1 X-38.934 Y17.715 A368.24298
G1 X-44.269 Y19.438 A368.41968
G1 X-44.947 Y19.891 A368.44538
G1 X-46.963 Y20.544 A368.51217
G1 X-45.236 Y20.544 A368.5666
G1 X-54.508 Y23.372 A368.87213
G1 X-55.673 Y23.372 A368.90885
G1 X-56.291 Y23.772 A368.93205
G1 X-63.679 Y26.147 A369.17664
G1 X-63.661 Y26.201 A369.17843
G1 X-62.369 Y26.201 A369.21915
G1 X-4.01 Y6.015 F7800
G1 F3600
G1 X-3.177 Y7.345 A369.26861
G1 X-17.028 Y11.79 A369.7271
G1 X-20.959 Y12.844 A369.85537
G1 X-21.627 Y13.26 A369.88017
G1 X-32.4 Y16.724 A370.23684
G1 X-39.723 Y18.859 A370.47726
G1 X-40.363 Y19.27 A370.50123
G1 X-47.772 Y21.658 A370.74658
G1 X-57.775 Y24.646 A371.07562
G1 X-58.419 Y25.066 A371.09985
G1 X-63.769 Y26.78 A371.27691
G1 X-64.034 Y25.966 A371.30389
G1 X-56.404 Y23.511 A371.55652
G1 X-55.748 Y23.066 A371.5815
G1 X-45.06 Y19.631 A371.93534
G1 X-44.409 Y19.187 A371.96018
G1 X-17.203 Y10.4 A372.86128
G1 X-16.547 Y9.953 A372.8863
G1 X-4.054 Y5.901 A373.30025
G1 X-4.026 Y5.974 A373.30271
G1 A373.00271 F2400
;WIPE_START
G1 F6240
G1 X-4.054 Y5.901 A372.97414
G1 X-7.104 Y6.89 A371.80271
;WIPE_END
G1 X-2.873 Y-2.085 F7800
G1 A373.30271 F2400
G1 F3600
G1 X-4.382 Y-2.085 A373.35027
G1 X-6.422 Y-4.913 A373.46017
G1 X-5.107 Y-4.913 A373.50162
G1 X-7.158 Y-7.742 A373.61175
G1 X-8.46 Y-7.742 A373.65279
G1 X-10.501 Y-10.57 A373.76271
G1 X-9.211 Y-10.57 A373.80337
G1 X-10.342 Y-12.124 A373.86395
G1 X-10.987 Y-12.633 A373.88985
G1 X-11.54 Y-13.399 A373.91963
G1 X-12.468 Y-13.399 A373.94888
G1 X-14.038 Y-15.816 A374.03972
G1 X-14.473 Y-16.227 A374.05858
G1 X-13.587 Y-16.227 A374.08651
G1 X-15.634 Y-19.056 A374.19657
G1 X-16.614 Y-19.056 A374.22746
G1 X-18.656 Y-21.884 A374.3374
G1 X-17.681 Y-21.884 A374.36813
G1 X-19.729 Y-24.713 A374.47821
G1 X-20.699 Y-24.713 A374.50878
G1 X-22.636 Y-27.542 A374.61684
G1 X-21.775 Y-27.542 A374.64398
G1 X-23.825 Y-30.37 A374.75407
G1 X-24.582 Y-30.37 A374.77793
G1 X-25.56 Y-31.806 A374.83269
G1 X-26.169 Y-32.314 A374.85769
G1 X-26.808 Y-33.199 A374.89209
G1 X-25.871 Y-33.199 A374.92162
G1 X-27.733 Y-35.769 A375.02165
G1 X-28.108 Y-36.027 A375.036
G1 X-28.853 Y-36.027 A375.05948
G1 X-30.888 Y-38.856 A375.16932
G1 X-30.244 Y-38.856 A375.18962
G1 X-32.282 Y-41.684 A375.29949
G1 X-32.834 Y-41.684 A375.31689
G1 X-34.795 Y-44.513 A375.42538
G1 X-34.321 Y-44.513 A375.44032
G1 X-34.926 Y-45.353 A375.47295
G1 X-35.569 Y-45.862 A375.4988
G1 X-36.634 Y-47.341 A375.55624
G1 X-36.803 Y-47.341 A375.56157
G1 X-37.261 Y-47.696 A375.57983
G1 X-39.052 Y-50.17 A375.67609
G1 X-38.49 Y-50.17 A375.6938
G1 X-39.09 Y-51.231 F7800
G1 F3600
G1 X-35.356 Y-46.049 A375.89511
G1 X-34.73 Y-45.563 A375.92009
G1 X-28.162 Y-36.461 A376.27386
G1 X-27.538 Y-35.98 A376.29869
G1 X-10.774 Y-12.82 A377.19981
G1 X-10.146 Y-12.335 A377.22482
G1 X-2.432 Y-1.706 A377.63875
G1 X-2.982 Y-1.162 A377.66313
G1 X-3.537 Y-.429 A377.69211
G1 X-12.042 Y-12.224 A378.15043
G1 X-14.258 Y-15.638 A378.27871
G1 X-14.86 Y-16.144 A378.3035
G1 X-21.485 Y-25.319 A378.66019
G1 X-25.778 Y-31.624 A378.9006
G1 X-26.366 Y-32.106 A378.92456
G1 X-30.927 Y-38.414 A379.1699
G1 X-36.86 Y-47.005 A379.49897
G1 X-37.458 Y-47.487 A379.52318
G1 X-40.742 Y-52.046 A379.70027
G1 X-40.049 Y-52.549 A379.72726
G1 X-39.116 Y-51.266 A379.77726
G1 A379.47726 F2400
;WIPE_START
G1 F6240
G1 X-40.049 Y-52.549 A378.89762
G1 X-40.742 Y-52.046 A378.58474
G1 X-40.25 Y-51.363 A378.27726
;WIPE_END
G1 X6.884 Y-4.913 F7800
G1 A379.77726 F2400
G1 F3600
G1 X5.376 Y-4.913 A379.82479
G1 X7.446 Y-7.742 A379.93528
G1 X8.761 Y-7.742 A379.97673
G1 X10.819 Y-10.57 A380.08697
G1 X9.517 Y-10.57 A380.12801
G1 X11.587 Y-13.399 A380.2385
G1 X12.802 Y-13.399 A380.27679
G1 X13.052 Y-14.025 A380.29804
G1 X14.658 Y-16.227 A380.38394
G1 X13.774 Y-16.227 A380.4118
G1 X15.137 Y-17.911 A380.48008
G1 X15.454 Y-18.67 A380.506
G1 X15.736 Y-19.056 A380.52107
G1 X16.722 Y-19.056 A380.55215
G1 X18.787 Y-21.884 A380.66252
G1 X17.805 Y-21.884 A380.69347
G1 X19.872 Y-24.713 A380.8039
G1 X20.848 Y-24.713 A380.83466
G1 X22.913 Y-27.542 A380.94505
G1 X21.94 Y-27.542 A380.97572
G1 X24.147 Y-30.37 A381.08878
G1 X24.973 Y-30.37 A381.11481
G1 X27.035 Y-33.199 A381.22515
G1 X26.31 Y-33.199 A381.248
G1 X26.784 Y-33.811 A381.2724
G1 X27.079 Y-34.547 A381.29739
G1 X28.161 Y-36.027 A381.35517
G1 X29.098 Y-36.027 A381.3847
G1 X29.881 Y-37.102 A381.42662
G1 X30.164 Y-37.868 A381.45236
G1 X30.883 Y-38.856 A381.49087
G1 X30.226 Y-38.856 A381.51158
G1 X32.323 Y-41.684 A381.62254
G1 X32.95 Y-41.684 A381.6423
G1 X35.022 Y-44.513 A381.75282
G1 X34.493 Y-44.513 A381.76949
G1 X36.641 Y-47.341 A381.88142
G1 X36.905 Y-47.341 A381.88974
G1 X37.06 Y-47.674 A381.90132
G1 X38.889 Y-50.17 A381.99885
G1 X38.514 Y-50.17 A382.01067
G1 X40.577 Y-52.998 A382.121
G1 X41.142 Y-52.998 A382.13881
G1 X41.364 Y-54.488 F7800
G1 F3600
G1 X42.035 Y-54.001 A382.16494
G1 X37.304 Y-47.529 A382.41761
G1 X37.035 Y-46.784 A382.44257
G1 X30.408 Y-37.724 A382.79636
G1 X30.143 Y-36.981 A382.82122
G1 X13.296 Y-13.881 A383.72235
G1 X13.029 Y-13.134 A383.74735
G1 X5.308 Y-2.519 A384.16106
G1 X4.439 Y-2.937 A384.19145
G1 X3.741 Y-3.16 A384.21455
G1 X12.338 Y-14.903 A384.67325
G1 X14.899 Y-18.066 A384.80152
G1 X15.195 Y-18.795 A384.82632
G1 X21.874 Y-27.93 A385.18299
G1 X26.544 Y-33.961 A385.4234
G1 X26.82 Y-34.67 A385.44738
G1 X31.41 Y-40.957 A385.69272
G1 X37.747 Y-49.255 A386.0218
G1 X38.021 Y-49.972 A386.04599
G1 X41.332 Y-54.491 A386.22256
G1 A385.92256 F2400
;WIPE_START
G1 F6240
G1 X39.391 Y-51.842 A384.72256
;WIPE_END
G1 X10.049 Y3.388 F7800
G1 A386.22256 F2400
G1 F3600
G1 X22.419 Y7.456 A386.63298
G1 X26.219 Y8.915 A386.76127
G1 X27.004 Y8.97 A386.78607
G1 X37.756 Y12.5 A387.14275
G1 X44.935 Y15.077 A387.38316
G1 X45.694 Y15.121 A387.40712
G1 X53.092 Y17.543 A387.65247
G1 X62.942 Y21.006 A387.98155
G1 X63.709 Y21.045 A388.00576
G1 X68.427 Y22.587 A388.1622
G1 X69.045 Y22.803 A388.18283
G1 X68.781 Y23.617 A388.2098
G1 X61.165 Y21.118 A388.46243
G1 X60.373 Y21.093 A388.4874
G1 X49.708 Y17.59 A388.84121
G1 X48.92 Y17.567 A388.86606
G1 X21.744 Y8.683 A389.7672
G1 X20.951 Y8.659 A389.79221
G1 X8.461 Y4.594 A390.2062
G1 X8.575 Y3.951 A390.22678
G1 X8.608 Y2.913 A390.25951
G1 X10.008 Y3.374 A390.30597
G1 X10.179 Y3.572 F7800
G1 F3600
G1 X8.873 Y3.572 A390.34713
G1 X8.79 Y4.405 A390.37351
G1 X14.916 Y6.401 A390.57658
G1 X18.306 Y6.401 A390.68343
G1 X22.324 Y7.721 A390.81673
G1 X26.4 Y9.229 A390.95371
G1 X24.323 Y9.229 A391.01917
G1 X32.971 Y12.058 A391.30595
G1 X35.503 Y12.058 A391.38575
G1 X43.568 Y14.887 A391.65513
G1 X41.627 Y14.887 A391.71631
G1 X48.954 Y17.281 A391.95926
G1 X49.769 Y17.313 A391.98497
G1 X51.003 Y17.715 A392.02588
G1 X52.71 Y17.715 A392.07968
G1 X60.774 Y20.544 A392.34903
G1 X59.135 Y20.544 A392.40069
;LAYER_CHANGE
;Z:1
;HEIGHT:0.0285714
G1 A392.10069 F2400
;WIPE_START
G1 F6240
G1 X60.774 Y20.544 A391.50182
G1 X59.222 Y19.999 A390.90069
;WIPE_END
G1 Z1 F7800
G1 X7.107 Y6.402
G1 A392.40069 F2400
;TYPE:External perimeter
;WIDTH:0.396546
;HEIGHT:0.1
G1 F2880
;WIDTH:0.443006
G1 X37.444 Y16.435 A392.96069
;WIDTH:0.48947
G1 X67.78 Y26.468 A393.5824
G1 A393.2824 F2400
;WIPE_START
G1 F6240
G1 X64.662 Y25.437 A392.0824
;WIPE_END
G1 X-.222 Y3.214 F7800
G1 A393.5824 F2400
;TYPE:Perimeter
;WIDTH:0.449999
G1 F900
G1 X-.192 Y2.774 A393.59026
G1 X-.073 Y2.392 A393.59739
G1 X.136 Y1.982 A393.60559
G1 X.507 Y1.553 A393.6157
G1 X.929 Y1.253 A393.62492
G1 X1.414 Y1.058 A393.63423
G1 X1.989 Y.982 A393.64456
G1 X2.561 Y1.056 A393.65484
G1 X3.107 Y1.281 A393.66536
G1 X3.541 Y1.608 A393.67504
G1 X3.875 Y2.02 A393.68449
G1 X4.103 Y2.504 A393.69402
G1 X4.215 Y3.075 A393.70439
G1 X4.175 Y3.655 A393.71475
G1 X4.005 Y4.155 A393.72416
G1 X3.707 Y4.625 A393.73408
G1 X3.465 Y4.885 A393.74041
G1 X2.982 Y5.21 A393.75078
G1 X2.492 Y5.388 A393.76007
G1 X1.995 Y5.447 A393.76899
G1 X1.435 Y5.376 A393.77905
G1 X.889 Y5.155 A393.78954
G1 X.434 Y4.813 A393.79968
G1 X.074 Y4.357 A393.81003
G1 X-.145 Y3.857 A393.81976
G1 X-.231 Y3.354 A393.82885
G1 X-.226 Y3.274 A393.83028
G1 X.201 Y3.215 F7800
G1 F900
G1 X.194 Y3.131 A393.83178
G1 X.277 Y2.668 A393.84016
G1 X.476 Y2.243 A393.84852
G1 X.78 Y1.884 A393.8569
G1 X1.165 Y1.615 A393.86527
G1 X1.629 Y1.453 A393.87403
G1 X2.076 Y1.416 A393.88202
G1 X2.538 Y1.499 A393.89038
G1 X2.963 Y1.699 A393.89875
G1 X3.333 Y2.016 A393.90743
G1 X3.591 Y2.388 A393.9155
G1 X3.75 Y2.83 A393.92387
G1 X3.79 Y3.298 A393.93224
G1 X3.707 Y3.761 A393.94062
G1 X3.504 Y4.154 A393.9485
G1 X3.204 Y4.545 A393.95728
G1 X2.784 Y4.828 A393.9663
G1 X2.376 Y4.973 A393.97401
G1 X1.887 Y5.01 A393.98275
G1 X1.445 Y4.93 A393.99075
G1 X1.02 Y4.73 A393.99912
G1 X.661 Y4.427 A394.00749
G1 X.392 Y4.041 A394.01587
G1 X.233 Y3.599 A394.02424
G1 X.206 Y3.274 A394.03005
G1 X.622 Y3.215 F7800
;TYPE:External perimeter
G1 F900
G1 X.618 Y3.186 A394.03057
G1 X.672 Y2.832 A394.03695
G1 X.816 Y2.504 A394.04333
G1 X1.04 Y2.224 A394.04972
G1 X1.329 Y2.011 A394.05612
G1 X1.685 Y1.878 A394.06289
G1 X2.02 Y1.841 A394.06889
G1 X2.374 Y1.895 A394.07527
G1 X2.703 Y2.039 A394.08167
G1 X2.993 Y2.277 A394.08835
G1 X3.195 Y2.552 A394.09443
G1 X3.325 Y2.886 A394.10082
G1 X3.365 Y3.242 A394.1072
G1 X3.311 Y3.597 A394.1136
G1 X3.146 Y3.918 A394.12003
G1 X2.943 Y4.205 A394.12629
G1 X2.62 Y4.432 A394.13332
G1 X2.32 Y4.548 A394.13905
G1 X1.943 Y4.585 A394.1458
G1 X1.509 Y4.492 A394.15371
G1 X1.281 Y4.39 A394.15816
G1 X.945 Y4.093 A394.16615
G1 X.788 Y3.877 A394.17091
G1 X.658 Y3.543 A394.1773
G1 X.628 Y3.274 A394.18212
G1 A393.88212 F2400
;WIPE_START
G1 F6240
G1 X.622 Y3.215 A393.86045
G1 X.618 Y3.186 A393.84975
G1 X.672 Y2.832 A393.71891
G1 X.816 Y2.504 A393.58802
G1 X1.04 Y2.224 A393.457
G1 X1.329 Y2.011 A393.32582
G1 X1.685 Y1.878 A393.18696
G1 X2.02 Y1.841 A393.06381
G1 X2.374 Y1.895 A392.93297
G1 X2.703 Y2.039 A392.80175
G1 X2.956 Y2.247 A392.68212
;WIPE_END
G1 X-4.02 Y3.642 F7800
G1 A394.18212 F2400
;WIDTH:0.39654
G1 F2880
;WIDTH:0.443006
G1 X-34.46 Y13.357 A394.74212
;WIDTH:0.489472
G1 X-64.9 Y23.072 A395.36385
G1 A395.06385 F2400
;WIPE_START
G1 F6240
G1 X-61.771 Y22.073 A393.86385
;WIPE_END
G1 X-.273 Y-2.371 F7800
G1 A395.36385 F2400
;WIDTH:0.396546
G1 F2880
;WIDTH:0.443009
G1 X-18.919 Y-28.319 A395.92385
;WIDTH:0.489474
G1 X-37.564 Y-54.268 A396.54558
G1 A396.24558 F2400
;WIPE_START
G1 F6240
G1 X-35.648 Y-51.601 A395.04558
;WIPE_END
G1 X44.437 Y-52.169 F7800
G1 A396.54558 F2400
;WIDTH:0.48947
G1 F2880
G1 X25.521 Y-26.417 A397.1673
;WIDTH:0.443006
G1 X6.604 Y-.666 A397.7273
;WIDTH:0.399382
G1 X6.584 Y-.64 A397.72782
G1 A397.42782 F2400
;WIPE_START
G1 F6240
G1 X6.604 Y-.666 A397.41583
G1 X8.529 Y-3.286 A396.22782
;WIPE_END
G1 X.206 Y72.969 F7800
G1 A397.72782 F2400
;WIDTH:0.489472
G1 F2880
G1 X.373 Y41.017 A398.34954
;WIDTH:0.443009
G1 X.541 Y9.065 A398.90954
;WIDTH:0.396546
G1 X.541 Y9.064 A398.90956
G1 A398.60956 F2400
;WIPE_START
G1 F6240
G1 X.541 Y9.065 A398.60919
G1 X.524 Y12.348 A397.40956
;WIPE_END
G1 X5.495 Y-.185 F7800
G1 A398.90956 F2400
;TYPE:Perimeter
;WIDTH:0.449999
G1 F900
G1 X5.824 Y.132 A398.9177
G1 X6.17 Y.625 A398.92843
G1 X6.551 Y1.382 A398.94353
G1 X6.797 Y2.184 A398.95848
G1 X6.89 Y2.863 A398.97069
G1 X6.869 Y3.805 A398.98748
G1 X6.756 Y4.377 A398.99787
G1 X6.591 Y4.884 A399.00737
G1 X6.407 Y5.36 A399.01646
G1 X6.17 Y5.834 A399.0259
G1 X5.883 Y6.218 A399.03444
G1 X5.397 Y6.758 A399.04738
G1 X4.743 Y7.286 A399.06236
G1 X4.024 Y7.689 A399.07705
G1 X3.351 Y7.934 A399.08981
G1 X2.445 Y8.107 A399.10624
G1 X1.554 Y8.11 A399.12211
G1 X.907 Y8.009 A399.13378
G1 X.489 Y7.888 A399.14153
G1 X-.009 Y7.706 A399.15098
G1 X-.76 Y7.286 A399.16631
G1 X-1.328 Y6.827 A399.17932
G1 X-1.738 Y6.396 A399.18992
G1 X-2.074 Y5.964 A399.19967
G1 X-2.339 Y5.533 A399.20868
G1 X-2.693 Y4.697 A399.22485
G1 X-2.823 Y4.126 A399.23528
G1 X-2.928 Y3.547 A399.24576
G1 X-2.921 Y3.029 A399.25499
G1 X-2.812 Y2.179 A399.27026
G1 X-2.567 Y1.379 A399.28517
G1 X-2.233 Y.707 A399.29854
G1 X-1.677 Y-.055 A399.31535
G1 X-1.184 Y-.533 A399.32758
G1 X-.747 Y-.843 A399.33713
G1 X-.277 Y-1.136 A399.347
G1 X.209 Y-1.373 A399.35663
G1 X1.165 Y-1.629 A399.37426
G1 X1.989 Y-1.699 A399.38899
G1 X2.877 Y-1.619 A399.40488
G1 X3.566 Y-1.44 A399.41756
G1 X4.424 Y-1.055 A399.43432
G1 X4.964 Y-.696 A399.44587
G1 X5.452 Y-.226 A399.45794
G1 X6.068 Y-.283 F7800
G1 F900
G1 X6.134 Y-.254 A399.45922
G1 X6.176 Y-.114 A399.46182
G1 X6.538 Y.405 A399.47309
G1 X6.95 Y1.222 A399.48939
G1 X7.217 Y2.091 A399.50559
G1 X7.319 Y2.838 A399.51902
G1 X7.297 Y3.852 A399.53709
G1 X7.176 Y4.46 A399.54813
G1 X6.994 Y5.028 A399.55876
G1 X6.788 Y5.557 A399.56887
G1 X6.537 Y6.07 A399.57905
G1 X6.217 Y6.488 A399.58843
G1 X5.692 Y7.07 A399.60239
G1 X4.984 Y7.642 A399.61861
G1 X4.203 Y8.08 A399.63456
G1 X3.465 Y8.349 A399.64855
G1 X2.486 Y8.535 A399.6663
G1 X1.522 Y8.538 A399.68348
G1 X.841 Y8.433 A399.69576
G1 X.351 Y8.294 A399.70483
G1 X-.195 Y8.092 A399.7152
G1 X-1.001 Y7.642 A399.73165
G1 X-1.708 Y7.071 A399.74784
G1 X-2.118 Y6.613 A399.75879
G1 X-2.429 Y6.204 A399.76794
G1 X-2.721 Y5.73 A399.77786
G1 X-3.102 Y4.828 A399.79531
G1 X-3.24 Y4.221 A399.8064
G1 X-3.365 Y3.575 A399.81812
G1 X-3.349 Y3.002 A399.82833
G1 X-3.232 Y2.089 A399.84473
G1 X-2.966 Y1.22 A399.86092
G1 X-2.601 Y.484 A399.87556
G1 X-2.002 Y-.337 A399.89367
G1 X-1.459 Y-.864 A399.90715
G1 X-.69 Y-1.408 A399.92393
G1 X-.136 Y-1.688 A399.93499
G1 X-.026 Y-1.793 A399.9377
G1 X.098 Y-1.787 A399.93991
G1 X1.091 Y-2.053 A399.95823
G1 X1.99 Y-2.129 A399.9743
G1 X2.951 Y-2.043 A399.99149
G1 X3.709 Y-1.846 A400.00544
G1 X4.632 Y-1.432 A400.02346
G1 X5.23 Y-1.034 A400.03626
G1 X6.013 Y-.308 A400.05528
G1 X6.531 Y-.411 F7800
;TYPE:External perimeter
G1 F900
G1 X6.527 Y-.359 A400.05621
G1 X6.907 Y.184 A400.06802
G1 X7.349 Y1.062 A400.08553
G1 X7.637 Y1.999 A400.10299
G1 X7.748 Y2.813 A400.11763
G1 X7.725 Y3.899 A400.13698
G1 X7.565 Y4.702 A400.15157
G1 X7.237 Y5.622 A400.16897
G1 X6.973 Y6.131 A400.17919
G1 X7.025 Y6.364 A400.18344
G1 X6.821 Y6.391 A400.18711
G1 X6.551 Y6.757 A400.19521
G1 X5.988 Y7.382 A400.2102
G1 X5.225 Y7.999 A400.22768
G1 X4.382 Y8.471 A400.24489
G1 X3.579 Y8.763 A400.26011
G1 X2.527 Y8.963 A400.27919
G1 X1.318 Y8.94 A400.30073
G1 X.755 Y8.853 A400.31088
G1 X.552 Y8.975 A400.3151
G1 X.467 Y8.792 A400.31869
G1 X-.382 Y8.479 A400.33481
G1 X-1.242 Y7.998 A400.35237
G1 X-2.005 Y7.383 A400.36983
G1 X-2.438 Y6.899 A400.3814
G1 X-2.785 Y6.444 A400.39159
G1 X-3.103 Y5.927 A400.4024
G1 X-3.512 Y4.96 A400.42111
G1 X-3.658 Y4.316 A400.43288
G1 X-3.752 Y3.782 A400.44254
G1 X-3.933 Y3.625 A400.44681
G1 X-3.783 Y3.483 A400.45049
G1 X-3.778 Y2.974 A400.45956
G1 X-3.653 Y1.998 A400.47709
G1 X-3.366 Y1.061 A400.49455
G1 X-2.969 Y.261 A400.51046
G1 X-2.326 Y-.619 A400.52988
G1 X-1.734 Y-1.195 A400.5446
G1 X-.911 Y-1.777 A400.56256
G1 X-.329 Y-2.07 A400.57417
G1 X-.229 Y-2.292 A400.57851
G1 X-.013 Y-2.201 A400.58269
G1 X1.016 Y-2.477 A400.60167
G1 X1.991 Y-2.56 A400.6191
G1 X3.024 Y-2.466 A400.63758
G1 X3.851 Y-2.251 A400.6528
G1 X4.84 Y-1.808 A400.67211
G1 X5.497 Y-1.372 A400.68616
G1 X6.307 Y-.619 A400.70586
G1 X6.54 Y-.605 A400.71002
;WIDTH:0.406673
G1 X6.584 Y-.64 A400.71092
G1 X6.547 Y-.596 A400.71184
;WIDTH:0.449999
G1 X6.536 Y-.47 A400.71409
G1 A400.41409 F2400
;WIPE_START
G1 F6240
G1 X6.531 Y-.411 A400.39246
G1 X6.527 Y-.359 A400.3734
G1 X6.907 Y.184 A400.13124
G1 X7.349 Y1.062 A399.77207
G1 X7.637 Y1.999 A399.4139
G1 X7.711 Y2.541 A399.21409
;WIPE_END
G1 X-1.688 Y6.156 F7800
G1 A400.71409 F2400
;TYPE:Solid infill
;WIDTH:0.36146
G1 F3600
G1 X-1.264 Y6.603 A400.7228
G1 X-.665 Y7.142 A400.73419
G1 X.172 Y7.446 F7800
G1 F3600
G1 X.183 Y7.487 A400.73479
G1 X.112 Y7.506 A400.73583
G1 X.131 Y7.435 A400.73687
;WIDTH:0.40573
G1 X-.015 Y7.344 A400.73962
;WIDTH:0.449999
G1 X-.161 Y7.252 A400.74269
G1 X-2.071 Y5.343 A400.7908
G1 X-2.158 Y5.177 A400.79414
;WIDTH:0.40573
G1 X-2.245 Y5.012 A400.79712
;WIDTH:0.36146
G1 X-2.234 Y5.053 A400.79772
G1 X-2.305 Y5.072 A400.79876
G1 X-2.286 Y5.001 A400.7998
;WIDTH:0.449999
G1 X-2.437 Y4.37 A400.81136
G1 X.874 Y7.682 A400.8948
G1 X1.587 Y7.788 A400.90764
G1 X-2.591 Y3.61 A401.01291
G1 X-2.593 Y3.002 A401.02374
G1 X2.191 Y7.786 A401.14428
G1 X3.027 Y7.776 A401.15918
;WIDTH:0.36146
G1 X3.008 Y7.848 A401.16023
G1 X3.079 Y7.828 A401.16127
G1 X3.068 Y7.787 A401.16187
;WIDTH:0.40573
G1 X2.901 Y7.756 A401.16458
;WIDTH:0.449999
G1 X2.735 Y7.724 A401.16759
G1 X-2.525 Y2.465 A401.30011
G1 X-2.412 Y1.971 A401.30914
G1 X-.446 Y3.937 A401.35868
G1 X-.251 Y4.24 A401.3651
;WIDTH:0.36146
G1 X-.027 Y4.543 A401.37043
G1 X.328 Y4.935 A401.37791
G1 X.969 Y5.451 A401.38954
;WIDTH:0.40573
G1 X1.12 Y5.553 A401.39245
;WIDTH:0.449999
G1 X1.272 Y5.655 A401.39571
G1 X3.244 Y7.627 A401.4454
G1 X3.691 Y7.468 A401.45385
G1 X1.991 Y5.768 A401.49668
G1 X2.588 Y5.693 A401.5074
G1 X3.275 Y5.42 A401.52057
G1 X3.797 Y5.015 A401.53234
G1 X4.217 Y4.431 A401.54516
G1 X4.434 Y3.947 A401.55461
G1 X4.543 Y3.218 A401.56774
G1 X4.473 Y2.625 A401.57838
G1 X4.288 Y2.116 A401.58803
;WIDTH:0.447565
G1 X4.131 Y1.838 A401.59369
G1 X4.357 Y2.072 A401.59945
;WIDTH:0.449999
G1 X6.4 Y4.116 A401.65094
G1 X6.48 Y4.116 A401.65237
G1 X6.426 Y4.388 A401.65731
G1 X6.177 Y5.087 A401.67053
G1 X5.93 Y5.588 A401.68048
G1 X5.633 Y6.016 A401.68976
G1 X5.175 Y6.524 A401.70195
G1 X4.562 Y7.019 A401.71599
G1 X4.104 Y7.275 A401.72534
G1 X2.687 Y5.858 A401.76104
G1 X3.309 Y5.874 A401.77213
G1 X3.532 Y5.762 A401.77658
G1 X4.144 Y5.267 A401.7906
G1 X4.514 Y4.758 A401.80181
G1 X4.663 Y4.488 A401.8073
G1 X4.857 Y4.015 A401.81641
G1 X4.966 Y3.289 A401.82949
G1 X5.996 Y4.319 A401.85544
G1 X5.742 Y5.015 A401.86864
G1 X5.497 Y5.476 A401.87794
G1 X5.061 Y6.01 A401.89022
G1 X4.611 Y6.429 A401.90117
G1 X4.178 Y6.743 A401.9107
G1 X3.461 Y6.026 A401.92877
G1 X3.953 Y5.949 A401.93764
;WIDTH:0.39793
G1 X4.127 Y5.819 A401.94104
;WIDTH:0.398338
G1 X4.469 Y5.504 A401.94833
;WIDTH:0.416141
G1 X4.847 Y5 A401.95867
G1 X5.032 Y4.66 A401.96502
;WIDTH:0.407646
G1 X5.237 Y4.127 A401.97419
;WIDTH:0.394014
G1 X5.534 Y4.423 A401.98068
;WIDTH:0.407646
G1 X5.389 Y4.806 A401.98726
;WIDTH:0.416141
G1 X5.165 Y5.233 A401.99517
G1 X4.677 Y5.838 A402.00792
;WIDTH:0.39793
G1 X4.226 Y6.222 A402.01719
G1 X4.105 Y6.101 A402.01987
G1 A401.71987 F2400
;WIPE_START
G1 F6240
G1 X4.226 Y6.222 A401.65735
G1 X4.677 Y5.838 A401.44092
G1 X5.165 Y5.233 A401.15691
G1 X5.389 Y4.806 A400.98073
G1 X5.534 Y4.423 A400.83109
G1 X5.237 Y4.127 A400.67788
G1 X5.082 Y4.53 A400.51987
;WIPE_END
G1 X-.563 Y3.215 F7800
G1 A402.01987 F2400
;WIDTH:0.449999
G1 F3600
G1 X-2.27 Y1.507 A402.06289
G1 X-1.919 Y1.253 A402.07061
G1 X-.5 Y2.67 A402.10634
G1 X-.409 Y2.364 A402.11203
G1 X-.156 Y1.843 A402.12235
G1 X.184 Y1.413 A402.13212
G1 X.595 Y1.081 A402.14153
G1 X1.363 Y.743 A402.15648
G1 X2.078 Y.667 A402.16929
G1 X2.737 Y.777 A402.18119
;WIDTH:0.457451
G1 X3.247 Y.989 A402.1912
;WIDTH:0.45857
G1 X3.291 Y1.014 A402.19212
G1 X2.902 Y.619 A402.20219
;WIDTH:0.449999
G1 X1.095 Y-1.188 A402.24772
G1 X1.095 Y-1.278 A402.24932
G1 X.272 Y-1.059 A402.26449
G1 X-.302 Y-.764 A402.27599
G1 X-.978 Y-.285 A402.29075
G1 X-1.433 Y.157 A402.30205
G1 X-1.958 Y.875 A402.3179
G1 X-2.07 Y1.101 A402.32239
G1 X-1.538 Y1.027 A402.33196
G1 X-1.109 Y.439 A402.34493
G1 X-.704 Y.045 A402.355
G1 X-.079 Y-.397 A402.36864
G1 X.369 Y-.627 A402.37761
G1 X.896 Y-.781 A402.38739
G1 X1.929 Y.252 A402.41342
G1 X1.319 Y.316 A402.42435
G1 X.895 Y.471 A402.43239
G1 X.329 Y.745 A402.44359
G1 X-.097 Y1.087 A402.45332
G1 X-.463 Y1.532 A402.46359
G1 X-.662 Y1.903 A402.47109
G1 X-1.387 Y1.178 A402.48936
G1 X-1.199 Y1.082 A402.49312
;WIDTH:0.423469
G1 X-1.011 Y.986 A402.49665
;WIDTH:0.396939
G1 X-.916 Y.856 A402.49916
G1 X-.544 Y.449 A402.50777
;WIDTH:0.395344
G1 X-.086 Y.097 A402.51675
;WIDTH:0.415973
G1 X.557 Y-.261 A402.52882
G1 X.773 Y-.326 A402.53252
;WIDTH:0.410219
G1 X1.066 Y-.034 A402.53921
;WIDTH:0.415973
G1 X.727 Y.095 A402.54516
G1 X.081 Y.432 A402.55711
;WIDTH:0.392206
G1 X-.375 Y.8 A402.56614
;WIDTH:0.396939
G1 X-.749 Y1.247 A402.57524
G1 X-.859 Y1.137 A402.57767
G1 A402.27767 F2400
;WIPE_START
G1 F6240
G1 X-.749 Y1.247 A402.22083
G1 X-.375 Y.8 A402.00787
G1 X.081 Y.432 A401.79377
G1 X.727 Y.095 A401.52754
G1 X1.066 Y-.034 A401.39501
G1 X.773 Y-.326 A401.24387
G1 X.557 Y-.261 A401.16145
G1 X.357 Y-.149 A401.07767
;WIPE_END
G1 X3.291 Y1.014 F7800
G1 A402.57767 F2400
;WIDTH:0.45857
G1 F3600
G1 X3.521 Y1.215 A402.58322
;WIDTH:0.418379
G1 X3.75 Y1.416 A402.58825
;WIDTH:0.407236
G1 X3.94 Y1.627 A402.5928
;WIDTH:0.436284
G1 X4.131 Y1.838 A402.59771
G1 A402.29771 F2400
;WIPE_START
G1 F6240
G1 X3.94 Y1.627 A402.19372
G1 X3.75 Y1.416 A402.08997
G1 X3.521 Y1.215 A401.97864
G1 X3.291 Y1.014 A401.86703
;WIPE_END
G1 A401.09771 F2400
G1 X6.551 Y3.662 F7800
G1 A402.59771 F2400
;WIDTH:0.449999
G1 F3600
G1 X1.55 Y-1.339 A402.72372
G1 X2.132 Y-1.364 A402.7341
G1 X6.564 Y3.069 A402.84578
G1 X6.502 Y2.401 A402.85773
G1 X2.798 Y-1.303 A402.95106
G1 X3.579 Y-1.102 A402.96543
;WIDTH:0.412934
G1 X4.287 Y-.783 A402.97807
G1 X4.788 Y-.447 A402.98789
;WIDTH:0.432766
G1 X5.534 Y.257 A403.00543
G1 X5.905 Y.795 A403.01661
G1 X6.289 Y1.594 A403.03177
G1 X4.517 Y-.165 A403.07447
;WIDTH:0.412934
G1 X3.73 Y-.951 A403.09257
M106 P204
;LAYER_CHANGE
;Z:1.1
;HEIGHT:0.1
G1 A402.79257 F2400
;WIPE_START
G1 F6240
G1 X4.517 Y-.165 A402.38616
G1 X6.058 Y1.365 A401.59257
;WIPE_END
G1 Z1.1 F7800
G1 X7.151 Y6.325
G1 A403.09257 F2400
;TYPE:External perimeter
;WIDTH:0.396572
G1 F2880
G1 X7.152 Y6.325 A403.09259
;WIDTH:0.442989
G1 X37.486 Y16.335 A403.65239
;WIDTH:0.48941
G1 X67.82 Y26.345 A404.27384
G1 A403.97384 F2400
;WIPE_START
G1 F6240
G1 X64.701 Y25.316 A402.77384
;WIPE_END
G1 X-.239 Y3.214 F7800
G1 A404.27384 F2400
;TYPE:Perimeter
;WIDTH:0.449999
G1 F900
G1 X-.182 Y2.713 A404.28282
G1 X-.003 Y2.224 A404.2921
G1 X.321 Y1.741 A404.30246
G1 X.759 Y1.359 A404.31281
G1 X1.281 Y1.103 A404.32317
G1 X1.852 Y.991 A404.33354
G1 X2.432 Y1.031 A404.3439
G1 X2.982 Y1.219 A404.35426
G1 X3.465 Y1.544 A404.36463
G1 X3.847 Y1.982 A404.37498
G1 X4.103 Y2.504 A404.38534
G1 X4.215 Y3.075 A404.39571
G1 X4.175 Y3.655 A404.40607
G1 X3.987 Y4.205 A404.41643
G1 X3.662 Y4.687 A404.42679
G1 X3.224 Y5.07 A404.43716
G1 X2.702 Y5.326 A404.44752
G1 X2.143 Y5.436 A404.45767
G1 X1.821 Y5.433 A404.46341
G1 X1.281 Y5.326 A404.47322
G1 X.781 Y5.086 A404.4831
G1 X.374 Y4.751 A404.49249
G1 X.041 Y4.299 A404.50249
G1 X-.177 Y3.739 A404.5132
G1 X-.235 Y3.273 A404.52157
G1 X.201 Y3.215 F7800
G1 F900
G1 X.194 Y3.131 A404.52307
G1 X.277 Y2.668 A404.53145
G1 X.41 Y2.349 A404.53761
G1 X.723 Y1.933 A404.54689
G1 X1.165 Y1.615 A404.55659
G1 X1.607 Y1.456 A404.56496
G1 X2.076 Y1.416 A404.57335
G1 X2.538 Y1.499 A404.58171
G1 X2.963 Y1.699 A404.59008
G1 X3.322 Y2.002 A404.59845
G1 X3.591 Y2.388 A404.60683
G1 X3.75 Y2.83 A404.6152
G1 X3.79 Y3.298 A404.62357
G1 X3.707 Y3.761 A404.63195
G1 X3.507 Y4.186 A404.64032
G1 X3.204 Y4.545 A404.64869
G1 X2.784 Y4.828 A404.65771
G1 X2.376 Y4.973 A404.66542
G1 X1.877 Y5.009 A404.67433
G1 X1.445 Y4.93 A404.68215
G1 X1.02 Y4.73 A404.69052
G1 X.661 Y4.427 A404.69889
G1 X.392 Y4.041 A404.70727
G1 X.233 Y3.599 A404.71564
G1 X.206 Y3.274 A404.72145
G1 X.622 Y3.215 F7800
;TYPE:External perimeter
G1 F900
G1 X.618 Y3.186 A404.72197
G1 X.672 Y2.832 A404.72835
G1 X.794 Y2.539 A404.734
G1 X1.04 Y2.224 A404.74112
G1 X1.329 Y2.011 A404.74752
G1 X1.663 Y1.881 A404.75391
G1 X2.02 Y1.841 A404.76031
G1 X2.374 Y1.895 A404.76669
G1 X2.788 Y2.105 A404.77496
G1 X2.982 Y2.263 A404.77942
G1 X3.195 Y2.552 A404.78582
G1 X3.325 Y2.886 A404.79221
G1 X3.365 Y3.242 A404.79859
G1 X3.311 Y3.597 A404.80499
G1 X3.167 Y3.925 A404.81137
G1 X2.943 Y4.205 A404.81776
G1 X2.62 Y4.432 A404.82479
G1 X2.32 Y4.548 A404.83052
G1 X1.933 Y4.584 A404.83744
G1 X1.609 Y4.534 A404.84328
G1 X1.281 Y4.39 A404.84966
G1 X.959 Y4.111 A404.85725
G1 X.788 Y3.877 A404.86241
G1 X.658 Y3.543 A404.8688
G1 X.628 Y3.274 A404.87362
G1 A404.57362 F2400
;WIPE_START
G1 F6240
G1 X.622 Y3.215 A404.55195
G1 X.618 Y3.186 A404.54125
G1 X.672 Y2.832 A404.41041
G1 X.794 Y2.539 A404.29444
G1 X1.04 Y2.224 A404.1484
G1 X1.329 Y2.011 A404.01722
G1 X1.663 Y1.881 A403.88626
G1 X2.02 Y1.841 A403.755
G1 X2.374 Y1.895 A403.62416
G1 X2.788 Y2.105 A403.45454
G1 X2.96 Y2.245 A403.37362
;WIPE_END
G1 X-.354 Y-2.335 F7800
G1 A404.87362 F2400
;WIDTH:0.39657
G1 F2880
;WIDTH:0.44299
G1 X-19.012 Y-28.264 A405.43345
;WIDTH:0.48941
G1 X-37.669 Y-54.192 A406.0549
G1 A405.7549 F2400
;WIPE_START
G1 F6240
G1 X-35.751 Y-51.526 A404.5549
;WIPE_END
G1 X44.331 Y-52.244 F7800
G1 A406.0549 F2400
;WIDTH:0.498454
G1 F2880
G1 X31.283 Y-34.462 A406.49229
;WIDTH:0.464494
G1 X18.914 Y-17.597 A406.87752
;WIDTH:0.430533
G1 X6.545 Y-.732 A407.23322
;WIDTH:0.399414
G1 X6.524 Y-.706 A407.23375
G1 A406.93375 F2400
;WIPE_START
G1 F6240
G1 X6.545 Y-.732 A406.92154
G1 X8.468 Y-3.353 A405.73375
;WIPE_END
G1 X.627 Y9.083 F7800
G1 A407.23375 F2400
;WIDTH:0.396572
G1 F2880
;WIDTH:0.44299
G1 X.481 Y41.026 A407.79356
;WIDTH:0.489408
G1 X.335 Y72.969 A408.41502
G1 A408.11502 F2400
;WIPE_START
G1 F6240
G1 X.35 Y69.685 A406.91502
;WIPE_END
G1 X-4.011 Y3.731 F7800
G1 A408.41502 F2400
;WIDTH:0.396574
G1 F2880
G1 X-4.012 Y3.731 A408.41504
;WIDTH:0.430534
G1 X-23.932 Y10.104 A408.77074
;WIDTH:0.464494
G1 X-43.851 Y16.478 A409.15596
;WIDTH:0.498454
G1 X-64.859 Y23.195 A409.59335
G1 A409.29335 F2400
;WIPE_START
G1 F6240
G1 X-61.731 Y22.195 A408.09335
;WIPE_END
G1 X5.44 Y-.244 F7800
G1 A409.59335 F2400
;TYPE:Perimeter
;WIDTH:0.449999
G1 F900
G1 X5.773 Y.072 A409.60153
G1 X6.172 Y.63 A409.61375
G1 X6.551 Y1.382 A409.62875
G1 X6.797 Y2.184 A409.6437
G1 X6.889 Y2.847 A409.65563
G1 X6.87 Y3.802 A409.67265
G1 X6.742 Y4.455 A409.68451
G1 X6.457 Y5.264 A409.69979
G1 X6.192 Y5.785 A409.7102
G1 X5.883 Y6.218 A409.71968
G1 X5.396 Y6.758 A409.73264
G1 X4.743 Y7.286 A409.7476
G1 X4.025 Y7.689 A409.76227
G1 X3.364 Y7.93 A409.77481
G1 X2.449 Y8.106 A409.79141
G1 X1.549 Y8.11 A409.80745
G1 X.984 Y8.026 A409.81763
G1 X.523 Y7.895 A409.82617
G1 X-.009 Y7.706 A409.83623
G1 X-.76 Y7.286 A409.85156
G1 X-1.33 Y6.826 A409.86461
G1 X-1.737 Y6.398 A409.87513
G1 X-2.056 Y5.986 A409.88441
G1 X-2.333 Y5.545 A409.89369
G1 X-2.688 Y4.708 A409.90989
G1 X-2.916 Y3.576 A409.93046
G1 X-2.92 Y3.023 A409.94031
G1 X-2.812 Y2.179 A409.95547
G1 X-2.567 Y1.379 A409.97038
G1 X-2.238 Y.715 A409.98358
G1 X-1.675 Y-.057 A410.0006
G1 X-1.268 Y-.453 A410.01072
G1 X-.826 Y-.787 A410.02059
G1 X-.388 Y-1.081 A410.02999
G1 X.078 Y-1.329 A410.0394
G1 X.568 Y-1.489 A410.04858
G1 X1.15 Y-1.628 A410.05924
G1 X1.988 Y-1.699 A410.07422
G1 X2.883 Y-1.618 A410.09023
G1 X3.56 Y-1.442 A410.10269
G1 X4.428 Y-1.053 A410.11964
G1 X4.956 Y-.703 A410.13093
G1 X5.396 Y-.285 A410.14174
G1 X6.011 Y-.346 F7800
G1 F900
G1 X6.079 Y-.318 A410.14305
G1 X6.122 Y-.177 A410.14568
G1 X6.54 Y.408 A410.15849
G1 X6.95 Y1.222 A410.17473
G1 X7.217 Y2.092 A410.19094
G1 X7.318 Y2.822 A410.20407
G1 X7.298 Y3.848 A410.22235
G1 X7.181 Y4.442 A410.23314
G1 X6.997 Y5.021 A410.24396
G1 X6.799 Y5.536 A410.25379
G1 X6.59 Y5.996 A410.26279
G1 X6.519 Y6.061 A410.26451
G1 X6.219 Y6.485 A410.27376
G1 X5.692 Y7.07 A410.28779
G1 X4.984 Y7.642 A410.30401
G1 X4.204 Y8.079 A410.31994
G1 X3.479 Y8.345 A410.3337
G1 X2.652 Y8.503 A410.3487
G1 X2.007 Y8.536 A410.36021
G1 X1.386 Y8.519 A410.37128
G1 X.891 Y8.446 A410.38019
G1 X.389 Y8.302 A410.38949
G1 X-.195 Y8.092 A410.40055
G1 X-1.001 Y7.642 A410.417
G1 X-1.709 Y7.071 A410.43321
G1 X-2.102 Y6.633 A410.44369
G1 X-2.444 Y6.182 A410.45377
G1 X-2.715 Y5.742 A410.46298
G1 X-3.099 Y4.838 A410.48048
G1 X-3.346 Y3.702 A410.50119
G1 X-3.349 Y2.998 A410.51373
G1 X-3.232 Y2.089 A410.53006
G1 X-2.966 Y1.22 A410.54625
G1 X-2.606 Y.492 A410.56072
G1 X-2 Y-.339 A410.57904
G1 X-1.567 Y-.76 A410.5898
G1 X-1.074 Y-1.136 A410.60085
G1 X-.585 Y-1.462 A410.61132
G1 X-.085 Y-1.735 A410.62147
G1 X.449 Y-1.901 A410.63143
G1 X1.082 Y-2.052 A410.64302
G1 X1.99 Y-2.129 A410.65926
G1 X2.957 Y-2.041 A410.67656
G1 X3.702 Y-1.848 A410.69027
G1 X4.636 Y-1.43 A410.7085
G1 X5.22 Y-1.042 A410.72099
G1 X5.957 Y-.371 A410.73875
G1 X6.475 Y-.478 F7800
;TYPE:External perimeter
G1 F900
G1 X6.471 Y-.426 A410.73968
G1 X6.908 Y.185 A410.75306
G1 X7.349 Y1.062 A410.77055
G1 X7.637 Y1.999 A410.78801
G1 X7.747 Y2.797 A410.80236
G1 X7.725 Y3.893 A410.82189
G1 X7.571 Y4.681 A410.8362
G1 X7.246 Y5.602 A410.8536
G1 X7.016 Y6.056 A410.86267
G1 X7.072 Y6.289 A410.86694
G1 X6.847 Y6.338 A410.87104
G1 X6.555 Y6.752 A410.88007
G1 X5.988 Y7.382 A410.89517
G1 X5.225 Y7.999 A410.91265
G1 X4.383 Y8.47 A410.92984
G1 X3.593 Y8.759 A410.94483
G1 X2.532 Y8.963 A410.96408
G1 X1.488 Y8.967 A410.98268
G1 X.84 Y8.871 A410.99435
G1 X.638 Y8.997 A410.99859
G1 X.552 Y8.813 A411.00221
G1 X-.382 Y8.479 A411.01988
G1 X-1.242 Y7.998 A411.03744
G1 X-2.005 Y7.382 A411.05491
G1 X-2.493 Y6.838 A411.06793
G1 X-2.8 Y6.421 A411.07716
G1 X-3.097 Y5.939 A411.08725
G1 X-3.509 Y4.968 A411.10604
G1 X-3.745 Y3.865 A411.12614
G1 X-3.926 Y3.714 A411.13034
G1 X-3.772 Y3.524 A411.1347
G1 X-3.778 Y2.973 A411.14452
G1 X-3.653 Y1.998 A411.16203
G1 X-3.366 Y1.061 A411.17949
G1 X-2.973 Y.269 A411.19524
G1 X-2.325 Y-.621 A411.21485
G1 X-1.744 Y-1.186 A411.22929
G1 X-.92 Y-1.772 A411.2473
G1 X-.403 Y-2.038 A411.25766
G1 X-.312 Y-2.259 A411.26192
G1 X-.129 Y-2.161 A411.26562
G1 X.329 Y-2.313 A411.27422
G1 X1.014 Y-2.476 A411.28677
G1 X1.991 Y-2.56 A411.30424
G1 X3.03 Y-2.465 A411.32283
G1 X3.845 Y-2.254 A411.33783
G1 X4.843 Y-1.806 A411.35732
G1 X5.484 Y-1.381 A411.37102
G1 X6.249 Y-.684 A411.38946
G1 X6.483 Y-.672 A411.39363
;WIDTH:0.406295
G1 X6.524 Y-.706 A411.39448
G1 X6.49 Y-.665 A411.39533
;WIDTH:0.449999
G1 X6.479 Y-.537 A411.39762
G1 A411.09762 F2400
;WIPE_START
G1 F6240
G1 X6.475 Y-.478 A411.07601
G1 X6.471 Y-.426 A411.05695
G1 X6.908 Y.185 A410.78248
G1 X7.349 Y1.062 A410.42381
G1 X7.637 Y1.999 A410.06564
G1 X7.7 Y2.454 A409.89762
;WIPE_END
G1 X-.11 Y-.865 F7800
G1 A411.39762 F2400
;TYPE:Solid infill
G1 F3600
G1 X-2.066 Y1.091 A411.4469
G1 X-2.159 Y1.258 A411.45031
;WIDTH:0.40573
G1 X-2.253 Y1.424 A411.45336
;WIDTH:0.36146
G1 X-2.294 Y1.435 A411.45396
G1 X-2.313 Y1.364 A411.455
G1 X-2.242 Y1.383 A411.45604
G1 X-2.699 Y2.538 F7800
G1 F3600
G1 X-2.656 Y2.247 A411.4602
;WIDTH:0.40573
G1 X-2.55 Y2.161 A411.46238
;WIDTH:0.449999
G1 X-2.444 Y2.076 A411.4648
G1 X.86 Y-1.228 A411.54805
G1 X1.029 Y-1.435 A411.55281
;WIDTH:0.36146
G1 X1.389 Y-1.49 A411.55796
;WIDTH:0.40573
G1 X1.484 Y-1.416 A411.55988
;WIDTH:0.449999
G1 X1.58 Y-1.342 A411.56204
G1 X-2.568 Y2.806 A411.66655
G1 X-2.598 Y3.441 A411.67788
G1 X2.201 Y-1.357 A411.79879
G1 X2.756 Y-1.307 A411.80872
G1 X-2.519 Y3.968 A411.94163
G1 X-2.548 Y4.135 A411.94465
;WIDTH:0.40573
G1 X-2.578 Y4.301 A411.94734
;WIDTH:0.36146
G1 X-2.619 Y4.312 A411.94794
G1 X-2.638 Y4.241 A411.94898
G1 X-2.567 Y4.26 A411.95002
G1 A411.65002 F2400
;WIPE_START
G1 F6240
G1 X-2.638 Y4.241 A411.62316
G1 X-2.619 Y4.312 A411.5963
G1 X-2.578 Y4.301 A411.58079
G1 X-2.548 Y4.135 A411.51915
G1 X-2.519 Y3.968 A411.45722
G1 X-.57 Y2.019 A410.45002
;WIPE_END
G1 X-.265 Y2.443 F7800
G1 A411.95002 F2400
G1 F3600
G1 X-.254 Y2.209 A411.95333
G1 X.31 Y1.516 A411.96596
G1 X.687 Y1.18 A411.9731
G1 X.985 Y.963 A411.97831
;WIDTH:0.40573
G1 X1.137 Y.865 A411.9812
;WIDTH:0.449999
G1 X1.288 Y.768 A411.9844
G1 X3.247 Y-1.191 A412.03376
G1 X3.692 Y-1.031 A412.04219
G1 X1.996 Y.666 A412.08494
G1 A411.78494 F2400
;WIPE_START
G1 F6240
G1 X3.692 Y-1.031 A410.9083
G1 X3.247 Y-1.191 A410.73551
G1 X2.956 Y-.9 A410.58494
;WIPE_END
G1 X3.959 Y-.692 F7800
G1 A412.08494 F2400
G1 F3600
G1 X2.529 Y.739 A412.12098
G1 X2.782 Y.79 A412.12558
G1 X3.248 Y.993 A412.13464
G1 X3.87 Y1.494 A412.14887
G1 X4.266 Y2.069 A412.16131
G1 X4.473 Y2.626 A412.1719
G1 X4.543 Y3.215 A412.18247
G1 X4.468 Y3.83 A412.19351
G1 X4.153 Y4.558 A412.20764
;WIDTH:0.442364
G1 X4.123 Y4.605 A412.20862
;WIDTH:0.449999
G1 X6.403 Y2.32 A412.26613
G1 X6.485 Y2.276 A412.26779
G1 X6.299 Y1.655 A412.27934
G1 X6.089 Y1.179 A412.28861
G1 X5.852 Y.734 A412.29759
G1 X5.476 Y.203 A412.30918
G1 X4.758 Y-.449 A412.32646
G1 X4.273 Y-.771 A412.33683
G1 X4.111 Y-.843 A412.33999
G1 X4.187 Y-.313 A412.34953
G1 X4.494 Y-.11 A412.35609
G1 X5.154 Y.489 A412.37197
G1 X5.528 Y1.018 A412.38351
G1 X5.83 Y1.617 A412.39546
G1 X5.994 Y2.122 A412.40492
G1 X4.967 Y3.149 A412.4308
G1 X4.876 Y2.481 A412.44281
G1 X4.693 Y1.97 A412.45248
G1 X4.51 Y1.664 A412.45883
G1 X4.142 Y1.162 A412.46992
G1 X3.57 Y.693 A412.4831
G1 X3.318 Y.556 A412.48821
G1 X4.036 Y-.162 A412.5063
G1 X4.244 Y.212 A412.51392
;WIDTH:0.405645
G1 X4.642 Y.568 A412.52245
;WIDTH:0.403409
G1 X4.92 Y.86 A412.52885
G1 X5.28 Y1.419 A412.53941
;WIDTH:0.402566
G1 X5.535 Y2.008 A412.54958
G1 X5.242 Y2.302 A412.55616
G1 X4.956 Y1.607 A412.56807
;WIDTH:0.403409
G1 X4.605 Y1.077 A412.57816
G1 X4.397 Y.852 A412.58303
;WIDTH:0.405645
G1 X3.961 Y.488 A412.5921
G1 X4.09 Y.362 A412.59498
G1 A412.29498 F2400
;WIPE_START
G1 F6240
G1 X3.961 Y.488 A412.22909
G1 X4.397 Y.852 A412.02156
G1 X4.605 Y1.077 A411.9096
G1 X4.956 Y1.607 A411.67733
G1 X5.242 Y2.302 A411.40273
G1 X5.535 Y2.008 A411.25107
G1 X5.365 Y1.616 A411.09498
;WIPE_END
G1 X-.456 Y2.512 F7800
G1 A412.59498 F2400
;WIDTH:0.449999
G1 F3600
G1 X-2.411 Y4.467 A412.64424
G1 X-2.252 Y4.914 A412.65269
G1 X-.562 Y3.224 A412.69527
G1 X-.437 Y3.992 A412.70913
G1 X-.138 Y4.615 A412.72144
G1 X.201 Y5.033 A412.73103
G1 X.612 Y5.347 A412.74025
G1 X.961 Y5.536 A412.74732
G1 X1.5 Y5.715 A412.75744
G1 X2.021 Y5.766 A412.76677
G1 X2.59 Y5.693 A412.77699
;WIDTH:0.470996
G1 X3.275 Y5.432 A412.79069
G1 X3.237 Y5.472 A412.79172
;WIDTH:0.468052
G1 X2.763 Y5.959 A412.80434
;WIDTH:0.449999
G1 X1.09 Y7.633 A412.84651
G1 X1.076 Y7.717 A412.84803
G1 X.945 Y7.698 A412.85039
G1 X.213 Y7.444 A412.86419
G1 X-.148 Y7.26 A412.87141
G1 X-.647 Y6.964 A412.88175
G1 X-1.245 Y6.464 A412.89564
G1 X-1.615 Y6.038 A412.90569
G1 X-2.068 Y5.336 A412.92058
G1 X-.635 Y3.903 A412.95669
G1 X-.658 Y4.531 A412.96789
G1 X-.471 Y4.886 A412.97504
G1 X-.025 Y5.404 A412.98722
G1 X.453 Y5.763 A412.99787
G1 X.789 Y5.929 A413.00455
G1 X1.352 Y6.122 A413.01515
G1 X1.924 Y6.192 A413.02542
G1 X.89 Y7.226 A413.05147
G1 X.305 Y7.022 A413.06251
G1 X-.339 Y6.662 A413.07565
G1 X-.895 Y6.213 A413.08838
G1 X-1.236 Y5.833 A413.09748
G1 X-1.527 Y5.401 A413.10676
G1 X-.809 Y4.683 A413.12485
G1 X-.744 Y5.19 A413.13396
;WIDTH:0.402029
G1 X-.295 Y5.702 A413.14473
;WIDTH:0.403556
G1 X.111 Y6.014 A413.15286
G1 X.421 Y6.204 A413.15864
;WIDTH:0.3961
G1 X1.084 Y6.464 A413.16973
G1 X.785 Y6.764 A413.17633
;WIDTH:0.403713
G1 X.457 Y6.642 A413.18189
G1 X-.123 Y6.315 A413.19247
;WIDTH:0.403556
G1 X-.628 Y5.909 A413.20276
;WIDTH:0.402029
G1 X-1.005 Y5.451 A413.21215
G1 X-.896 Y5.342 A413.21459
G1 A412.91459 F2400
;WIPE_START
G1 F6240
G1 X-1.005 Y5.451 A412.85827
G1 X-.628 Y5.909 A412.64152
G1 X-.123 Y6.315 A412.40476
G1 X.457 Y6.642 A412.16148
G1 X.785 Y6.764 A412.03361
G1 X1.084 Y6.464 A411.87885
G1 X.666 Y6.3 A411.71459
;WIPE_END
G1 X3.275 Y5.432 F7800
G1 A413.21459 F2400
;WIDTH:0.470996
G1 F3600
G1 X3.504 Y5.234 A413.22025
;WIDTH:0.428362
G1 X3.732 Y5.036 A413.22536
;WIDTH:0.413411
G1 X3.928 Y4.82 A413.23011
;WIDTH:0.441094
G1 X4.123 Y4.605 A413.23517
G1 A412.93517 F2400
;WIPE_START
G1 F6240
G1 X3.928 Y4.82 A412.82911
G1 X3.732 Y5.036 A412.72254
G1 X3.504 Y5.234 A412.6122
G1 X3.275 Y5.432 A412.50159
;WIPE_END
G1 A411.73517 F2400
G1 X6.554 Y2.774 F7800
G1 A413.23517 F2400
;WIDTH:0.449999
G1 F3600
G1 X1.544 Y7.784 A413.3614
G1 X2.148 Y7.786 A413.37216
G1 X6.557 Y3.378 A413.48324
G1 X6.495 Y4.046 A413.49519
G1 X2.836 Y7.704 A413.58737
G1 A413.28737 F2400
;WIPE_START
G1 F6240
G1 X5.158 Y5.382 A412.08737
;WIPE_END
G1 X6.185 Y4.907 F7800
G1 A413.58737 F2400
;WIDTH:0.372631
G1 F3600
G1 X5.69 Y5.402 A413.59759
;WIDTH:0.401736
G1 X5.293 Y5.82 A413.6067
;WIDTH:0.430841
G1 X4.895 Y6.238 A413.61652
G1 X4.344 Y6.76 A413.62944
;WIDTH:0.390539
G1 X3.554 Y7.55 A413.64658
G1 X3.908 Y7.42 A413.65237
G1 X4.579 Y7.044 A413.66417
;WIDTH:0.430841
G1 X5.169 Y6.542 A413.67735
G1 X5.638 Y6.036 A413.68909
;WIDTH:0.413484
G1 X5.957 Y5.628 A413.69753
;WIDTH:0.372631
G1 X6.193 Y5.158 A413.70521
G1 X6.336 Y4.756 A413.71144
;LAYER_CHANGE
;Z:1.2
;HEIGHT:0.1
G1 A413.41144 F2400
;WIPE_START
G1 F6240
G1 X6.193 Y5.158 A413.25554
G1 X5.957 Y5.628 A413.06338
G1 X5.638 Y6.036 A412.87415
G1 X5.169 Y6.542 A412.62206
G1 X4.579 Y7.044 A412.33901
G1 X4.274 Y7.215 A412.21144
;WIPE_END
G1 Z1.2 F7800
G1 X-.222 Y3.215
G1 A413.71144 F2400
;TYPE:Perimeter
;WIDTH:0.449999
G1 F900
G1 X-.232 Y3.078 A413.71389
G1 X-.119 Y2.504 A413.72431
G1 X.12 Y2.003 A413.7342
G1 X.499 Y1.559 A413.7446
G1 X.91 Y1.262 A413.75363
G1 X1.441 Y1.051 A413.76381
G1 X1.988 Y.982 A413.77363
G1 X2.561 Y1.056 A413.78392
G1 X3.111 Y1.283 A413.79452
G1 X3.523 Y1.592 A413.8037
G1 X3.847 Y1.982 A413.81273
G1 X4.103 Y2.504 A413.82309
G1 X4.215 Y3.075 A413.83346
G1 X4.175 Y3.655 A413.84382
G1 X4.012 Y4.138 A413.8529
G1 X3.713 Y4.615 A413.86293
G1 X3.465 Y4.885 A413.86946
G1 X2.982 Y5.21 A413.87983
G1 X2.496 Y5.387 A413.88905
G1 X1.996 Y5.447 A413.89802
G1 X1.499 Y5.39 A413.90693
G1 X1.028 Y5.221 A413.91585
G1 X.759 Y5.07 A413.92135
G1 X.366 Y4.743 A413.93046
G1 X-.003 Y4.205 A413.94208
G1 X-.192 Y3.655 A413.95244
G1 X-.218 Y3.274 A413.95924
G1 X.201 Y3.215 F7800
G1 F900
G1 X.194 Y3.131 A413.96074
G1 X.277 Y2.668 A413.96912
G1 X.476 Y2.243 A413.97748
G1 X.78 Y1.884 A413.98586
G1 X1.165 Y1.615 A413.99423
G1 X1.607 Y1.456 A414.0026
G1 X2.076 Y1.416 A414.01099
G1 X2.538 Y1.499 A414.01935
G1 X2.963 Y1.699 A414.02772
G1 X3.322 Y2.002 A414.03609
G1 X3.591 Y2.388 A414.04447
G1 X3.75 Y2.83 A414.05284
G1 X3.79 Y3.298 A414.06121
G1 X3.707 Y3.761 A414.06959
G1 X3.563 Y4.058 A414.07547
G1 X3.255 Y4.502 A414.0851
G1 X2.818 Y4.814 A414.09467
G1 X2.376 Y4.973 A414.10304
G1 X1.861 Y5.006 A414.11223
G1 X1.445 Y4.93 A414.11976
G1 X1.02 Y4.73 A414.12813
G1 X.661 Y4.427 A414.1365
G1 X.392 Y4.041 A414.14488
G1 X.233 Y3.599 A414.15325
G1 X.206 Y3.274 A414.15906
G1 X.622 Y3.215 F7800
;TYPE:External perimeter
G1 F900
G1 X.618 Y3.186 A414.15958
G1 X.672 Y2.832 A414.16596
G1 X.816 Y2.504 A414.17234
G1 X1.04 Y2.224 A414.17873
G1 X1.417 Y1.975 A414.18678
G1 X1.663 Y1.881 A414.19147
G1 X2.02 Y1.841 A414.19787
G1 X2.374 Y1.895 A414.20425
G1 X2.703 Y2.039 A414.21065
G1 X2.982 Y2.263 A414.21702
G1 X3.195 Y2.552 A414.22342
G1 X3.325 Y2.886 A414.22981
G1 X3.351 Y3.348 A414.23805
G1 X3.311 Y3.597 A414.24254
G1 X2.993 Y4.151 A414.25392
G1 X2.654 Y4.418 A414.26161
G1 X2.32 Y4.548 A414.268
G1 X1.917 Y4.582 A414.27521
G1 X1.609 Y4.534 A414.28076
G1 X1.281 Y4.39 A414.28714
G1 X1.001 Y4.166 A414.29353
G1 X.859 Y3.981 A414.29769
G1 X.662 Y3.563 A414.30592
G1 X.628 Y3.274 A414.3111
G1 A414.0111 F2400
;WIPE_START
G1 F6240
G1 X.622 Y3.215 A413.98943
G1 X.618 Y3.186 A413.97873
G1 X.672 Y2.832 A413.84789
G1 X.816 Y2.504 A413.717
G1 X1.04 Y2.224 A413.58598
G1 X1.417 Y1.975 A413.4209
G1 X1.663 Y1.881 A413.32468
G1 X2.02 Y1.841 A413.19342
G1 X2.374 Y1.895 A413.06258
G1 X2.703 Y2.039 A412.93136
G1 X2.96 Y2.245 A412.8111
;WIPE_END
G1 X7.196 Y6.249 F7800
G1 A414.3111 F2400
;WIDTH:0.396598
G1 F2880
;WIDTH:0.442967
G1 X37.528 Y16.235 A414.87071
;WIDTH:0.489338
G1 X67.86 Y26.222 A415.49189
G1 A415.19189 F2400
;WIPE_START
G1 F6240
G1 X64.741 Y25.195 A413.99189
;WIPE_END
G1 X.714 Y9.103 F7800
G1 A415.49189 F2400
;WIDTH:0.396602
G1 F2880
;WIDTH:0.442969
G1 X.589 Y41.036 A416.0515
;WIDTH:0.489338
G1 X.465 Y72.969 A416.67267
G1 A416.37267 F2400
;WIPE_START
G1 F6240
G1 X.478 Y69.685 A415.17267
;WIPE_END
G1 X-4.008 Y3.821 F7800
G1 A416.67267 F2400
;WIDTH:0.396606
G1 F2880
;WIDTH:0.446191
G1 X-34.111 Y13.474 A417.2309
;WIDTH:0.495776
G1 X-64.82 Y23.318 A417.86683
G1 A417.56683 F2400
;WIPE_START
G1 F6240
G1 X-61.693 Y22.315 A416.36683
;WIPE_END
G1 X-.435 Y-2.299 F7800
G1 A417.86683 F2400
;WIDTH:0.396598
G1 F2880
;WIDTH:0.442969
G1 X-19.105 Y-28.208 A418.42647
;WIDTH:0.489342
G1 X-37.774 Y-54.116 A419.04765
G1 A418.74765 F2400
;WIPE_START
G1 F6240
G1 X-35.854 Y-51.451 A417.54765
;WIPE_END
G1 X44.228 Y-52.321 F7800
G1 A419.04765 F2400
;WIDTH:0.489338
G1 F2880
G1 X25.358 Y-26.56 A419.66881
;WIDTH:0.442969
G1 X6.488 Y-.8 A420.2284
;WIDTH:0.39944
G1 X6.467 Y-.775 A420.22891
G1 X5.389 Y-.311 F7800
;TYPE:Perimeter
;WIDTH:0.449999
G1 F900
G1 X5.721 Y.011 A420.23715
G1 X6.174 Y.634 A420.25087
G1 X6.551 Y1.382 A420.26579
G1 X6.797 Y2.185 A420.28075
G1 X6.887 Y2.832 A420.29239
G1 X6.871 Y3.789 A420.30944
G1 X6.676 Y4.703 A420.32609
G1 X6.471 Y5.236 A420.33626
G1 X6.176 Y5.792 A420.34747
G1 X5.884 Y6.216 A420.35664
G1 X5.396 Y6.759 A420.36965
G1 X4.743 Y7.286 A420.3846
G1 X4.025 Y7.688 A420.39926
G1 X3.377 Y7.927 A420.41157
G1 X2.576 Y8.082 A420.42611
G1 X2.007 Y8.108 A420.43626
G1 X1.449 Y8.097 A420.4462
G1 X.876 Y8.005 A420.45654
G1 X-.036 Y7.69 A420.47373
G1 X-.76 Y7.286 A420.4885
G1 X-1.409 Y6.762 A420.50336
G1 X-1.966 Y6.127 A420.51841
G1 X-2.329 Y5.551 A420.53054
G1 X-2.69 Y4.706 A420.54691
G1 X-2.875 Y3.898 A420.56168
G1 X-2.909 Y3.595 A420.56711
G1 X-2.92 Y3.019 A420.57737
G1 X-2.812 Y2.179 A420.59246
G1 X-2.567 Y1.378 A420.60738
G1 X-2.242 Y.722 A420.62042
G1 X-1.673 Y-.06 A420.63765
G1 X-1.277 Y-.446 A420.6475
G1 X-.828 Y-.785 A420.65752
G1 X-.398 Y-1.078 A420.66679
G1 X.079 Y-1.316 A420.67629
G1 X.56 Y-1.486 A420.68538
G1 X1.151 Y-1.628 A420.69621
G1 X1.988 Y-1.699 A420.71118
G1 X2.889 Y-1.617 A420.7273
G1 X3.553 Y-1.444 A420.73953
G1 X4.432 Y-1.051 A420.75668
G1 X4.87 Y-.761 A420.76604
G1 X5.292 Y-.405 A420.77588
G1 X5.346 Y-.352 A420.77723
G1 X5.915 Y-.43 F7800
G1 F900
G1 X5.972 Y-.381 A420.77857
G1 X6.541 Y.41 A420.79593
G1 X6.95 Y1.222 A420.81213
G1 X7.217 Y2.092 A420.82834
G1 X7.317 Y2.806 A420.84119
G1 X7.298 Y3.838 A420.85958
G1 X7.088 Y4.825 A420.87756
G1 X6.864 Y5.408 A420.88869
G1 X6.631 Y5.922 A420.89874
G1 X6.529 Y6.036 A420.90147
G1 X6.221 Y6.482 A420.91113
G1 X5.692 Y7.071 A420.92524
G1 X4.984 Y7.642 A420.94145
G1 X4.205 Y8.079 A420.95736
G1 X3.492 Y8.341 A420.97089
G1 X2.495 Y8.534 A420.98898
G1 X1.514 Y8.538 A421.00646
G1 X.988 Y8.467 A421.01592
G1 X.842 Y8.506 A421.01861
G1 X.736 Y8.41 A421.02116
G1 X-.212 Y8.083 A421.03903
G1 X-1.001 Y7.642 A421.05513
G1 X-1.706 Y7.073 A421.07127
G1 X-2.311 Y6.385 A421.08759
G1 X-2.71 Y5.75 A421.10095
G1 X-3.099 Y4.839 A421.1186
G1 X-3.324 Y3.856 A421.13657
G1 X-3.349 Y2.995 A421.15192
G1 X-3.232 Y2.089 A421.1682
G1 X-2.966 Y1.22 A421.18439
G1 X-2.61 Y.499 A421.19872
G1 X-1.998 Y-.341 A421.21724
G1 X-1.479 Y-.847 A421.23015
G1 X-.545 Y-1.485 A421.2503
G1 X-.047 Y-1.726 A421.26016
G1 X.438 Y-1.897 A421.26932
G1 X1.082 Y-2.052 A421.28112
G1 X1.99 Y-2.129 A421.29736
G1 X2.962 Y-2.04 A421.31475
G1 X3.695 Y-1.85 A421.32824
G1 X4.639 Y-1.428 A421.34666
G1 X5.107 Y-1.118 A421.35666
G1 X5.87 Y-.469 A421.37451
G1 X6.418 Y-.545 F7800
;TYPE:External perimeter
G1 F900
G1 X6.414 Y-.493 A421.37544
G1 X6.908 Y.186 A421.3904
G1 X7.349 Y1.062 A421.40787
G1 X7.637 Y1.999 A421.42533
G1 X7.746 Y2.78 A421.43938
G1 X7.726 Y3.886 A421.45909
G1 X7.5 Y4.947 A421.47842
G1 X7.293 Y5.487 A421.48872
G1 X7.06 Y5.981 A421.49845
G1 X7.12 Y6.214 A421.50274
G1 X6.915 Y6.241 A421.50642
G1 X6.558 Y6.747 A421.51745
G1 X5.988 Y7.382 A421.53265
G1 X5.225 Y7.999 A421.55013
G1 X4.385 Y8.469 A421.56728
G1 X3.607 Y8.755 A421.58205
G1 X2.537 Y8.962 A421.60147
G1 X1.485 Y8.967 A421.62021
G1 X.931 Y8.891 A421.63017
G1 X.724 Y9.018 A421.6345
G1 X.597 Y8.815 A421.63877
G1 X-.387 Y8.476 A421.65731
G1 X-1.242 Y7.998 A421.67476
G1 X-2.004 Y7.383 A421.69221
G1 X-2.655 Y6.642 A421.70978
G1 X-3.091 Y5.95 A421.72435
G1 X-3.508 Y4.972 A421.74329
G1 X-3.742 Y3.951 A421.76195
G1 X-3.92 Y3.804 A421.76606
G1 X-3.77 Y3.658 A421.76979
G1 X-3.778 Y2.972 A421.78201
G1 X-3.653 Y1.998 A421.79951
G1 X-3.366 Y1.061 A421.81697
G1 X-2.978 Y.277 A421.83256
G1 X-2.323 Y-.623 A421.85239
G1 X-1.755 Y-1.177 A421.86653
G1 X-.928 Y-1.767 A421.88463
G1 X-.482 Y-2.003 A421.89362
G1 X-.394 Y-2.226 A421.89789
G1 X-.212 Y-2.128 A421.90157
G1 X.316 Y-2.309 A421.91151
G1 X1.014 Y-2.476 A421.9243
G1 X1.991 Y-2.56 A421.94177
G1 X3.036 Y-2.464 A421.96047
G1 X3.838 Y-2.256 A421.97523
G1 X4.847 Y-1.805 A421.99492
G1 X5.472 Y-1.39 A422.00829
G1 X6.194 Y-.751 A422.02547
G1 X6.426 Y-.741 A422.02961
;WIDTH:0.406363
G1 X6.467 Y-.775 A422.03046
G1 X6.432 Y-.733 A422.03133
;WIDTH:0.449999
G1 X6.422 Y-.605 A422.03362
G1 A421.73362 F2400
;WIPE_START
G1 F6240
G1 X6.418 Y-.545 A421.71165
G1 X6.414 Y-.493 A421.69259
G1 X6.908 Y.186 A421.38578
G1 X7.349 Y1.062 A421.02743
G1 X7.637 Y1.999 A420.66926
G1 X7.688 Y2.367 A420.53362
;WIPE_END
G1 X-1.815 Y6.015 F7800
G1 A422.03362 F2400
;TYPE:Solid infill
;WIDTH:0.36146
G1 F3600
G1 X-1.26 Y6.607 A422.04509
G1 X-.665 Y7.142 A422.0564
;WIDTH:0.449999
G1 X.133 Y7.431 A422.07152
;WIDTH:0.36146
G1 X.113 Y7.502 A422.07256
G1 X.185 Y7.483 A422.07361
G1 X.174 Y7.442 A422.07421
;WIDTH:0.40573
G1 X.007 Y7.348 A422.07727
;WIDTH:0.449999
G1 X-.16 Y7.253 A422.08069
G1 X-2.068 Y5.345 A422.12876
G1 X-2.155 Y5.18 A422.13208
;WIDTH:0.40573
G1 X-2.243 Y5.014 A422.13508
;WIDTH:0.36146
G1 X-2.232 Y5.055 A422.13568
G1 X-2.303 Y5.074 A422.13672
G1 X-2.284 Y5.003 A422.13776
G1 X-2.748 Y3.716 F7800
G1 F3600
G1 X-2.643 Y4.201 A422.14477
;WIDTH:0.40573
G1 X-2.54 Y4.286 A422.1469
;WIDTH:0.449999
G1 X-2.437 Y4.37 A422.14927
G1 X.852 Y7.659 A422.23214
G1 X.938 Y7.767 A422.2346
;WIDTH:0.40573
G1 X1.024 Y7.874 A422.23679
;WIDTH:0.36146
G1 X1.435 Y7.937 A422.24267
;WIDTH:0.449999
G1 X1.587 Y7.788 A422.24646
G1 X-2.592 Y3.609 A422.35176
G1 X-2.593 Y3.001 A422.36259
G1 X2.191 Y7.785 A422.48313
G1 X3.027 Y7.775 A422.49803
;WIDTH:0.36146
G1 X3.008 Y7.846 A422.49907
G1 X3.079 Y7.827 A422.50011
G1 X3.068 Y7.786 A422.50071
;WIDTH:0.40573
G1 X2.902 Y7.755 A422.50341
;WIDTH:0.449999
G1 X2.735 Y7.724 A422.50644
G1 X-2.524 Y2.464 A422.63896
G1 X-2.412 Y1.97 A422.64798
G1 X-.447 Y3.935 A422.69749
G1 X-.35 Y4.087 A422.7007
;WIDTH:0.40573
G1 X-.252 Y4.238 A422.70358
;WIDTH:0.36146
G1 X.323 Y4.93 A422.7163
G1 X.78 Y5.327 A422.72486
G1 X.972 Y5.454 A422.72811
;WIDTH:0.449999
G1 X1.275 Y5.658 A422.73462
G1 X3.243 Y7.625 A422.78419
G1 X3.692 Y7.468 A422.79266
G1 X1.992 Y5.768 A422.83549
G1 X3.31 Y5.874 F7800
G1 F3600
G1 X3.532 Y5.762 A422.83992
G1 X4.146 Y5.263 A422.85402
G1 X4.562 Y4.682 A422.86675
G1 X4.668 Y4.467 A422.87102
G1 X4.903 Y3.837 A422.883
G1 X4.968 Y3.29 A422.89281
G1 X5.992 Y4.314 A422.91861
G1 X5.959 Y4.467 A422.9214
G1 X5.782 Y4.938 A422.93036
G1 X5.552 Y5.383 A422.93928
G1 X5.068 Y6.002 A422.95328
G1 X4.611 Y6.429 A422.96442
G1 X4.179 Y6.743 A422.97394
G1 X3.461 Y6.026 A422.99202
G1 X3.954 Y5.949 A423.00091
;WIDTH:0.39788
G1 X4.127 Y5.819 A423.0043
;WIDTH:0.398652
G1 X4.474 Y5.497 A423.01172
;WIDTH:0.413916
G1 X4.896 Y4.92 A423.02338
G1 X5.047 Y4.623 A423.02882
;WIDTH:0.411487
G1 X5.242 Y4.14 A423.03727
;WIDTH:0.408636
G1 X5.538 Y4.436 A423.04401
G1 X5.493 Y4.554 A423.04604
;WIDTH:0.413916
G1 X5.216 Y5.147 A423.05672
G1 X4.677 Y5.837 A423.07101
;WIDTH:0.39788
G1 X4.227 Y6.222 A423.08028
G1 X4.105 Y6.1 A423.08298
G1 A422.78298 F2400
;WIPE_START
G1 F6240
G1 X4.227 Y6.222 A422.71994
G1 X4.677 Y5.837 A422.50355
G1 X5.216 Y5.147 A422.18363
G1 X5.493 Y4.554 A421.94448
G1 X5.538 Y4.436 A421.89834
G1 X5.242 Y4.14 A421.74539
G1 X5.075 Y4.552 A421.58298
;WIPE_END
G1 X-.56 Y3.216 F7800
G1 A423.08298 F2400
;WIDTH:0.449999
G1 F3600
G1 X-2.27 Y1.506 A423.12607
G1 X-1.919 Y1.251 A423.1338
G1 X-.5 Y2.67 A423.16955
G1 X-.23 Y1.962 A423.18305
G1 X.156 Y1.45 A423.19447
G1 X.591 Y1.084 A423.2046
G1 X1.081 Y.846 A423.21431
G1 X1.387 Y.735 A423.22011
G1 X1.894 Y.666 A423.22923
G1 X2.19 Y.675 A423.23451
G1 X2.731 Y.774 A423.24431
;WIDTH:0.455762
G1 X3.252 Y.992 A423.25451
;WIDTH:0.456756
G1 X3.301 Y1.022 A423.25555
G1 X2.898 Y.613 A423.26594
;WIDTH:0.449999
G1 X1.096 Y-1.188 A423.31133
G1 X1.096 Y-1.284 A423.31304
G1 X.383 Y-1.085 A423.32623
G1 X-.105 Y-.871 A423.33572
G1 X-.577 Y-.57 A423.34569
G1 X-.996 Y-.27 A423.35487
G1 X-1.429 Y.151 A423.36563
G1 X-1.966 Y.889 A423.38189
G1 X-2.07 Y1.1 A423.38608
G1 X-1.537 Y1.027 A423.39566
G1 X-1.104 Y.433 A423.40876
G1 X-.721 Y.06 A423.41829
G1 X-.111 Y-.376 A423.43165
G1 X.351 Y-.621 A423.44097
G1 X.885 Y-.793 A423.45097
G1 X1.904 Y.233 A423.47673
G1 X1.326 Y.311 A423.48712
G1 X.759 Y.509 A423.49782
G1 X.324 Y.749 A423.50667
G1 X-.158 Y1.155 A423.5179
G1 X-.539 Y1.647 A423.52899
G1 X-.666 Y1.899 A423.53402
G1 X-1.385 Y1.179 A423.55215
G1 X-1.197 Y1.083 A423.55591
;WIDTH:0.424453
G1 X-1.008 Y.986 A423.55947
;WIDTH:0.398906
G1 X-.913 Y.856 A423.562
G1 X-.546 Y.45 A423.57059
;WIDTH:0.39599
G1 X-.147 Y.14 A423.57846
;WIDTH:0.400983
G1 X.289 Y-.137 A423.58661
;WIDTH:0.405264
G1 X.769 Y-.335 A423.5949
G1 X1.065 Y-.038 A423.60159
;WIDTH:0.406378
G1 X.593 Y.137 A423.60965
G1 X.076 Y.436 A423.61921
;WIDTH:0.392806
G1 X-.378 Y.802 A423.62821
;WIDTH:0.398906
G1 X-.743 Y1.252 A423.6373
G1 X-.857 Y1.138 A423.63983
G1 A423.33983 F2400
;WIPE_START
G1 F6240
G1 X-.743 Y1.252 A423.28092
G1 X-.378 Y.802 A423.06921
G1 X.076 Y.436 A422.85613
G1 X.593 Y.137 A422.63791
G1 X1.065 Y-.038 A422.45398
G1 X.769 Y-.335 A422.30077
G1 X.362 Y-.167 A422.13983
;WIPE_END
G1 X3.301 Y1.022 F7800
G1 A423.63983 F2400
;WIDTH:0.456756
G1 F3600
G1 X3.578 Y1.272 A423.64658
;WIDTH:0.41966
G1 X3.855 Y1.523 A423.65277
;WIDTH:0.383051
G1 X3.857 Y1.525 A423.65281
;WIDTH:0.416525
G1 X4.085 Y1.777 A423.65839
;WIDTH:0.449999
G1 X4.313 Y2.029 A423.66444
G1 X6.4 Y4.116 A423.71702
G1 X6.472 Y4.116 A423.7183
G1 X6.378 Y4.556 A423.72632
G1 X6.191 Y5.068 A423.73603
G1 X5.972 Y5.531 A423.74516
G1 X5.632 Y6.016 A423.75571
G1 X5.174 Y6.525 A423.76791
G1 X4.562 Y7.019 A423.78192
G1 X4.105 Y7.275 A423.79125
G1 X2.54 Y5.707 A423.83072
G1 X3.275 Y5.419 A423.84478
G1 X3.752 Y5.061 A423.85541
G1 X3.974 Y4.766 A423.86199
G1 X4.272 Y4.304 A423.87179
G1 X4.478 Y3.785 A423.88174
G1 X4.543 Y3.213 A423.892
G1 X4.473 Y2.626 A423.90253
G1 X4.265 Y2.068 A423.91314
G1 X3.986 Y1.697 A423.92141
G1 A423.62141 F2400
;WIPE_START
G1 F6240
G1 X4.265 Y2.068 A423.4518
G1 X4.473 Y2.626 A423.23421
G1 X4.543 Y3.213 A423.01821
G1 X4.478 Y3.785 A422.80786
G1 X4.272 Y4.304 A422.60383
G1 X4.002 Y4.724 A422.42141
;WIPE_END
G1 X6.551 Y3.661 F7800
G1 A423.92141 F2400
G1 F3600
G1 X1.551 Y-1.339 A424.04739
G1 X2.133 Y-1.363 A424.05777
G1 X6.562 Y3.066 A424.16937
G1 X6.503 Y2.4 A424.18128
G1 X2.8 Y-1.302 A424.27457
G1 X3.581 Y-1.1 A424.28894
;WIDTH:0.412241
G1 X4.295 Y-.779 A424.30166
G1 X4.775 Y-.459 A424.31103
;WIDTH:0.438593
G1 X5.437 Y.151 A424.32664
G1 X5.684 Y.466 A424.33358
;WIDTH:0.406757
G1 X5.931 Y.782 A424.34
;WIDTH:0.37492
G1 X6.285 Y1.484 A424.35155
G1 X6.35 Y1.695 A424.35479
G1 X5.654 Y.999 A424.36925
;WIDTH:0.406757
G1 X5.387 Y.71 A424.37555
;WIDTH:0.438593
G1 X5.12 Y.42 A424.38239
G1 X4.507 Y-.175 A424.39721
;WIDTH:0.412241
G1 X3.733 Y-.949 A424.41499
M106 P145.35
;LAYER_CHANGE
;Z:1.22857
;HEIGHT:0.0285714
G1 A424.11499 F2400
;WIPE_START
G1 F6240
G1 X4.507 Y-.175 A423.71504
G1 X5.12 Y.42 A423.4029
G1 X5.387 Y.71 A423.25887
G1 X5.654 Y.999 A423.11511
G1 X6.041 Y1.386 A422.91499
;WIPE_END
G1 Z1.229 F7800
G1 X4.316 Y10.92
G1 A424.41499 F2400
;TYPE:Support material
;WIDTH:0.35
;HEIGHT:0.257143
G1 F3600
G1 X4.271 Y23.953 A424.82577
G1 X4.057 Y28.018 A424.95407
G1 X4.247 Y28.781 A424.97885
G1 X4.213 Y40.098 A425.33554
G1 X3.98 Y47.721 A425.57591
G1 X4.173 Y48.458 A425.59992
G1 X4.155 Y56.242 A425.84526
G1 X3.906 Y66.679 A426.17431
G1 X4.106 Y67.421 A426.19853
G1 X4.097 Y72.385 A426.35499
G1 X4.083 Y73.039 A426.37561
G1 X3.226 Y73.039 A426.40262
G1 X3.25 Y65.022 A426.6553
G1 X3.029 Y64.26 A426.68031
G1 X3.065 Y53.037 A427.03404
G1 X2.843 Y52.28 A427.0589
G1 X2.895 Y23.69 A427.96
G1 X2.672 Y22.928 A427.98502
G1 X2.679 Y9.802 A428.39873
G1 X3.584 Y9.644 A428.42769
G1 X4.323 Y9.407 A428.45215
G1 X4.317 Y10.876 A428.49845
G1 X4.178 Y12.058 F7800
G1 F3600
G1 X2.959 Y12.058 A428.53687
G1 X2.956 Y14.887 A428.62603
G1 X4.02 Y14.887 A428.65957
G1 X4.009 Y17.715 A428.7487
G1 X2.954 Y17.715 A428.78195
G1 X2.952 Y20.544 A428.87111
G1 X4 Y20.544 A428.90414
G1 X3.99 Y23.372 A428.99327
G1 X3.12 Y23.372 A429.02069
G1 X3.177 Y23.663 A429.03004
G1 X3.172 Y26.201 A429.11003
G1 X3.87 Y26.201 A429.13203
G1 X3.774 Y28.032 A429.18982
G1 X3.964 Y28.832 A429.21574
G1 X3.963 Y29.029 A429.22195
G1 X3.166 Y29.029 A429.24707
G1 X3.16 Y31.858 A429.33624
G1 X3.955 Y31.858 A429.3613
G1 X3.946 Y34.686 A429.45043
G1 X3.155 Y34.686 A429.47536
G1 X3.151 Y37.515 A429.56452
G1 X3.937 Y37.515 A429.58929
G1 X3.921 Y40.343 A429.67842
G1 X3.144 Y40.343 A429.70291
G1 X3.14 Y43.172 A429.79207
G1 X3.816 Y43.172 A429.81338
G1 X3.75 Y46.001 A429.90257
G1 X3.137 Y46.001 A429.92189
G1 X3.13 Y48.829 A430.01102
G1 X3.89 Y48.829 A430.03497
G1 X3.883 Y51.658 A430.12414
G1 X3.126 Y51.658 A430.148
G1 X3.126 Y52.224 A430.16584
G1 X3.348 Y53.01 A430.19158
G1 X3.346 Y54.486 A430.2381
G1 X3.877 Y54.486 A430.25484
G1 X3.845 Y57.315 A430.34401
G1 X3.338 Y57.315 A430.35999
G1 X3.327 Y60.143 A430.44912
G1 X3.772 Y60.143 A430.46315
G1 X3.707 Y62.972 A430.55234
G1 X3.316 Y62.972 A430.56466
G1 X3.312 Y64.205 A430.60352
G1 X3.532 Y64.995 A430.62937
G1 X3.528 Y65.8 A430.65474
G1 X3.644 Y65.8 A430.6584
G1 X3.623 Y66.701 A430.68681
G1 X3.823 Y67.474 A430.71198
G1 X3.821 Y68.629 A430.74838
G1 X3.518 Y68.629 A430.75793
G1 X3.508 Y71.457 A430.84706
G1 X3.964 Y71.457 A430.86143
G1 A430.56143 F2400
;WIPE_START
G1 F6240
G1 X3.508 Y71.457 A430.39481
G1 X3.518 Y68.629 A429.36143
;WIPE_END
G1 X-3.967 Y6.401 F7800
G1 A430.86143 F2400
G1 F3600
G1 X-4.681 Y6.401 A430.88393
G1 X-13.412 Y9.229 A431.17319
G1 X-9.976 Y9.229 A431.28149
G1 X-17.106 Y11.519 A431.51752
G1 X-19.117 Y12.058 A431.58314
G1 X-21.422 Y12.058 A431.65579
G1 X-30.178 Y14.887 A431.94581
G1 X-27.61 Y14.887 A432.02675
G1 X-32.482 Y16.454 A432.18805
G1 X-36.842 Y17.715 A432.3311
G1 X-38.934 Y17.715 A432.39704
G1 X-44.269 Y19.438 A432.57374
G1 X-44.947 Y19.891 A432.59944
G1 X-46.963 Y20.544 A432.66623
G1 X-45.236 Y20.544 A432.72066
G1 X-54.508 Y23.372 A433.02619
G1 X-55.673 Y23.372 A433.06291
G1 X-56.291 Y23.772 A433.08611
G1 X-63.679 Y26.147 A433.3307
G1 X-63.661 Y26.201 A433.33249
G1 X-62.369 Y26.201 A433.37321
G1 X-4.026 Y5.981 F7800
G1 F3600
G1 X-3.177 Y7.345 A433.42385
G1 X-17.028 Y11.79 A433.88234
G1 X-20.959 Y12.844 A434.01061
G1 X-21.627 Y13.26 A434.03541
G1 X-32.4 Y16.724 A434.39208
G1 X-39.723 Y18.859 A434.6325
G1 X-40.363 Y19.27 A434.65647
G1 X-47.772 Y21.658 A434.90182
G1 X-57.775 Y24.646 A435.23086
G1 X-58.419 Y25.066 A435.25509
G1 X-63.769 Y26.78 A435.43215
G1 X-64.034 Y25.966 A435.45913
G1 X-56.404 Y23.511 A435.71176
G1 X-55.748 Y23.066 A435.73674
G1 X-45.06 Y19.631 A436.09058
G1 X-44.409 Y19.187 A436.11542
G1 X-17.203 Y10.4 A437.01652
G1 X-16.547 Y9.953 A437.04154
G1 X-4.042 Y5.94 A437.45547
G1 A437.15547 F2400
;WIPE_START
G1 F6240
G1 X-7.169 Y6.944 A435.95547
;WIPE_END
G1 X-2.873 Y-2.085 F7800
G1 A437.45547 F2400
G1 F3600
G1 X-4.382 Y-2.085 A437.50303
G1 X-6.422 Y-4.913 A437.61293
G1 X-5.107 Y-4.913 A437.65438
G1 X-7.158 Y-7.742 A437.76451
G1 X-8.46 Y-7.742 A437.80555
G1 X-10.501 Y-10.57 A437.91547
G1 X-9.211 Y-10.57 A437.95613
G1 X-10.342 Y-12.124 A438.01671
G1 X-10.987 Y-12.633 A438.04261
G1 X-11.54 Y-13.399 A438.07239
G1 X-12.468 Y-13.399 A438.10164
G1 X-14.038 Y-15.816 A438.19248
G1 X-14.473 Y-16.227 A438.21134
G1 X-13.587 Y-16.227 A438.23927
G1 X-15.634 Y-19.056 A438.34933
G1 X-16.614 Y-19.056 A438.38022
G1 X-18.656 Y-21.884 A438.49016
G1 X-17.681 Y-21.884 A438.52089
G1 X-19.729 Y-24.713 A438.63097
G1 X-20.699 Y-24.713 A438.66154
G1 X-22.636 Y-27.542 A438.7696
G1 X-21.775 Y-27.542 A438.79674
G1 X-23.825 Y-30.37 A438.90683
G1 X-24.582 Y-30.37 A438.93069
G1 X-25.56 Y-31.806 A438.98545
G1 X-26.169 Y-32.314 A439.01045
G1 X-26.808 Y-33.199 A439.04485
G1 X-25.871 Y-33.199 A439.07438
G1 X-27.733 Y-35.769 A439.17441
G1 X-28.108 Y-36.027 A439.18876
G1 X-28.853 Y-36.027 A439.21224
G1 X-30.888 Y-38.856 A439.32208
G1 X-30.244 Y-38.856 A439.34238
G1 X-32.282 Y-41.684 A439.45225
G1 X-32.834 Y-41.684 A439.46965
G1 X-34.795 Y-44.513 A439.57814
G1 X-34.321 Y-44.513 A439.59308
G1 X-34.926 Y-45.353 A439.62571
G1 X-35.569 Y-45.862 A439.65156
G1 X-36.634 Y-47.341 A439.709
G1 X-36.803 Y-47.341 A439.71433
G1 X-37.261 Y-47.696 A439.73259
G1 X-39.052 Y-50.17 A439.82885
G1 X-38.49 Y-50.17 A439.84656
G1 X-39.09 Y-51.231 F7800
G1 F3600
G1 X-35.356 Y-46.049 A440.04787
G1 X-34.73 Y-45.563 A440.07285
G1 X-28.162 Y-36.461 A440.42662
G1 X-27.538 Y-35.98 A440.45145
G1 X-10.774 Y-12.82 A441.35257
G1 X-10.146 Y-12.335 A441.37758
G1 X-2.434 Y-1.708 A441.79143
G1 X-2.978 Y-1.166 A441.81563
G1 X-3.537 Y-.429 A441.84478
G1 X-12.042 Y-12.224 A442.3031
G1 X-14.258 Y-15.638 A442.43138
G1 X-14.86 Y-16.144 A442.45617
G1 X-21.485 Y-25.319 A442.81286
G1 X-25.777 Y-31.624 A443.05326
G1 X-26.366 Y-32.106 A443.07725
G1 X-30.927 Y-38.414 A443.32259
G1 X-36.86 Y-47.005 A443.65166
G1 X-37.458 Y-47.487 A443.67587
G1 X-40.742 Y-52.046 A443.85296
G1 X-40.049 Y-52.549 A443.87995
G1 X-39.116 Y-51.266 A443.92995
G1 A443.62995 F2400
;WIPE_START
G1 F6240
G1 X-40.049 Y-52.549 A443.05031
G1 X-40.742 Y-52.046 A442.73743
G1 X-40.25 Y-51.363 A442.42995
;WIPE_END
G1 X6.884 Y-4.913 F7800
G1 A443.92995 F2400
G1 F3600
G1 X5.376 Y-4.913 A443.97748
G1 X7.446 Y-7.742 A444.08797
G1 X8.761 Y-7.742 A444.12942
G1 X10.819 Y-10.57 A444.23966
G1 X9.517 Y-10.57 A444.2807
G1 X11.587 Y-13.399 A444.39119
G1 X12.802 Y-13.399 A444.42948
G1 X13.052 Y-14.025 A444.45073
G1 X14.658 Y-16.227 A444.53663
G1 X13.774 Y-16.227 A444.56449
G1 X15.137 Y-17.911 A444.63277
G1 X15.454 Y-18.67 A444.65869
G1 X15.736 Y-19.056 A444.67376
G1 X16.722 Y-19.056 A444.70484
G1 X18.787 Y-21.884 A444.81521
G1 X17.805 Y-21.884 A444.84616
G1 X19.872 Y-24.713 A444.95659
G1 X20.848 Y-24.713 A444.98735
G1 X22.913 Y-27.542 A445.09774
G1 X21.94 Y-27.542 A445.12841
G1 X24.147 Y-30.37 A445.24147
G1 X24.973 Y-30.37 A445.2675
G1 X27.035 Y-33.199 A445.37784
G1 X26.31 Y-33.199 A445.40069
G1 X26.784 Y-33.811 A445.42509
G1 X27.079 Y-34.547 A445.45008
G1 X28.161 Y-36.027 A445.50786
G1 X29.098 Y-36.027 A445.53739
G1 X29.881 Y-37.102 A445.57931
G1 X30.164 Y-37.868 A445.60505
G1 X30.883 Y-38.856 A445.64356
G1 X30.226 Y-38.856 A445.66427
G1 X32.323 Y-41.684 A445.77523
G1 X32.95 Y-41.684 A445.79499
G1 X35.022 Y-44.513 A445.90551
G1 X34.493 Y-44.513 A445.92218
G1 X36.641 Y-47.341 A446.03411
G1 X36.905 Y-47.341 A446.04243
G1 X37.06 Y-47.674 A446.05401
G1 X38.889 Y-50.17 A446.15154
G1 X38.514 Y-50.17 A446.16336
G1 X40.577 Y-52.998 A446.27369
G1 X41.142 Y-52.998 A446.2915
G1 X41.369 Y-54.484 F7800
G1 F3600
G1 X42.035 Y-54.001 A446.31743
G1 X37.304 Y-47.529 A446.5701
G1 X37.035 Y-46.784 A446.59506
G1 X30.408 Y-37.724 A446.94885
G1 X30.143 Y-36.981 A446.97371
G1 X13.296 Y-13.881 A447.87484
G1 X13.029 Y-13.134 A447.89984
G1 X5.308 Y-2.519 A448.31355
G1 X4.491 Y-2.916 A448.34218
G1 X3.742 Y-3.161 A448.36702
G1 X12.338 Y-14.903 A448.82568
G1 X14.899 Y-18.066 A448.95395
G1 X15.195 Y-18.795 A448.97875
G1 X21.874 Y-27.93 A449.33542
G1 X26.544 Y-33.961 A449.57583
G1 X26.82 Y-34.67 A449.59981
G1 X31.41 Y-40.957 A449.84515
G1 X37.747 Y-49.255 A450.17423
G1 X38.021 Y-49.972 A450.19842
G1 X41.335 Y-54.495 A450.37515
G1 A450.07515 F2400
;WIPE_START
G1 F6240
G1 X39.394 Y-51.846 A448.87515
;WIPE_END
G1 X10.051 Y3.389 F7800
G1 A450.37515 F2400
G1 F3600
G1 X22.419 Y7.456 A450.7855
G1 X26.219 Y8.915 A450.91379
G1 X27.004 Y8.97 A450.93859
G1 X37.756 Y12.5 A451.29527
G1 X44.935 Y15.077 A451.53568
G1 X45.694 Y15.121 A451.55964
G1 X53.092 Y17.543 A451.80499
G1 X62.942 Y21.006 A452.13407
G1 X63.709 Y21.045 A452.15828
G1 X68.427 Y22.587 A452.31472
G1 X69.045 Y22.803 A452.33535
G1 X68.781 Y23.617 A452.36232
G1 X61.165 Y21.118 A452.61495
G1 X60.373 Y21.093 A452.63992
G1 X49.708 Y17.59 A452.99373
G1 X48.92 Y17.567 A453.01858
G1 X21.744 Y8.683 A453.91972
G1 X20.951 Y8.659 A453.94473
G1 X8.464 Y4.595 A454.35862
G1 X8.577 Y3.934 A454.37976
G1 X8.608 Y2.913 A454.41195
G1 X10.009 Y3.375 A454.45845
G1 X10.179 Y3.572 F7800
G1 F3600
G1 X8.875 Y3.572 A454.49955
G1 X8.79 Y4.405 A454.52594
G1 X14.916 Y6.401 A454.72901
G1 X18.306 Y6.401 A454.83586
G1 X22.324 Y7.721 A454.96916
G1 X26.4 Y9.229 A455.10614
G1 X24.323 Y9.229 A455.1716
G1 X32.971 Y12.058 A455.45838
G1 X35.503 Y12.058 A455.53818
G1 X43.568 Y14.887 A455.80756
G1 X41.627 Y14.887 A455.86874
G1 X48.954 Y17.281 A456.11169
G1 X49.769 Y17.313 A456.1374
G1 X51.003 Y17.715 A456.17831
G1 X52.71 Y17.715 A456.23211
G1 X60.775 Y20.544 A456.50149
G1 X59.135 Y20.544 A456.55318
;LAYER_CHANGE
;Z:1.3
;HEIGHT:0.0714285
G1 A456.25318 F2400
;WIPE_START
G1 F6240
G1 X60.775 Y20.544 A455.65395
G1 X59.223 Y20 A455.05318
;WIPE_END
G1 Z1.3 F7800
G1 X-.233 Y3.215
G1 A456.55318 F2400
;TYPE:Perimeter
;WIDTH:0.449999
;HEIGHT:0.1
G1 F900
G1 X-.239 Y3.157 A456.55422
G1 X-.154 Y2.6 A456.56426
G1 X.06 Y2.096 A456.57402
G1 X.36 Y1.693 A456.58297
G1 X.759 Y1.359 A456.59224
G1 X1.281 Y1.103 A456.6026
G1 X1.852 Y.991 A456.61297
G1 X2.432 Y1.031 A456.62333
G1 X2.982 Y1.219 A456.63369
G1 X3.465 Y1.544 A456.64406
G1 X3.847 Y1.982 A456.65441
G1 X4.103 Y2.504 A456.66477
G1 X4.215 Y3.075 A456.67514
G1 X4.175 Y3.655 A456.6855
G1 X3.999 Y4.175 A456.69528
G1 X3.758 Y4.563 A456.70342
G1 X3.465 Y4.885 A456.71118
G1 X2.982 Y5.21 A456.72155
G1 X2.498 Y5.387 A456.73073
G1 X1.949 Y5.446 A456.74057
G1 X1.349 Y5.351 A456.75139
G1 X.889 Y5.155 A456.7603
G1 X.519 Y4.885 A456.76846
G1 X.178 Y4.502 A456.7776
G1 X-.003 Y4.205 A456.7838
G1 X-.192 Y3.655 A456.79416
G1 X-.228 Y3.275 A456.80096
G1 X.201 Y3.215 F7800
G1 F900
G1 X.193 Y3.133 A456.80243
G1 X.277 Y2.668 A456.81085
G1 X.476 Y2.243 A456.81921
G1 X.78 Y1.884 A456.82759
G1 X1.186 Y1.607 A456.83635
G1 X1.607 Y1.456 A456.84432
G1 X2.076 Y1.416 A456.85271
G1 X2.538 Y1.499 A456.86107
G1 X2.963 Y1.699 A456.86944
G1 X3.322 Y2.002 A456.87781
G1 X3.591 Y2.388 A456.88619
G1 X3.75 Y2.83 A456.89456
G1 X3.79 Y3.298 A456.90293
G1 X3.707 Y3.761 A456.91131
G1 X3.507 Y4.186 A456.91968
G1 X3.204 Y4.545 A456.92805
G1 X2.784 Y4.828 A456.93707
G1 X2.376 Y4.973 A456.94478
G1 X1.908 Y5.013 A456.95315
G1 X1.445 Y4.93 A456.96153
G1 X1.02 Y4.73 A456.9699
G1 X.78 Y4.545 A456.9753
G1 X.443 Y4.138 A456.98471
G1 X.244 Y3.66 A456.99393
G1 X.207 Y3.274 A457.00084
G1 X.622 Y3.215 F7800
;TYPE:External perimeter
G1 F900
G1 X.618 Y3.186 A457.00136
G1 X.672 Y2.832 A457.00774
G1 X.816 Y2.504 A457.01412
G1 X1.04 Y2.224 A457.02051
G1 X1.35 Y2.003 A457.02729
G1 X1.663 Y1.881 A457.03328
G1 X2.02 Y1.841 A457.03968
G1 X2.374 Y1.895 A457.04606
G1 X2.783 Y2.101 A457.05422
G1 X2.982 Y2.263 A457.05879
G1 X3.195 Y2.552 A457.06519
G1 X3.325 Y2.886 A457.07158
G1 X3.351 Y3.345 A457.07977
G1 X3.311 Y3.597 A457.08432
G1 X3.167 Y3.925 A457.0907
G1 X2.943 Y4.205 A457.09709
G1 X2.62 Y4.432 A457.10412
G1 X2.32 Y4.548 A457.10985
G1 X1.964 Y4.588 A457.11623
G1 X1.609 Y4.534 A457.12263
G1 X1.281 Y4.39 A457.12901
G1 X1.04 Y4.205 A457.13442
G1 X.788 Y3.877 A457.14179
G1 X.658 Y3.543 A457.14818
G1 X.628 Y3.274 A457.153
G1 A456.853 F2400
;WIPE_START
G1 F6240
G1 X.622 Y3.215 A456.83133
G1 X.618 Y3.186 A456.82063
G1 X.672 Y2.832 A456.68979
G1 X.816 Y2.504 A456.5589
G1 X1.04 Y2.224 A456.42788
G1 X1.35 Y2.003 A456.28877
G1 X1.663 Y1.881 A456.16602
G1 X2.02 Y1.841 A456.03476
G1 X2.374 Y1.895 A455.90392
G1 X2.783 Y2.101 A455.73659
G1 X2.961 Y2.246 A455.653
;WIPE_END
G1 X7.241 Y6.166 F7800
G1 A457.153 F2400
;WIDTH:0.407426
G1 F2880
;WIDTH:0.448353
G1 X37.571 Y16.133 A457.71962
;WIDTH:0.489282
G1 X67.9 Y26.099 A458.34054
G1 A458.04054 F2400
;WIPE_START
G1 F6240
G1 X64.78 Y25.074 A456.84054
;WIPE_END
G1 X.806 Y9.119 F7800
G1 A458.34054 F2400
;WIDTH:0.407426
G1 F2880
;WIDTH:0.448352
G1 X.7 Y41.044 A458.90715
;WIDTH:0.48928
G1 X.594 Y72.969 A459.52808
G1 A459.22808 F2400
;WIPE_START
G1 F6240
G1 X.605 Y69.685 A458.02808
;WIPE_END
G1 X-3.99 Y3.912 F7800
G1 A459.52808 F2400
;WIDTH:0.407426
G1 F2880
;WIDTH:0.448398
G1 X-34.386 Y13.676 A460.09476
;WIDTH:0.489372
G1 X-64.781 Y23.44 A460.71581
G1 A460.41581 F2400
;WIPE_START
G1 F6240
G1 X-61.654 Y22.436 A459.21581
;WIPE_END
G1 X-.52 Y-2.259 F7800
G1 A460.71581 F2400
;WIDTH:0.407424
G1 F2880
;WIDTH:0.448351
G1 X-19.199 Y-28.15 A461.28243
;WIDTH:0.48928
G1 X-37.878 Y-54.04 A461.90336
G1 A461.60336 F2400
;WIPE_START
G1 F6240
G1 X-35.956 Y-51.377 A460.40336
;WIPE_END
G1 X44.123 Y-52.397 F7800
G1 A461.90336 F2400
;WIDTH:0.489282
G1 F2880
G1 X25.272 Y-26.631 A462.52431
;WIDTH:0.448352
G1 X6.421 Y-.866 A463.09092
;WIDTH:0.410344
G1 X6.4 Y-.84 A463.09146
G1 X5.471 Y-.238 F7800
;TYPE:Perimeter
;WIDTH:0.449999
G1 F900
G1 X5.668 Y-.052 A463.09629
G1 X6.176 Y.637 A463.11154
G1 X6.551 Y1.382 A463.1264
G1 X6.797 Y2.186 A463.14138
G1 X6.886 Y2.817 A463.15273
G1 X6.871 Y3.784 A463.16996
G1 X6.696 Y4.606 A463.18493
G1 X6.498 Y5.169 A463.19556
G1 X6.222 Y5.719 A463.20652
G1 X5.886 Y6.213 A463.21716
G1 X5.396 Y6.759 A463.23023
G1 X4.743 Y7.286 A463.24518
G1 X4.026 Y7.688 A463.25983
G1 X3.389 Y7.923 A463.27193
G1 X2.564 Y8.084 A463.28691
G1 X2.088 Y8.117 A463.29541
G1 X1.554 Y8.095 A463.30493
G1 X.956 Y8.024 A463.31566
G1 X-.039 Y7.688 A463.33437
G1 X-.76 Y7.286 A463.34908
G1 X-1.408 Y6.762 A463.36393
G1 X-1.967 Y6.127 A463.379
G1 X-2.323 Y5.562 A463.3909
G1 X-2.642 Y4.819 A463.40531
G1 X-2.77 Y4.361 A463.41378
G1 X-2.903 Y3.678 A463.42618
G1 X-2.919 Y3.016 A463.43798
G1 X-2.812 Y2.179 A463.45301
G1 X-2.567 Y1.378 A463.46793
G1 X-2.246 Y.729 A463.48083
G1 X-1.671 Y-.062 A463.49825
G1 X-1.285 Y-.438 A463.50785
G1 X-.831 Y-.783 A463.51801
G1 X-.407 Y-1.074 A463.52717
G1 X.041 Y-1.298 A463.53609
G1 X.55 Y-1.483 A463.54574
G1 X1.152 Y-1.628 A463.55677
G1 X1.988 Y-1.699 A463.57172
G1 X2.894 Y-1.616 A463.58793
G1 X3.546 Y-1.447 A463.59993
G1 X4.436 Y-1.049 A463.6173
G1 X4.863 Y-.767 A463.62642
G1 X5.276 Y-.422 A463.63601
G1 X5.427 Y-.279 A463.63972
G1 X5.975 Y-.449 F7800
G1 F900
G1 X6.013 Y-.307 A463.64234
G1 X6.542 Y.412 A463.65824
G1 X6.95 Y1.222 A463.6744
G1 X7.217 Y2.092 A463.69061
G1 X7.315 Y2.791 A463.70319
G1 X7.299 Y3.833 A463.72176
G1 X7.086 Y4.829 A463.73991
G1 X6.676 Y5.852 A463.75955
G1 X6.576 Y5.961 A463.76219
G1 X6.224 Y6.478 A463.77333
G1 X5.692 Y7.071 A463.78752
G1 X4.984 Y7.642 A463.80373
G1 X4.206 Y8.079 A463.81963
G1 X3.505 Y8.337 A463.83294
G1 X2.492 Y8.535 A463.85133
G1 X1.837 Y8.552 A463.863
G1 X1.059 Y8.48 A463.87692
G1 X.924 Y8.518 A463.87942
G1 X.819 Y8.43 A463.88186
G1 X-.214 Y8.082 A463.90128
G1 X-1.001 Y7.642 A463.91734
G1 X-1.706 Y7.073 A463.93348
G1 X-2.311 Y6.384 A463.94982
G1 X-2.704 Y5.762 A463.96293
G1 X-3.097 Y4.844 A463.98072
G1 X-3.305 Y3.95 A463.99707
G1 X-3.382 Y3.838 A463.99949
G1 X-3.336 Y3.783 A464.00077
G1 X-3.348 Y2.993 A464.01485
G1 X-3.232 Y2.089 A464.03109
G1 X-2.966 Y1.219 A464.0473
G1 X-2.614 Y.507 A464.06145
G1 X-1.996 Y-.344 A464.08019
G1 X-1.489 Y-.839 A464.09281
G1 X-.577 Y-1.469 A464.11256
G1 X-.102 Y-1.702 A464.12199
G1 X.427 Y-1.894 A464.13202
G1 X1.083 Y-2.052 A464.14404
G1 X1.989 Y-2.129 A464.16024
G1 X2.968 Y-2.039 A464.17776
G1 X3.689 Y-1.852 A464.19103
G1 X4.643 Y-1.426 A464.20964
G1 X5.2 Y-1.058 A464.22153
G1 X5.842 Y-.496 A464.23673
G1 X5.92 Y-.469 A464.2382
G1 X6.359 Y-.56 F7800
;TYPE:External perimeter
G1 F900
G1 X6.908 Y.187 A464.25472
G1 X7.349 Y1.062 A464.27218
G1 X7.637 Y1.999 A464.28964
G1 X7.744 Y2.764 A464.3034
G1 X7.727 Y3.881 A464.3233
G1 X7.534 Y4.785 A464.33977
G1 X7.395 Y5.222 A464.34794
G1 X7.105 Y5.897 A464.36103
G1 X7.169 Y6.134 A464.3654
G1 X6.96 Y6.168 A464.36917
G1 X6.562 Y6.742 A464.38161
G1 X5.988 Y7.382 A464.39693
G1 X5.225 Y7.999 A464.41441
G1 X4.386 Y8.469 A464.43154
G1 X3.621 Y8.751 A464.44607
G1 X2.539 Y8.962 A464.46571
G1 X1.823 Y8.981 A464.47847
G1 X1.019 Y8.906 A464.49286
G1 X.815 Y9.04 A464.49721
G1 X.682 Y8.836 A464.50155
G1 X-.388 Y8.475 A464.52167
G1 X-1.242 Y7.998 A464.5391
G1 X-2.004 Y7.383 A464.55655
G1 X-2.656 Y6.641 A464.57415
G1 X-3.084 Y5.962 A464.58845
G1 X-3.506 Y4.978 A464.60753
G1 X-3.723 Y4.047 A464.62456
G1 X-3.913 Y3.895 A464.6289
G1 X-3.76 Y3.699 A464.63333
G1 X-3.778 Y2.971 A464.6463
G1 X-3.653 Y1.998 A464.66378
G1 X-3.366 Y1.061 A464.68124
G1 X-2.982 Y.284 A464.69668
G1 X-2.321 Y-.625 A464.7167
G1 X-1.765 Y-1.168 A464.73055
G1 X-1.05 Y-1.681 A464.74623
G1 X-.568 Y-1.961 A464.75616
G1 X-.48 Y-2.19 A464.76053
G1 X-.291 Y-2.095 A464.7643
G1 X.303 Y-2.305 A464.77552
G1 X1.014 Y-2.477 A464.78855
G1 X1.991 Y-2.56 A464.80602
G1 X3.042 Y-2.463 A464.82482
G1 X3.831 Y-2.258 A464.83934
G1 X4.85 Y-1.803 A464.85922
G1 X5.46 Y-1.4 A464.87225
G1 X6.124 Y-.819 A464.88797
G1 X6.368 Y-.807 A464.89232
G1 X6.359 Y-.619 A464.89567
G1 A464.59567 F2400
;WIPE_START
G1 F6240
G1 X6.359 Y-.56 A464.57411
G1 X6.908 Y.187 A464.23538
G1 X7.349 Y1.062 A463.87736
G1 X7.637 Y1.999 A463.51919
G1 X7.684 Y2.334 A463.39567
;WIPE_END
G1 X-.095 Y-.88 F7800
G1 A464.89567 F2400
;TYPE:Solid infill
G1 F3600
G1 X-2.067 Y1.092 A464.94536
G1 X-2.16 Y1.258 A464.94875
;WIDTH:0.40573
G1 X-2.254 Y1.425 A464.95181
;WIDTH:0.36146
G1 X-2.295 Y1.436 A464.95241
G1 X-2.314 Y1.365 A464.95345
G1 X-2.243 Y1.384 A464.95449
G1 X-2.7 Y2.539 F7800
G1 F3600
G1 X-2.656 Y2.246 A464.95868
;WIDTH:0.40573
G1 X-2.55 Y2.16 A464.96086
;WIDTH:0.449999
G1 X-2.444 Y2.075 A464.96328
G1 X.857 Y-1.226 A465.04645
G1 X1.027 Y-1.434 A465.05124
;WIDTH:0.36146
G1 X1.398 Y-1.491 A465.05655
;WIDTH:0.40573
G1 X1.488 Y-1.416 A465.05842
;WIDTH:0.449999
G1 X1.579 Y-1.342 A465.06051
G1 X-2.568 Y2.805 A465.165
G1 X-2.59 Y3.433 A465.1762
G1 X2.2 Y-1.357 A465.29689
G1 X2.755 Y-1.306 A465.30682
G1 X-2.53 Y3.979 A465.43998
G1 X-2.558 Y4.146 A465.443
;WIDTH:0.40573
G1 X-2.586 Y4.312 A465.44569
;WIDTH:0.36146
G1 X-2.627 Y4.323 A465.44629
G1 X-2.647 Y4.252 A465.44733
G1 X-2.575 Y4.271 A465.44838
G1 A465.14838 F2400
;WIPE_START
G1 F6240
G1 X-2.647 Y4.252 A465.12117
G1 X-2.627 Y4.323 A465.09422
G1 X-2.586 Y4.312 A465.07871
G1 X-2.558 Y4.146 A465.0172
G1 X-2.53 Y3.979 A464.95533
G1 X-.581 Y2.03 A463.94838
;WIPE_END
G1 X-.252 Y2.208 F7800
G1 A465.44838 F2400
G1 F3600
G1 X-.105 Y1.988 A465.45212
G1 X.317 Y1.509 A465.46114
G1 X.985 Y.963 A465.47334
;WIDTH:0.40573
G1 X1.136 Y.865 A465.47622
;WIDTH:0.449999
G1 X1.288 Y.767 A465.47944
G1 X3.247 Y-1.192 A465.5288
G1 X3.691 Y-1.03 A465.53722
G1 X1.993 Y.668 A465.58
G1 A465.28 F2400
;WIPE_START
G1 F6240
G1 X3.691 Y-1.03 A464.40259
G1 X3.247 Y-1.192 A464.2299
G1 X2.957 Y-.902 A464.08
;WIPE_END
G1 X3.958 Y-.691 F7800
G1 A465.58 F2400
G1 F3600
G1 X2.53 Y.737 A465.61598
G1 X2.775 Y.788 A465.62044
G1 X3.253 Y.996 A465.62973
G1 X3.717 Y1.336 A465.63998
G1 X4.107 Y1.794 A465.6507
G1 X4.332 Y2.233 A465.65949
G1 X4.485 Y2.676 A465.66784
G1 X4.543 Y3.211 A465.67743
G1 X4.434 Y3.946 A465.69067
G1 X4.162 Y4.547 A465.70242
;WIDTH:0.444751
G1 X4.135 Y4.591 A465.70333
;WIDTH:0.449999
G1 X6.404 Y2.318 A465.76055
G1 X6.485 Y2.273 A465.7622
G1 X6.298 Y1.654 A465.77372
G1 X6.089 Y1.179 A465.78297
G1 X5.851 Y.738 A465.7919
G1 X5.379 Y.091 A465.80617
G1 X4.744 Y-.46 A465.82115
G1 X4.281 Y-.766 A465.83104
G1 X4.11 Y-.843 A465.83438
G1 X4.187 Y-.314 A465.8439
G1 X4.484 Y-.118 A465.85024
G1 X5.061 Y.383 A465.86385
G1 X5.534 Y1.03 A465.87813
G1 X5.83 Y1.617 A465.88984
G1 X5.994 Y2.122 A465.8993
G1 X4.967 Y3.148 A465.92516
G1 X4.877 Y2.482 A465.93713
G1 X4.693 Y1.971 A465.94681
G1 X4.436 Y1.519 A465.95607
G1 X3.973 Y.992 A465.96857
G1 X3.552 Y.678 A465.97793
G1 X3.317 Y.557 A465.98264
G1 X4.036 Y-.163 A466.00077
G1 X4.138 Y.02 A466.0045
;WIDTH:0.42413
G1 X4.24 Y.204 A466.00802
;WIDTH:0.400775
G1 X4.662 Y.572 A466.01685
G1 X5.038 Y1.032 A466.02622
;WIDTH:0.395243
G1 X5.323 Y1.501 A466.03475
;WIDTH:0.40262
G1 X5.535 Y2.008 A466.04346
G1 X5.242 Y2.301 A466.05003
G1 X5.019 Y1.719 A466.05991
;WIDTH:0.395243
G1 X4.744 Y1.262 A466.0682
;WIDTH:0.400775
G1 X4.392 Y.836 A466.07691
G1 X3.962 Y.481 A466.0857
;WIDTH:0.398261
G1 X4.088 Y.355 A466.08849
G1 A465.78849 F2400
;WIPE_START
G1 F6240
G1 X3.962 Y.481 A465.72338
G1 X4.392 Y.836 A465.51964
G1 X4.744 Y1.262 A465.31772
G1 X5.019 Y1.719 A465.12284
G1 X5.242 Y2.301 A464.89511
G1 X5.535 Y2.008 A464.74371
G1 X5.371 Y1.616 A464.58849
;WIPE_END
G1 X-.456 Y2.511 F7800
G1 A466.08849 F2400
;WIDTH:0.449999
G1 F3600
G1 X-2.415 Y4.47 A466.13785
G1 X-2.252 Y4.913 A466.14626
G1 X-.559 Y3.221 A466.1889
G1 X-.478 Y3.855 A466.20029
G1 X-.299 Y4.331 A466.20935
G1 X-.13 Y4.624 A466.21538
G1 X.205 Y5.036 A466.22484
G1 X.611 Y5.346 A466.23394
G1 X.871 Y5.49 A466.23924
G1 X1.482 Y5.712 A466.25082
G1 X2.05 Y5.765 A466.26098
G1 X2.594 Y5.692 A466.27076
;WIDTH:0.470454
G1 X3.275 Y5.432 A466.28437
G1 X3.237 Y5.472 A466.2854
;WIDTH:0.467604
G1 X2.766 Y5.956 A466.29793
;WIDTH:0.449999
G1 X1.1 Y7.622 A466.33991
G1 X1.059 Y7.722 A466.34184
G1 X.092 Y7.393 A466.36004
G1 X-.579 Y7.019 A466.37373
G1 X-1.011 Y6.67 A466.38362
G1 X-1.347 Y6.345 A466.39195
G1 X-1.742 Y5.88 A466.40282
G1 X-2.067 Y5.334 A466.41414
G1 X-.647 Y3.914 A466.44992
G1 X-.67 Y4.544 A466.46115
G1 X-.442 Y4.924 A466.46905
G1 X-.02 Y5.409 A466.4805
G1 X.613 Y5.851 A466.49426
G1 X1.278 Y6.101 A466.50692
G1 X1.927 Y6.189 A466.51859
G1 X.9 Y7.215 A466.54445
G1 X.266 Y7 A466.55638
G1 X-.339 Y6.662 A466.56873
G1 X-.848 Y6.251 A466.58039
G1 X-1.204 Y5.859 A466.58982
G1 X-1.534 Y5.407 A466.59979
G1 X-.822 Y4.695 A466.61773
G1 X-.746 Y5.189 A466.62663
;WIDTH:0.398381
G1 X-.29 Y5.707 A466.63744
;WIDTH:0.40347
G1 X.111 Y6.013 A466.64545
;WIDTH:0.405362
G1 X.578 Y6.272 A466.65397
G1 X1.084 Y6.46 A466.66259
;WIDTH:0.401454
G1 X.792 Y6.752 A466.66911
G1 X.314 Y6.566 A466.67721
;WIDTH:0.40347
G1 X-.123 Y6.315 A466.68521
G1 X-.619 Y5.916 A466.69532
;WIDTH:0.398381
G1 X-1.018 Y5.461 A466.7048
G1 X-.897 Y5.34 A466.70748
G1 A466.40748 F2400
;WIPE_START
G1 F6240
G1 X-1.018 Y5.461 A466.34496
G1 X-.619 Y5.916 A466.12384
G1 X-.123 Y6.315 A465.89125
G1 X.314 Y6.566 A465.70711
G1 X.792 Y6.752 A465.5197
G1 X1.084 Y6.46 A465.36881
G1 X.67 Y6.306 A465.20748
;WIPE_END
G1 X3.275 Y5.432 F7800
G1 A466.70748 F2400
;WIDTH:0.470454
G1 F3600
G1 X3.503 Y5.234 A466.71312
;WIDTH:0.427886
G1 X3.731 Y5.036 A466.71822
;WIDTH:0.414634
G1 X3.933 Y4.814 A466.72313
;WIDTH:0.44395
G1 X4.135 Y4.591 A466.72842
G1 A466.42842 F2400
;WIPE_START
G1 F6240
G1 X3.933 Y4.814 A466.31848
G1 X3.731 Y5.036 A466.20881
G1 X3.503 Y5.234 A466.09847
G1 X3.275 Y5.432 A465.98813
;WIPE_END
G1 A465.22842 F2400
G1 X6.555 Y2.772 F7800
G1 A466.72842 F2400
;WIDTH:0.449999
G1 F3600
G1 X1.554 Y7.773 A466.85443
G1 X2.14 Y7.794 A466.86488
G1 X6.556 Y3.378 A466.97615
G1 X6.485 Y4.055 A466.98828
G1 X2.836 Y7.703 A467.08021
G1 A466.78021 F2400
;WIPE_START
G1 F6240
G1 X5.158 Y5.381 A465.58021
;WIPE_END
G1 X6.16 Y4.96 F7800
G1 A467.08021 F2400
;WIDTH:0.413174
G1 F3600
G1 X5.354 Y5.765 A467.09876
;WIDTH:0.431012
G1 X4.894 Y6.238 A467.10999
G1 X4.344 Y6.76 A467.1229
;WIDTH:0.390752
G1 X3.552 Y7.552 A467.1401
G1 X3.909 Y7.419 A467.14595
G1 X4.579 Y7.044 A467.15774
;WIDTH:0.431012
G1 X5.168 Y6.542 A467.17092
G1 X5.639 Y6.035 A467.1827
;WIDTH:0.413174
G1 X6.017 Y5.489 A467.19351
G1 X6.311 Y4.808 A467.20559
M106 P204
;LAYER_CHANGE
;Z:1.4
;HEIGHT:0.1
G1 A466.90559 F2400
;WIPE_START
G1 F6240
G1 X6.017 Y5.489 A466.63456
G1 X5.639 Y6.035 A466.39192
G1 X5.168 Y6.542 A466.13907
G1 X4.579 Y7.044 A465.8563
G1 X4.219 Y7.246 A465.70559
;WIPE_END
G1 Z1.4 F7800
G1 X-.222 Y3.214
G1 A467.20559 F2400
;TYPE:Perimeter
;WIDTH:0.449999
G1 F900
G1 X-.192 Y2.774 A467.21345
G1 X-.003 Y2.224 A467.22381
G1 X.321 Y1.741 A467.23417
G1 X.759 Y1.359 A467.24452
G1 X1.281 Y1.103 A467.25488
G1 X1.852 Y.991 A467.26525
G1 X2.428 Y1.03 A467.27554
G1 X2.982 Y1.219 A467.28597
G1 X3.465 Y1.544 A467.29634
G1 X3.847 Y1.982 A467.30669
G1 X4.103 Y2.504 A467.31705
G1 X4.215 Y3.075 A467.32742
G1 X4.175 Y3.655 A467.33778
G1 X4.007 Y4.156 A467.34719
G1 X3.847 Y4.447 A467.35311
G1 X3.486 Y4.869 A467.363
G1 X2.982 Y5.21 A467.37384
G1 X2.432 Y5.398 A467.3842
G1 X1.901 Y5.443 A467.39369
G1 X1.405 Y5.368 A467.40263
G1 X.889 Y5.155 A467.41258
G1 X.438 Y4.816 A467.42263
G1 X.081 Y4.367 A467.43285
G1 X-.144 Y3.859 A467.44275
G1 X-.231 Y3.354 A467.45188
G1 X-.226 Y3.274 A467.45331
G1 X.201 Y3.215 F7800
G1 F900
G1 X.194 Y3.131 A467.45481
G1 X.277 Y2.668 A467.46319
G1 X.476 Y2.243 A467.47155
G1 X.78 Y1.884 A467.47993
G1 X1.165 Y1.615 A467.4883
G1 X1.607 Y1.456 A467.49667
G1 X2.076 Y1.416 A467.50506
G1 X2.538 Y1.499 A467.51342
G1 X2.963 Y1.699 A467.52179
G1 X3.322 Y2.002 A467.53016
G1 X3.591 Y2.388 A467.53854
G1 X3.75 Y2.83 A467.54691
G1 X3.79 Y3.298 A467.55528
G1 X3.707 Y3.761 A467.56366
G1 X3.507 Y4.186 A467.57203
G1 X3.204 Y4.545 A467.5804
G1 X2.784 Y4.828 A467.58942
G1 X2.376 Y4.973 A467.59713
G1 X1.908 Y5.013 A467.6055
G1 X1.445 Y4.93 A467.61388
G1 X1.02 Y4.73 A467.62225
G1 X.661 Y4.427 A467.63062
G1 X.392 Y4.041 A467.639
G1 X.233 Y3.599 A467.64737
G1 X.206 Y3.274 A467.65318
G1 X.622 Y3.215 F7800
;TYPE:External perimeter
G1 F900
G1 X.618 Y3.186 A467.6537
G1 X.672 Y2.832 A467.66008
G1 X.816 Y2.504 A467.66646
G1 X1.04 Y2.224 A467.67285
G1 X1.329 Y2.011 A467.67925
G1 X1.663 Y1.881 A467.68564
G1 X2.02 Y1.841 A467.69204
G1 X2.374 Y1.895 A467.69842
G1 X2.778 Y2.097 A467.70647
G1 X2.982 Y2.263 A467.71116
G1 X3.195 Y2.552 A467.71756
G1 X3.325 Y2.886 A467.72395
G1 X3.357 Y3.305 A467.73144
G1 X3.311 Y3.597 A467.73671
G1 X3.167 Y3.925 A467.74309
G1 X2.943 Y4.205 A467.74948
G1 X2.62 Y4.432 A467.75651
G1 X2.32 Y4.548 A467.76224
G1 X1.964 Y4.588 A467.76862
G1 X1.609 Y4.534 A467.77502
G1 X1.281 Y4.39 A467.7814
G1 X1.001 Y4.166 A467.78779
G1 X.788 Y3.877 A467.79419
G1 X.658 Y3.543 A467.80058
G1 X.628 Y3.274 A467.8054
G1 A467.5054 F2400
;WIPE_START
G1 F6240
G1 X.622 Y3.215 A467.48373
G1 X.618 Y3.186 A467.47303
G1 X.672 Y2.832 A467.34219
G1 X.816 Y2.504 A467.2113
G1 X1.04 Y2.224 A467.08028
G1 X1.329 Y2.011 A466.9491
G1 X1.663 Y1.881 A466.81814
G1 X2.02 Y1.841 A466.68688
G1 X2.374 Y1.895 A466.55604
G1 X2.778 Y2.097 A466.391
G1 X2.96 Y2.245 A466.3054
;WIPE_END
G1 X67.938 Y25.972 F7800
G1 A467.8054 F2400
;WIDTH:0.496442
G1 F2880
G1 X37.612 Y16.024 A468.43566
;WIDTH:0.465537
G1 X7.286 Y6.075 A469.02492
;WIDTH:0.447156
G1 X7.22 Y6.047 A469.02619
G1 A468.72619 F2400
;WIPE_START
G1 F6240
G1 X7.286 Y6.075 A468.69999
G1 X10.338 Y7.076 A467.52619
;WIPE_END
G1 X.727 Y72.966 F7800
G1 A469.02619 F2400
;WIDTH:0.496442
G1 F2880
G1 X.817 Y41.05 A469.65645
;WIDTH:0.465538
G1 X.907 Y9.134 A470.24571
;WIDTH:0.447268
G1 X.913 Y9.062 A470.24699
G1 A469.94699 F2400
;WIPE_START
G1 F6240
G1 X.907 Y9.134 A469.92059
G1 X.898 Y12.346 A468.74699
;WIPE_END
G1 X-64.737 Y23.566 F7800
G1 A470.24699 F2400
;WIDTH:0.49644
G1 F2880
G1 X-34.355 Y13.789 A470.87725
;WIDTH:0.465537
G1 X-3.974 Y4.012 A471.46649
;WIDTH:0.447206
G1 X-3.903 Y3.996 A471.46778
G1 A471.16778 F2400
;WIPE_START
G1 F6240
G1 X-3.974 Y4.012 A471.14119
G1 X-7.031 Y4.996 A469.96778
;WIPE_END
G1 X-37.984 Y-53.959 F7800
G1 A471.46778 F2400
;WIDTH:0.496452
G1 F2880
G1 X-19.297 Y-28.086 A472.09805
;WIDTH:0.465541
G1 X-.61 Y-2.212 A472.68732
;WIDTH:0.44716
G1 X-.573 Y-2.15 A472.6886
G1 A472.3886 F2400
;WIPE_START
G1 F6240
G1 X-.61 Y-2.212 A472.36222
G1 X-2.491 Y-4.816 A471.1886
;WIPE_END
G1 X44.014 Y-52.472 F7800
G1 A472.6886 F2400
;WIDTH:0.496436
G1 F2880
G1 X25.181 Y-26.704 A473.31886
;WIDTH:0.465534
G1 X6.349 Y-.937 A473.90809
;WIDTH:0.43776
G1 X6.326 Y-.909 A473.90872
G1 X5.428 Y-.284 F7800
;TYPE:Perimeter
;WIDTH:0.449999
G1 F900
G1 X5.614 Y-.116 A473.91319
G1 X6.177 Y.64 A473.92998
G1 X6.5 Y1.28 A473.94275
G1 X6.685 Y1.82 A473.95292
G1 X6.829 Y2.411 A473.96376
G1 X6.905 Y3.081 A473.97577
G1 X6.875 Y3.763 A473.98793
G1 X6.762 Y4.292 A473.99757
G1 X6.596 Y4.914 A474.00904
G1 X6.265 Y5.651 A474.02343
G1 X5.888 Y6.209 A474.03543
G1 X5.396 Y6.759 A474.04858
G1 X4.743 Y7.286 A474.06353
G1 X4.027 Y7.688 A474.07816
G1 X3.402 Y7.919 A474.09003
G1 X2.336 Y8.111 A474.10933
G1 X1.675 Y8.107 A474.12111
G1 X1.173 Y8.065 A474.13009
G1 X.651 Y7.944 A474.13964
G1 X-.027 Y7.695 A474.15251
G1 X-.76 Y7.286 A474.16747
G1 X-1.408 Y6.762 A474.18232
G1 X-1.968 Y6.126 A474.19742
G1 X-2.318 Y5.573 A474.20908
G1 X-2.643 Y4.818 A474.22372
G1 X-2.766 Y4.385 A474.23174
G1 X-2.897 Y3.762 A474.24308
G1 X-2.919 Y3.013 A474.25643
G1 X-2.812 Y2.179 A474.27141
G1 X-2.567 Y1.378 A474.28633
G1 X-2.251 Y.737 A474.29906
G1 X-1.668 Y-.065 A474.31673
G1 X-1.222 Y-.502 A474.32785
G1 X-.491 Y-1.028 A474.3439
G1 X-.03 Y-1.269 A474.35317
G1 X.54 Y-1.479 A474.36399
G1 X1.152 Y-1.628 A474.37521
G1 X1.992 Y-1.7 A474.39023
G1 X2.826 Y-1.629 A474.40514
G1 X3.543 Y-1.447 A474.41832
G1 X4.096 Y-1.2 A474.42911
G1 X4.633 Y-.919 A474.43991
G1 X5.153 Y-.531 A474.45147
G1 X5.383 Y-.324 A474.45698
G1 X5.924 Y-.504 F7800
G1 F900
G1 X5.957 Y-.372 A474.4594
G1 X6.543 Y.413 A474.47685
G1 X6.883 Y1.087 A474.4903
G1 X7.095 Y1.694 A474.50176
G1 X7.254 Y2.351 A474.5138
G1 X7.335 Y3.078 A474.52683
G1 X7.301 Y3.818 A474.54003
G1 X7.181 Y4.381 A474.55029
G1 X6.997 Y5.066 A474.56293
G1 X6.735 Y5.695 A474.57507
G1 X6.77 Y5.807 A474.57716
G1 X6.658 Y5.84 A474.57924
G1 X6.227 Y6.473 A474.59288
G1 X5.692 Y7.071 A474.60718
G1 X4.984 Y7.642 A474.62339
G1 X4.207 Y8.078 A474.63926
G1 X3.519 Y8.333 A474.65233
G1 X2.64 Y8.506 A474.66829
G1 X2.112 Y8.546 A474.67772
G1 X1.014 Y8.5 A474.6973
G1 X.524 Y8.354 A474.70641
G1 X-.206 Y8.086 A474.72026
G1 X-1.001 Y7.642 A474.73648
G1 X-1.706 Y7.073 A474.75262
G1 X-2.312 Y6.383 A474.76898
G1 X-2.698 Y5.773 A474.78184
G1 X-3.036 Y4.987 A474.79708
G1 X-3.306 Y3.988 A474.81552
G1 X-3.393 Y3.925 A474.81743
G1 X-3.327 Y3.841 A474.81933
G1 X-3.348 Y2.992 A474.83446
G1 X-3.232 Y2.089 A474.85068
G1 X-2.966 Y1.219 A474.86689
G1 X-2.619 Y.514 A474.88089
G1 X-1.994 Y-.346 A474.89983
G1 X-1.499 Y-.83 A474.91216
G1 X-1.024 Y-1.172 A474.92259
G1 X-.39 Y-1.578 A474.936
G1 X.415 Y-1.89 A474.95138
G1 X1.083 Y-2.052 A474.96363
G1 X1.992 Y-2.13 A474.97988
G1 X2.897 Y-2.053 A474.99606
G1 X3.684 Y-1.854 A475.01052
G1 X4.767 Y-1.345 A475.03184
G1 X5.275 Y-.992 A475.04286
G1 X5.778 Y-.559 A475.05468
G1 X5.876 Y-.53 A475.0565
G1 X6.303 Y-.625 F7800
;TYPE:External perimeter
G1 F900
G1 X6.909 Y.187 A475.07455
G1 X7.349 Y1.062 A475.092
G1 X7.586 Y1.835 A475.1064
G1 X7.678 Y2.29 A475.11467
G1 X7.764 Y3.074 A475.12872
G1 X7.728 Y3.872 A475.14295
G1 X7.532 Y4.79 A475.15967
G1 X7.398 Y5.217 A475.16764
G1 X7.157 Y5.787 A475.17867
G1 X7.22 Y6.047 A475.18344
G1 X6.976 Y6.129 A475.18803
G1 X6.566 Y6.737 A475.2011
G1 X5.988 Y7.383 A475.21654
G1 X5.225 Y7.999 A475.23401
G1 X4.387 Y8.468 A475.25112
G1 X3.635 Y8.747 A475.26541
G1 X3.03 Y8.866 A475.2764
G1 X2.361 Y8.967 A475.28845
G1 X1.724 Y8.971 A475.2998
G1 X1.125 Y8.921 A475.31051
G1 X.913 Y9.062 A475.31505
G1 X.806 Y8.874 A475.3189
G1 X.398 Y8.764 A475.32643
G1 X-.386 Y8.477 A475.3413
G1 X-1.242 Y7.998 A475.35878
G1 X-2.004 Y7.383 A475.37623
G1 X-2.656 Y6.641 A475.39383
G1 X-3.078 Y5.974 A475.40789
G1 X-3.505 Y4.983 A475.42712
G1 X-3.702 Y4.159 A475.44221
G1 X-3.903 Y3.996 A475.44682
G1 X-3.754 Y3.787 A475.45139
G1 X-3.778 Y2.971 A475.46593
G1 X-3.653 Y1.998 A475.48341
G1 X-3.366 Y1.061 A475.50087
G1 X-2.987 Y.292 A475.51614
G1 X-2.319 Y-.627 A475.53638
G1 X-1.775 Y-1.159 A475.54994
G1 X-1.275 Y-1.52 A475.56093
G1 X-.659 Y-1.912 A475.57394
G1 X-.573 Y-2.15 A475.57845
G1 X-.381 Y-2.061 A475.58222
G1 X.29 Y-2.3 A475.59491
G1 X1.014 Y-2.477 A475.60819
G1 X1.992 Y-2.56 A475.62568
G1 X2.968 Y-2.477 A475.64313
G1 X3.825 Y-2.26 A475.65888
G1 X4.853 Y-1.801 A475.67894
G1 X5.447 Y-1.409 A475.69162
G1 X6.042 Y-.897 A475.70561
G1 X6.301 Y-.882 A475.71023
G1 X6.301 Y-.685 A475.71374
G1 A475.41374 F2400
;WIPE_START
G1 F6240
G1 X6.303 Y-.625 A475.3918
G1 X6.909 Y.187 A475.02159
G1 X7.349 Y1.062 A474.66373
G1 X7.586 Y1.835 A474.36831
G1 X7.67 Y2.25 A474.21374
;WIPE_END
G1 X-1.817 Y6.013 F7800
G1 A475.71374 F2400
;TYPE:Solid infill
;WIDTH:0.36146
G1 F3600
G1 X-1.26 Y6.607 A475.72525
G1 X-.665 Y7.142 A475.73656
;WIDTH:0.449999
G1 X.133 Y7.434 A475.7517
;WIDTH:0.36146
G1 X.113 Y7.505 A475.75274
G1 X.185 Y7.486 A475.75379
G1 X.174 Y7.445 A475.75439
;WIDTH:0.40573
G1 X.007 Y7.349 A475.75747
;WIDTH:0.449999
G1 X-.159 Y7.253 A475.76089
G1 X-2.064 Y5.348 A475.80889
G1 X-2.152 Y5.183 A475.81222
;WIDTH:0.40573
G1 X-2.24 Y5.018 A475.81521
;WIDTH:0.36146
G1 X-2.229 Y5.059 A475.81581
G1 X-2.3 Y5.078 A475.81685
G1 X-2.281 Y5.007 A475.81789
;WIDTH:0.449999
G1 X-2.442 Y4.364 A475.8297
G1 X.861 Y7.667 A475.91292
G1 X.946 Y7.772 A475.91533
;WIDTH:0.40573
G1 X1.031 Y7.877 A475.91749
;WIDTH:0.36146
G1 X1.382 Y7.927 A475.9225
;WIDTH:0.449999
G1 X1.577 Y7.778 A475.92687
G1 X-2.582 Y3.618 A476.03167
G1 X-2.663 Y3.651 A476.03323
;WIDTH:0.40573
G1 X-2.744 Y3.685 A476.03463
;WIDTH:0.36146
G1 X-2.651 Y4.195 A476.04196
G1 X-2.593 Y3.001 F7800
;WIDTH:0.449999
G1 F3600
G1 X2.198 Y7.793 A476.16269
G1 X3.027 Y7.774 A476.17746
;WIDTH:0.36146
G1 X3.008 Y7.845 A476.1785
G1 X3.079 Y7.826 A476.17954
G1 X3.068 Y7.785 A476.18014
;WIDTH:0.40573
G1 X2.901 Y7.754 A476.18285
;WIDTH:0.449999
G1 X2.735 Y7.723 A476.18586
G1 X-2.524 Y2.464 A476.31837
G1 X-2.412 Y1.97 A476.32739
G1 X-.449 Y3.933 A476.37685
G1 X-.351 Y4.084 A476.38006
;WIDTH:0.40573
G1 X-.254 Y4.236 A476.38294
;WIDTH:0.36146
G1 X.323 Y4.93 A476.3957
G1 X.78 Y5.327 A476.40426
G1 X.971 Y5.453 A476.40749
;WIDTH:0.449999
G1 X1.274 Y5.657 A476.414
G1 X3.241 Y7.623 A476.46355
G1 X3.693 Y7.469 A476.47206
G1 X1.988 Y5.764 A476.51502
G1 X3.302 Y5.866 F7800
G1 F3600
G1 X3.678 Y5.666 A476.52261
G1 X4.209 Y5.201 A476.53519
G1 X4.568 Y4.711 A476.54601
G1 X4.778 Y4.25 A476.55504
G1 X4.905 Y3.822 A476.56299
G1 X4.962 Y3.284 A476.57263
G1 X5.991 Y4.313 A476.59856
G1 X5.878 Y4.694 A476.60564
G1 X5.664 Y5.206 A476.61553
G1 X5.319 Y5.713 A476.62646
G1 X5.041 Y6.031 A476.63399
G1 X4.612 Y6.428 A476.6444
G1 X4.179 Y6.743 A476.65394
G1 X3.454 Y6.018 A476.67221
G1 X3.96 Y5.955 A476.68129
;WIDTH:0.398573
G1 X4.532 Y5.439 A476.69337
;WIDTH:0.40003
G1 X4.881 Y4.968 A476.7026
;WIDTH:0.404747
G1 X5.066 Y4.609 A476.70904
G1 X5.242 Y4.135 A476.7171
;WIDTH:0.400206
G1 X5.544 Y4.436 A476.72381
G1 X5.5 Y4.551 A476.72575
;WIDTH:0.404436
G1 X5.299 Y5.022 A476.7339
;WIDTH:0.406353
G1 X4.967 Y5.505 A476.74328
G1 X4.618 Y5.899 A476.7517
;WIDTH:0.399316
G1 X4.227 Y6.221 A476.75966
;WIDTH:0.398573
G1 X4.112 Y6.106 A476.76221
G1 A476.46221 F2400
;WIPE_START
G1 F6240
G1 X4.227 Y6.221 A476.40279
G1 X4.618 Y5.899 A476.21771
G1 X4.967 Y5.505 A476.02539
G1 X5.299 Y5.022 A475.81124
G1 X5.5 Y4.551 A475.62413
G1 X5.544 Y4.436 A475.57914
G1 X5.242 Y4.135 A475.42335
G1 X5.089 Y4.548 A475.26221
;WIPE_END
G1 X-.558 Y3.218 F7800
G1 A476.76221 F2400
;WIDTH:0.449999
G1 F3600
G1 X-2.27 Y1.506 A476.80535
G1 X-1.919 Y1.251 A476.81308
G1 X-.5 Y2.67 A476.84883
G1 X-.234 Y1.969 A476.86219
G1 X.162 Y1.441 A476.87395
G1 X.586 Y1.087 A476.88379
G1 X1.086 Y.844 A476.89369
G1 X1.384 Y.736 A476.89934
G1 X1.894 Y.666 A476.90851
G1 X2.19 Y.675 A476.91379
G1 X2.728 Y.774 A476.92354
;WIDTH:0.455464
G1 X3.257 Y.995 A476.93388
;WIDTH:0.456256
G1 X3.3 Y1.02 A476.93478
G1 X2.896 Y.612 A476.94516
;WIDTH:0.449999
G1 X1.096 Y-1.188 A476.99051
G1 X1.096 Y-1.284 A476.99222
G1 X.6 Y-1.159 A477.00133
G1 X.011 Y-.945 A477.0125
G1 X-.478 Y-.641 A477.02276
G1 X-1.014 Y-.255 A477.03453
G1 X-1.424 Y.146 A477.04475
G1 X-1.974 Y.903 A477.06142
G1 X-2.071 Y1.099 A477.06532
G1 X-1.536 Y1.029 A477.07493
G1 X-1.099 Y.427 A477.08818
G1 X-.738 Y.074 A477.09718
G1 X-.111 Y-.378 A477.11095
G1 X.309 Y-.597 A477.11939
G1 X.886 Y-.792 A477.13024
G1 X1.904 Y.233 A477.15598
G1 X1.323 Y.312 A477.16643
G1 X.725 Y.523 A477.17773
G1 X.32 Y.752 A477.18602
G1 X-.16 Y1.158 A477.19722
G1 X-.544 Y1.654 A477.2084
G1 X-.666 Y1.898 A477.21326
G1 X-1.384 Y1.18 A477.23135
G1 X-1.196 Y1.084 A477.23511
;WIDTH:0.42426
G1 X-1.008 Y.987 A477.23865
;WIDTH:0.401247
G1 X-.801 Y.705 A477.24417
G1 X-.465 Y.376 A477.2516
;WIDTH:0.403243
G1 X.25 Y-.121 A477.26542
G1 X.771 Y-.334 A477.27435
;WIDTH:0.403012
G1 X1.042 Y-.031 A477.2808
;WIDTH:0.40629
G1 X.524 Y.166 A477.28967
G1 X.071 Y.44 A477.29814
;WIDTH:0.393367
G1 X-.381 Y.805 A477.30712
;WIDTH:0.398521
G1 X-.742 Y1.252 A477.31613
G1 X-.856 Y1.138 A477.31866
G1 A477.01866 F2400
;WIPE_START
G1 F6240
G1 X-.742 Y1.252 A476.95975
G1 X-.381 Y.805 A476.74981
G1 X.071 Y.44 A476.53753
G1 X.524 Y.166 A476.34409
G1 X1.042 Y-.031 A476.1416
G1 X.771 Y-.334 A475.99307
G1 X.329 Y-.153 A475.81866
;WIPE_END
G1 X3.3 Y1.02 F7800
G1 A477.31866 F2400
;WIDTH:0.456256
G1 F3600
G1 X3.51 Y1.203 A477.3237
;WIDTH:0.418242
G1 X3.72 Y1.386 A477.3283
;WIDTH:0.405415
G1 X3.913 Y1.597 A477.33286
;WIDTH:0.430602
G1 X4.106 Y1.808 A477.33772
;WIDTH:0.432365
G1 X4.128 Y1.837 A477.33834
;WIDTH:0.449999
G1 X6.406 Y4.122 A477.39583
G1 X6.47 Y4.122 A477.39697
G1 X6.278 Y4.846 A477.41032
G1 X6.04 Y5.416 A477.42133
G1 X5.634 Y6.011 A477.43416
G1 X5.174 Y6.525 A477.44645
G1 X4.562 Y7.019 A477.46046
G1 X4.105 Y7.275 A477.46979
G1 X2.518 Y5.689 A477.50976
G1 X2.795 Y5.633 A477.5148
G1 X3.404 Y5.336 A477.52687
G1 X3.863 Y4.948 A477.53758
G1 X4.21 Y4.475 A477.54803
G1 X4.384 Y4.082 A477.55569
G1 X4.495 Y3.684 A477.56305
G1 X4.541 Y3.119 A477.57315
G1 X4.434 Y2.478 A477.58473
G1 X4.22 Y2.031 A477.59356
G1 A477.29356 F2400
;WIPE_START
G1 F6240
G1 X4.434 Y2.478 A477.11248
G1 X4.541 Y3.119 A476.87503
G1 X4.495 Y3.684 A476.6679
G1 X4.384 Y4.082 A476.51693
G1 X4.21 Y4.475 A476.35989
G1 X3.863 Y4.948 A476.14554
G1 X3.754 Y5.04 A476.09356
;WIPE_END
G1 X6.557 Y3.667 F7800
G1 A477.59356 F2400
G1 F3600
G1 X1.551 Y-1.339 A477.71969
G1 X2.131 Y-1.365 A477.73003
G1 X6.583 Y3.087 A477.8422
G1 X6.503 Y2.401 A477.85451
G1 X2.798 Y-1.304 A477.94786
G1 X3.581 Y-1.099 A477.96228
;WIDTH:0.411216
G1 X4.304 Y-.775 A477.97512
G1 X4.757 Y-.475 A477.98392
;WIDTH:0.441443
G1 X5.353 Y.06 A477.9979
G1 X5.644 Y.425 A478.00605
;WIDTH:0.407452
G1 X5.935 Y.789 A478.01353
;WIDTH:0.37346
G1 X6.286 Y1.484 A478.02492
G1 X6.352 Y1.698 A478.0282
G1 X5.66 Y1.006 A478.04252
;WIDTH:0.407452
G1 X5.348 Y.67 A478.04988
;WIDTH:0.441443
G1 X5.036 Y.334 A478.05789
G1 X4.492 Y-.188 A478.07105
;WIDTH:0.411216
G1 X3.733 Y-.948 A478.08845
M106 P142.8
;LAYER_CHANGE
;Z:1.48571
;HEIGHT:0.0857143
G1 A477.78845 F2400
;WIPE_START
G1 F6240
G1 X4.492 Y-.188 A477.39599
G1 X5.036 Y.334 A477.12051
G1 X5.348 Y.67 A476.95297
G1 X5.66 Y1.006 A476.78543
G1 X6.041 Y1.387 A476.58845
;WIPE_END
G1 Z1.486 F7800
G1 X4.316 Y10.923
G1 A478.08845 F2400
;TYPE:Support material
;WIDTH:0.35
;HEIGHT:0.257143
G1 F3600
G1 X4.271 Y23.953 A478.49913
G1 X4.057 Y28.018 A478.62743
G1 X4.247 Y28.781 A478.65221
G1 X4.213 Y40.098 A479.0089
G1 X3.98 Y47.721 A479.24927
G1 X4.173 Y48.458 A479.27328
G1 X4.155 Y56.242 A479.51862
G1 X3.906 Y66.679 A479.84767
G1 X4.106 Y67.421 A479.87189
G1 X4.097 Y72.385 A480.02835
G1 X4.083 Y73.039 A480.04897
G1 X3.226 Y73.039 A480.07598
G1 X3.25 Y65.022 A480.32866
G1 X3.029 Y64.26 A480.35367
G1 X3.065 Y53.037 A480.7074
G1 X2.843 Y52.28 A480.73226
G1 X2.895 Y23.69 A481.63336
G1 X2.672 Y22.928 A481.65838
G1 X2.679 Y9.803 A482.07206
G1 X3.553 Y9.652 A482.10001
G1 X4.323 Y9.407 A482.12548
G1 X4.317 Y10.879 A482.17188
G1 X4.178 Y12.058 F7800
G1 F3600
G1 X2.959 Y12.058 A482.2103
G1 X2.956 Y14.887 A482.29946
G1 X4.02 Y14.887 A482.333
G1 X4.009 Y17.715 A482.42213
G1 X2.954 Y17.715 A482.45538
G1 X2.952 Y20.544 A482.54454
G1 X4 Y20.544 A482.57757
G1 X3.99 Y23.372 A482.6667
G1 X3.12 Y23.372 A482.69412
G1 X3.177 Y23.663 A482.70347
G1 X3.172 Y26.201 A482.78346
G1 X3.87 Y26.201 A482.80546
G1 X3.774 Y28.032 A482.86325
G1 X3.964 Y28.832 A482.88917
G1 X3.963 Y29.029 A482.89538
G1 X3.166 Y29.029 A482.9205
G1 X3.16 Y31.858 A483.00967
G1 X3.955 Y31.858 A483.03473
G1 X3.946 Y34.686 A483.12386
G1 X3.155 Y34.686 A483.14879
G1 X3.151 Y37.515 A483.23795
G1 X3.937 Y37.515 A483.26272
G1 X3.921 Y40.343 A483.35185
G1 X3.144 Y40.343 A483.37634
G1 X3.14 Y43.172 A483.4655
G1 X3.816 Y43.172 A483.48681
G1 X3.75 Y46.001 A483.576
G1 X3.137 Y46.001 A483.59532
G1 X3.13 Y48.829 A483.68445
G1 X3.89 Y48.829 A483.7084
G1 X3.883 Y51.658 A483.79757
G1 X3.126 Y51.658 A483.82143
G1 X3.126 Y52.224 A483.83927
G1 X3.348 Y53.01 A483.86501
G1 X3.346 Y54.486 A483.91153
G1 X3.877 Y54.486 A483.92827
G1 X3.845 Y57.315 A484.01744
G1 X3.338 Y57.315 A484.03342
G1 X3.327 Y60.143 A484.12255
G1 X3.772 Y60.143 A484.13658
G1 X3.707 Y62.972 A484.22577
G1 X3.316 Y62.972 A484.23809
G1 X3.312 Y64.205 A484.27695
G1 X3.532 Y64.995 A484.3028
G1 X3.528 Y65.8 A484.32817
G1 X3.644 Y65.8 A484.33183
G1 X3.623 Y66.701 A484.36024
G1 X3.823 Y67.474 A484.38541
G1 X3.821 Y68.629 A484.42181
G1 X3.518 Y68.629 A484.43136
G1 X3.508 Y71.457 A484.52049
G1 X3.964 Y71.457 A484.53486
G1 A484.23486 F2400
;WIPE_START
G1 F6240
G1 X3.508 Y71.457 A484.06824
G1 X3.518 Y68.629 A483.03486
;WIPE_END
G1 X-3.967 Y6.401 F7800
G1 A484.53486 F2400
G1 F3600
G1 X-4.681 Y6.401 A484.55736
G1 X-13.412 Y9.229 A484.84662
G1 X-9.976 Y9.229 A484.95492
G1 X-17.106 Y11.519 A485.19095
G1 X-19.117 Y12.058 A485.25657
G1 X-21.422 Y12.058 A485.32922
G1 X-30.178 Y14.887 A485.61924
G1 X-27.61 Y14.887 A485.70018
G1 X-32.482 Y16.454 A485.86148
G1 X-36.842 Y17.715 A486.00453
G1 X-38.934 Y17.715 A486.07047
G1 X-44.269 Y19.438 A486.24717
G1 X-44.947 Y19.891 A486.27287
G1 X-46.963 Y20.544 A486.33966
G1 X-45.236 Y20.544 A486.39409
G1 X-54.508 Y23.372 A486.69962
G1 X-55.673 Y23.372 A486.73634
G1 X-56.291 Y23.772 A486.75954
G1 X-63.679 Y26.147 A487.00413
G1 X-63.661 Y26.201 A487.00592
G1 X-62.369 Y26.201 A487.04664
G1 X-4.037 Y5.958 F7800
G1 F3600
G1 X-3.177 Y7.345 A487.09808
G1 X-17.028 Y11.79 A487.55657
G1 X-20.959 Y12.844 A487.68484
G1 X-21.627 Y13.26 A487.70964
G1 X-32.4 Y16.724 A488.06631
G1 X-39.723 Y18.859 A488.30673
G1 X-40.363 Y19.27 A488.3307
G1 X-47.772 Y21.658 A488.57605
G1 X-57.775 Y24.646 A488.90509
G1 X-58.419 Y25.066 A488.92932
G1 X-63.769 Y26.78 A489.10638
G1 X-64.034 Y25.966 A489.13336
G1 X-56.404 Y23.511 A489.38599
G1 X-55.748 Y23.066 A489.41097
G1 X-45.06 Y19.631 A489.76481
G1 X-44.409 Y19.187 A489.78965
G1 X-17.203 Y10.4 A490.69075
G1 X-16.547 Y9.953 A490.71577
G1 X-4.053 Y5.917 A491.12959
G1 A490.82959 F2400
;WIPE_START
G1 F6240
G1 X-7.178 Y6.927 A489.62959
;WIPE_END
G1 X-2.873 Y-2.085 F7800
G1 A491.12959 F2400
G1 F3600
G1 X-4.382 Y-2.085 A491.17715
G1 X-6.422 Y-4.913 A491.28705
G1 X-5.107 Y-4.913 A491.3285
G1 X-7.158 Y-7.742 A491.43863
G1 X-8.46 Y-7.742 A491.47967
G1 X-10.501 Y-10.57 A491.58959
G1 X-9.211 Y-10.57 A491.63025
G1 X-10.342 Y-12.124 A491.69083
G1 X-10.987 Y-12.633 A491.71673
G1 X-11.54 Y-13.399 A491.74651
G1 X-12.468 Y-13.399 A491.77576
G1 X-14.038 Y-15.816 A491.8666
G1 X-14.473 Y-16.227 A491.88546
G1 X-13.587 Y-16.227 A491.91339
G1 X-15.634 Y-19.056 A492.02345
G1 X-16.614 Y-19.056 A492.05434
G1 X-18.656 Y-21.884 A492.16428
G1 X-17.681 Y-21.884 A492.19501
G1 X-19.729 Y-24.713 A492.30509
G1 X-20.699 Y-24.713 A492.33566
G1 X-22.636 Y-27.542 A492.44372
G1 X-21.775 Y-27.542 A492.47086
G1 X-23.825 Y-30.37 A492.58095
G1 X-24.582 Y-30.37 A492.60481
G1 X-25.56 Y-31.806 A492.65957
G1 X-26.169 Y-32.314 A492.68457
G1 X-26.808 Y-33.199 A492.71897
G1 X-25.871 Y-33.199 A492.7485
G1 X-27.733 Y-35.769 A492.84853
G1 X-28.108 Y-36.027 A492.86288
G1 X-28.853 Y-36.027 A492.88636
G1 X-30.888 Y-38.856 A492.9962
G1 X-30.244 Y-38.856 A493.0165
G1 X-32.282 Y-41.684 A493.12637
G1 X-32.834 Y-41.684 A493.14377
G1 X-34.795 Y-44.513 A493.25226
G1 X-34.321 Y-44.513 A493.2672
G1 X-34.926 Y-45.353 A493.29983
G1 X-35.569 Y-45.862 A493.32568
G1 X-36.634 Y-47.341 A493.38312
G1 X-36.803 Y-47.341 A493.38845
G1 X-37.261 Y-47.696 A493.40671
G1 X-39.052 Y-50.17 A493.50297
G1 X-38.49 Y-50.17 A493.52068
G1 X-39.09 Y-51.231 F7800
G1 F3600
G1 X-35.356 Y-46.049 A493.72199
G1 X-34.73 Y-45.563 A493.74697
G1 X-28.162 Y-36.461 A494.10074
G1 X-27.538 Y-35.98 A494.12557
G1 X-10.774 Y-12.82 A495.02669
G1 X-10.146 Y-12.335 A495.0517
G1 X-2.435 Y-1.709 A495.4655
G1 X-2.973 Y-1.172 A495.48946
G1 X-3.537 Y-.429 A495.51886
G1 X-12.042 Y-12.224 A495.97718
G1 X-14.258 Y-15.638 A496.10546
G1 X-14.86 Y-16.144 A496.13025
G1 X-21.485 Y-25.319 A496.48694
G1 X-25.777 Y-31.624 A496.72734
G1 X-26.366 Y-32.106 A496.75133
G1 X-30.927 Y-38.414 A496.99667
G1 X-36.86 Y-47.005 A497.32574
G1 X-37.458 Y-47.487 A497.34995
G1 X-40.742 Y-52.046 A497.52704
G1 X-40.049 Y-52.549 A497.55403
G1 X-39.116 Y-51.266 A497.60403
G1 A497.30403 F2400
;WIPE_START
G1 F6240
G1 X-40.049 Y-52.549 A496.72439
G1 X-40.742 Y-52.046 A496.41151
G1 X-40.25 Y-51.363 A496.10403
;WIPE_END
G1 X6.884 Y-4.913 F7800
G1 A497.60403 F2400
G1 F3600
G1 X5.376 Y-4.913 A497.65156
G1 X7.446 Y-7.742 A497.76205
G1 X8.761 Y-7.742 A497.8035
G1 X10.819 Y-10.57 A497.91374
G1 X9.517 Y-10.57 A497.95478
G1 X11.587 Y-13.399 A498.06527
G1 X12.802 Y-13.399 A498.10356
G1 X13.052 Y-14.025 A498.12481
G1 X14.658 Y-16.227 A498.21071
G1 X13.774 Y-16.227 A498.23857
G1 X15.137 Y-17.911 A498.30685
G1 X15.454 Y-18.67 A498.33277
G1 X15.736 Y-19.056 A498.34784
G1 X16.722 Y-19.056 A498.37892
G1 X18.787 Y-21.884 A498.48929
G1 X17.805 Y-21.884 A498.52024
G1 X19.872 Y-24.713 A498.63067
G1 X20.848 Y-24.713 A498.66143
G1 X22.913 Y-27.542 A498.77182
G1 X21.94 Y-27.542 A498.80249
G1 X24.147 Y-30.37 A498.91555
G1 X24.973 Y-30.37 A498.94158
G1 X27.035 Y-33.199 A499.05192
G1 X26.31 Y-33.199 A499.07477
G1 X26.784 Y-33.811 A499.09917
G1 X27.079 Y-34.547 A499.12416
G1 X28.161 Y-36.027 A499.18194
G1 X29.098 Y-36.027 A499.21147
G1 X29.881 Y-37.102 A499.25339
G1 X30.164 Y-37.868 A499.27913
G1 X30.883 Y-38.856 A499.31764
G1 X30.226 Y-38.856 A499.33835
G1 X32.323 Y-41.684 A499.44931
G1 X32.95 Y-41.684 A499.46907
G1 X35.022 Y-44.513 A499.57959
G1 X34.493 Y-44.513 A499.59626
G1 X36.641 Y-47.341 A499.70819
G1 X36.905 Y-47.341 A499.71651
G1 X37.06 Y-47.674 A499.72809
G1 X38.889 Y-50.17 A499.82562
G1 X38.514 Y-50.17 A499.83744
G1 X40.577 Y-52.998 A499.94777
G1 X41.142 Y-52.998 A499.96558
G1 X41.372 Y-54.482 F7800
G1 F3600
G1 X42.035 Y-54.001 A499.9914
G1 X37.304 Y-47.529 A500.24407
G1 X37.035 Y-46.784 A500.26903
G1 X30.408 Y-37.724 A500.62282
G1 X30.143 Y-36.981 A500.64768
G1 X13.296 Y-13.881 A501.54881
G1 X13.029 Y-13.134 A501.57381
G1 X5.309 Y-2.52 A501.98747
G1 X4.526 Y-2.902 A502.01493
G1 X3.743 Y-3.162 A502.04093
G1 X12.338 Y-14.903 A502.49954
G1 X14.899 Y-18.066 A502.62781
G1 X15.195 Y-18.795 A502.65261
G1 X21.874 Y-27.93 A503.00928
G1 X26.544 Y-33.961 A503.24969
G1 X26.82 Y-34.67 A503.27367
G1 X31.41 Y-40.957 A503.51901
G1 X37.747 Y-49.255 A503.84809
G1 X38.021 Y-49.972 A503.87228
G1 X41.338 Y-54.499 A504.04916
G1 A503.74916 F2400
;WIPE_START
G1 F6240
G1 X39.397 Y-51.85 A502.54916
;WIPE_END
G1 X10.051 Y3.389 F7800
G1 A504.04916 F2400
G1 F3600
G1 X22.419 Y7.456 A504.45951
G1 X26.219 Y8.915 A504.5878
G1 X27.004 Y8.97 A504.6126
G1 X37.756 Y12.5 A504.96928
G1 X44.935 Y15.077 A505.20969
G1 X45.694 Y15.121 A505.23365
G1 X53.092 Y17.543 A505.479
G1 X62.942 Y21.006 A505.80808
G1 X63.709 Y21.045 A505.83229
G1 X68.427 Y22.587 A505.98873
G1 X69.045 Y22.803 A506.00936
G1 X68.781 Y23.617 A506.03633
G1 X61.165 Y21.118 A506.28896
G1 X60.373 Y21.093 A506.31393
G1 X49.708 Y17.59 A506.66774
G1 X48.92 Y17.567 A506.69259
G1 X21.744 Y8.683 A507.59373
G1 X20.951 Y8.659 A507.61874
G1 X8.466 Y4.596 A508.03256
G1 X8.578 Y3.923 A508.05406
G1 X8.607 Y2.912 A508.08594
G1 X10.009 Y3.375 A508.13248
G1 X10.179 Y3.572 F7800
G1 F3600
G1 X8.876 Y3.572 A508.17355
G1 X8.79 Y4.405 A508.19994
G1 X14.916 Y6.401 A508.40301
G1 X18.306 Y6.401 A508.50986
G1 X22.324 Y7.721 A508.64316
G1 X26.4 Y9.229 A508.78014
G1 X24.323 Y9.229 A508.8456
G1 X32.971 Y12.058 A509.13238
G1 X35.503 Y12.058 A509.21218
G1 X43.569 Y14.887 A509.48159
G1 X41.627 Y14.887 A509.5428
G1 X48.954 Y17.281 A509.78575
G1 X49.769 Y17.313 A509.81146
G1 X51.003 Y17.715 A509.85237
G1 X52.71 Y17.715 A509.90617
G1 X60.775 Y20.544 A510.17555
G1 X59.135 Y20.544 A510.22724
;LAYER_CHANGE
;Z:1.5
;HEIGHT:0.0142857
G1 A509.92724 F2400
;WIPE_START
G1 F6240
G1 X60.775 Y20.544 A509.32801
G1 X59.223 Y20 A508.72724
;WIPE_END
G1 Z1.5 F7800
G1 X-.233 Y3.215
G1 A510.22724 F2400
;TYPE:Perimeter
;WIDTH:0.449999
;HEIGHT:0.1
G1 F900
G1 X-.239 Y3.152 A510.22837
G1 X-.154 Y2.6 A510.23832
G1 X.062 Y2.092 A510.24816
G1 X.375 Y1.676 A510.25744
G1 X.813 Y1.321 A510.26748
G1 X1.281 Y1.103 A510.27668
G1 X1.852 Y.991 A510.28705
G1 X2.429 Y1.031 A510.29735
G1 X2.982 Y1.219 A510.30776
G1 X3.465 Y1.544 A510.31813
G1 X3.847 Y1.982 A510.32848
G1 X4.103 Y2.504 A510.33884
G1 X4.215 Y3.075 A510.34921
G1 X4.175 Y3.655 A510.35957
G1 X3.987 Y4.205 A510.36993
G1 X3.662 Y4.687 A510.38029
G1 X3.224 Y5.07 A510.39066
G1 X2.702 Y5.326 A510.40102
G1 X2.16 Y5.434 A510.41087
G1 X1.852 Y5.437 A510.41636
G1 X1.323 Y5.342 A510.42594
G1 X.781 Y5.086 A510.43662
G1 X.519 Y4.885 A510.4425
G1 X.176 Y4.499 A510.4517
G1 X-.003 Y4.205 A510.45783
G1 X-.192 Y3.655 A510.46819
G1 X-.227 Y3.275 A510.47499
G1 X.201 Y3.215 F7800
G1 F900
G1 X.193 Y3.133 A510.47646
G1 X.277 Y2.668 A510.48488
G1 X.476 Y2.243 A510.49324
G1 X.78 Y1.884 A510.50162
G1 X1.165 Y1.615 A510.50999
G1 X1.607 Y1.456 A510.51836
G1 X2.076 Y1.416 A510.52675
G1 X2.538 Y1.499 A510.53511
G1 X2.963 Y1.699 A510.54348
G1 X3.322 Y2.002 A510.55185
G1 X3.591 Y2.388 A510.56023
G1 X3.75 Y2.83 A510.5686
G1 X3.79 Y3.298 A510.57697
G1 X3.707 Y3.761 A510.58535
G1 X3.507 Y4.186 A510.59372
G1 X3.204 Y4.545 A510.60209
G1 X2.783 Y4.828 A510.61113
G1 X2.376 Y4.973 A510.61883
G1 X1.908 Y5.013 A510.6272
G1 X1.445 Y4.93 A510.63558
G1 X1.02 Y4.73 A510.64395
G1 X.78 Y4.545 A510.64935
G1 X.443 Y4.139 A510.65875
G1 X.246 Y3.67 A510.66781
G1 X.207 Y3.274 A510.6749
G1 X.621 Y3.215 F7800
;TYPE:External perimeter
G1 F900
G1 X.618 Y3.186 A510.67542
G1 X.672 Y2.832 A510.6818
G1 X.816 Y2.504 A510.68818
G1 X1.04 Y2.224 A510.69457
G1 X1.329 Y2.011 A510.70097
G1 X1.663 Y1.881 A510.70736
G1 X2.02 Y1.841 A510.71376
G1 X2.374 Y1.895 A510.72014
G1 X2.775 Y2.094 A510.72812
G1 X2.982 Y2.263 A510.73288
G1 X3.195 Y2.552 A510.73928
G1 X3.325 Y2.886 A510.74567
G1 X3.357 Y3.299 A510.75305
G1 X3.311 Y3.597 A510.75842
G1 X3.167 Y3.925 A510.7648
G1 X2.943 Y4.205 A510.77119
G1 X2.619 Y4.432 A510.77824
G1 X2.32 Y4.548 A510.78395
G1 X1.964 Y4.588 A510.79033
G1 X1.609 Y4.534 A510.79673
G1 X1.281 Y4.39 A510.80311
G1 X1.04 Y4.205 A510.80852
G1 X.788 Y3.877 A510.81589
G1 X.646 Y3.451 A510.82389
G1 X.628 Y3.274 A510.82706
G1 A510.52706 F2400
;WIPE_START
G1 F6240
G1 X.621 Y3.215 A510.50535
G1 X.618 Y3.186 A510.4947
G1 X.672 Y2.832 A510.36386
G1 X.816 Y2.504 A510.23297
G1 X1.04 Y2.224 A510.10195
G1 X1.329 Y2.011 A509.97077
G1 X1.663 Y1.881 A509.83981
G1 X2.02 Y1.841 A509.70855
G1 X2.374 Y1.895 A509.57771
G1 X2.775 Y2.094 A509.41414
G1 X2.96 Y2.245 A509.32706
;WIPE_END
G1 X67.97 Y25.832 F7800
G1 A510.82706 F2400
;WIDTH:0.523522
G1 F2880
G1 X37.651 Y15.906 A511.49297
;WIDTH:0.488676
G1 X7.333 Y5.981 A512.11264
;WIDTH:0.463336
G1 X7.273 Y5.956 A512.11383
G1 A511.81383 F2400
;WIPE_START
G1 F6240
G1 X7.333 Y5.981 A511.79008
G1 X10.392 Y6.983 A510.61383
;WIPE_END
G1 X.869 Y72.952 F7800
G1 A512.11383 F2400
;WIDTH:0.523526
G1 F2880
G1 X.94 Y41.051 A512.77972
;WIDTH:0.488677
G1 X1.011 Y9.149 A513.39941
;WIDTH:0.463112
G1 X1.016 Y9.085 A513.40059
G1 A513.10059 F2400
;WIPE_START
G1 F6240
G1 X1.011 Y9.149 A513.07713
G1 X1.004 Y12.369 A511.90059
;WIPE_END
G1 X-64.68 Y23.697 F7800
G1 A513.40059 F2400
;WIDTH:0.523524
G1 F2880
G1 X-34.318 Y13.907 A514.06648
;WIDTH:0.488678
G1 X-3.956 Y4.116 A514.68616
;WIDTH:0.463056
G1 X-3.894 Y4.101 A514.68733
G1 A514.38733 F2400
;WIPE_START
G1 F6240
G1 X-3.956 Y4.116 A514.36402
G1 X-7.021 Y5.104 A513.18733
;WIPE_END
G1 X-38.091 Y-53.864 F7800
G1 A514.68733 F2400
;WIDTH:0.52343
G1 F2880
G1 X-20.322 Y-29.282 A515.32034
;WIDTH:0.478771
G1 X-2.553 Y-4.7 A515.89703
;WIDTH:0.45339
G1 X-.704 Y-2.163 A515.9534
;WIDTH:0.46416
G1 X-.668 Y-2.106 A515.95464
G1 A515.65464 F2400
;WIPE_START
G1 F6240
G1 X-.704 Y-2.163 A515.63001
G1 X-2.553 Y-4.7 A514.48296
G1 X-2.598 Y-4.763 A514.45464
;WIPE_END
G1 X43.89 Y-52.545 F7800
G1 A515.95464 F2400
;WIDTH:0.523524
G1 F2880
G1 X25.082 Y-26.778 A516.62052
;WIDTH:0.488678
G1 X6.273 Y-1.011 A517.2402
;WIDTH:0.45711
G1 X6.249 Y-.981 A517.2409
G1 X5.372 Y-.345 F7800
;TYPE:Perimeter
;WIDTH:0.449999
G1 F900
G1 X5.554 Y-.187 A517.24519
G1 X6.178 Y.642 A517.26368
G1 X6.5 Y1.28 A517.27641
G1 X6.685 Y1.82 A517.28658
G1 X6.83 Y2.409 A517.29739
G1 X6.906 Y3.09 A517.3096
G1 X6.876 Y3.758 A517.32151
G1 X6.697 Y4.594 A517.33674
G1 X6.583 Y4.934 A517.34313
G1 X6.313 Y5.572 A517.35547
G1 X5.891 Y6.206 A517.36904
G1 X5.395 Y6.759 A517.38228
G1 X4.743 Y7.286 A517.39722
G1 X4.027 Y7.688 A517.41185
G1 X3.438 Y7.907 A517.42305
G1 X2.906 Y8.034 A517.43279
G1 X2.349 Y8.11 A517.44281
G1 X1.711 Y8.111 A517.45418
G1 X1.15 Y8.074 A517.4642
G1 X.659 Y7.946 A517.47324
G1 X-.027 Y7.695 A517.48625
G1 X-.76 Y7.286 A517.50121
G1 X-1.408 Y6.762 A517.51606
G1 X-1.969 Y6.125 A517.53118
G1 X-2.312 Y5.583 A517.54261
G1 X-2.579 Y4.966 A517.55459
G1 X-2.762 Y4.416 A517.56492
G1 X-2.891 Y3.856 A517.57516
G1 X-2.919 Y3.011 A517.59022
G1 X-2.812 Y2.179 A517.60517
G1 X-2.566 Y1.377 A517.62012
G1 X-2.25 Y.733 A517.6329
G1 X-1.867 Y.181 A517.64487
G1 X-1.442 Y-.29 A517.65617
G1 X-1.022 Y-.66 A517.66614
G1 X-.569 Y-.978 A517.676
G1 X-.112 Y-1.234 A517.68533
G1 X.53 Y-1.476 A517.69755
G1 X1.153 Y-1.628 A517.70898
G1 X1.992 Y-1.7 A517.72398
G1 X2.826 Y-1.629 A517.73889
G1 X3.549 Y-1.446 A517.75218
G1 X4.179 Y-1.183 A517.76434
G1 X4.63 Y-.922 A517.77362
G1 X5.145 Y-.541 A517.78503
G1 X5.327 Y-.384 A517.78931
G1 X5.854 Y-.568 F7800
G1 F900
G1 X5.896 Y-.445 A517.79163
G1 X6.543 Y.415 A517.8108
G1 X6.883 Y1.087 A517.82422
G1 X7.095 Y1.694 A517.83568
G1 X7.254 Y2.348 A517.84767
G1 X7.335 Y3.086 A517.8609
G1 X7.302 Y3.812 A517.87385
G1 X7.117 Y4.684 A517.88973
G1 X6.774 Y5.632 A517.90769
G1 X6.809 Y5.724 A517.90944
G1 X6.714 Y5.75 A517.91119
G1 X6.23 Y6.469 A517.92663
G1 X5.692 Y7.071 A517.94101
G1 X5.1 Y7.549 A517.95457
G1 X4.61 Y7.852 A517.96483
G1 X4.079 Y8.126 A517.97548
G1 X3.434 Y8.358 A517.98769
G1 X2.897 Y8.47 A517.99746
G1 X2.363 Y8.539 A518.00705
G1 X1.101 Y8.52 A518.02954
G1 X.533 Y8.357 A518.04007
G1 X-.206 Y8.086 A518.05409
G1 X-1.001 Y7.642 A518.07031
G1 X-1.706 Y7.073 A518.08645
G1 X-2.313 Y6.382 A518.10284
G1 X-2.617 Y5.901 A518.11298
G1 X-2.852 Y5.414 A518.12261
G1 X-3.131 Y4.709 A518.13612
G1 X-3.303 Y4.057 A518.14813
G1 X-3.373 Y4.014 A518.14959
G1 X-3.321 Y3.949 A518.15107
G1 X-3.319 Y3.87 A518.15248
G1 X-3.348 Y2.991 A518.16815
G1 X-3.232 Y2.089 A518.18435
G1 X-2.966 Y1.219 A518.20056
G1 X-2.62 Y.516 A518.21452
G1 X-2.268 Y.008 A518.22553
G1 X-1.924 Y-.396 A518.23498
G1 X-1.462 Y-.844 A518.24645
G1 X-.924 Y-1.256 A518.25852
G1 X-.464 Y-1.545 A518.2682
G1 X-.434 Y-1.651 A518.27016
G1 X-.33 Y-1.614 A518.27213
G1 X.403 Y-1.886 A518.28606
G1 X1.084 Y-2.052 A518.29855
G1 X1.992 Y-2.13 A518.31479
G1 X2.897 Y-2.053 A518.33097
G1 X3.685 Y-1.854 A518.34545
G1 X4.184 Y-1.645 A518.35509
G1 X4.718 Y-1.377 A518.36574
G1 X5.26 Y-1.005 A518.37745
G1 X5.721 Y-.618 A518.38817
G1 X5.802 Y-.592 A518.38969
G1 X6.239 Y-.706 F7800
;TYPE:External perimeter
;WIDTH:0.456648
G1 F900
G1 X6.239 Y-.703 A518.38974
;WIDTH:0.449999
G1 X6.909 Y.188 A518.4096
G1 X7.349 Y1.062 A518.42703
G1 X7.587 Y1.837 A518.44147
G1 X7.678 Y2.288 A518.44967
G1 X7.764 Y3.083 A518.46392
G1 X7.729 Y3.867 A518.4779
G1 X7.497 Y4.956 A518.49774
G1 X7.201 Y5.696 A518.51194
;WIDTH:0.463336
G1 X7.273 Y5.956 A518.5169
G1 X7.026 Y6.047 A518.52174
;WIDTH:0.449999
G1 X6.57 Y6.732 A518.5364
G1 X5.988 Y7.383 A518.55196
G1 X5.225 Y7.999 A518.56943
G1 X4.538 Y8.384 A518.58346
G1 X3.979 Y8.62 A518.59427
G1 X3.498 Y8.784 A518.60332
G1 X2.967 Y8.893 A518.61298
G1 X2.377 Y8.967 A518.62357
G1 X1.757 Y8.974 A518.63462
G1 X1.232 Y8.935 A518.644
;WIDTH:0.463112
G1 X1.016 Y9.085 A518.64883
G1 X.899 Y8.897 A518.6529
;WIDTH:0.449999
G1 X.407 Y8.767 A518.66197
G1 X-.386 Y8.477 A518.67701
G1 X-1.242 Y7.998 A518.69449
G1 X-2.004 Y7.383 A518.71194
G1 X-2.657 Y6.64 A518.72956
G1 X-3.072 Y5.985 A518.74338
G1 X-3.503 Y4.988 A518.76273
G1 X-3.681 Y4.27 A518.77591
;WIDTH:0.463056
G1 X-3.894 Y4.101 A518.7809
G1 X-3.747 Y3.884 A518.78571
;WIDTH:0.449999
G1 X-3.777 Y2.97 A518.802
G1 X-3.653 Y1.998 A518.81946
G1 X-3.366 Y1.06 A518.83694
G1 X-2.991 Y.298 A518.85207
G1 X-2.54 Y-.352 A518.86617
G1 X-2.131 Y-.807 A518.87707
G1 X-1.745 Y-1.165 A518.88645
G1 X-1.286 Y-1.529 A518.89689
G1 X-.777 Y-1.848 A518.90759
;WIDTH:0.46416
G1 X-.668 Y-2.106 A518.91274
G1 X-.414 Y-2.036 A518.91759
;WIDTH:0.449999
G1 X.276 Y-2.296 A518.93073
G1 X1.014 Y-2.477 A518.94427
G1 X1.992 Y-2.56 A518.96176
G1 X2.968 Y-2.477 A518.97921
G1 X3.821 Y-2.262 A518.99488
G1 X4.349 Y-2.041 A519.00508
G1 X4.852 Y-1.802 A519.015
G1 X5.435 Y-1.419 A519.02743
G1 X5.96 Y-.974 A519.03969
;WIDTH:0.456648
G1 X6.232 Y-.962 A519.04462
G1 X6.237 Y-.766 A519.04817
G1 A518.74817 F2400
;WIPE_START
G1 F6240
G1 X6.239 Y-.706 A518.72623
G1 X6.239 Y-.703 A518.72513
G1 X6.909 Y.188 A518.3178
G1 X7.349 Y1.062 A517.96027
G1 X7.587 Y1.837 A517.66404
G1 X7.65 Y2.148 A517.54817
;WIPE_END
G1 X-.838 Y-.563 F7800
G1 A519.04817 F2400
;TYPE:Solid infill
;WIDTH:0.36146
G1 F3600
G1 X-1.291 Y-.138 A519.05695
G1 X-1.711 Y.304 A519.06557
G1 X-2.245 Y1.386 F7800
G1 F3600
G1 X-2.316 Y1.367 A519.06661
G1 X-2.297 Y1.438 A519.06765
G1 X-2.256 Y1.427 A519.06825
;WIDTH:0.40573
G1 X-2.162 Y1.261 A519.0713
;WIDTH:0.449999
G1 X-2.069 Y1.094 A519.07471
G1 X-.064 Y-.911 A519.12523
G1 X.856 Y-1.225 F7800
G1 F3600
G1 X-2.444 Y2.075 A519.20838
G1 X-2.55 Y2.161 A519.21081
;WIDTH:0.40573
G1 X-2.656 Y2.246 A519.21298
;WIDTH:0.36146
G1 X-2.699 Y2.539 A519.21717
;WIDTH:0.449999
G1 X-2.568 Y2.806 A519.22247
G1 X1.579 Y-1.342 A519.32697
G1 X1.493 Y-1.417 A519.329
;WIDTH:0.40573
G1 X1.406 Y-1.492 A519.33084
;WIDTH:0.36146
G1 X1.026 Y-1.433 A519.33628
G1 X2.202 Y-1.359 F7800
;WIDTH:0.449999
G1 F3600
G1 X-2.585 Y3.428 A519.4569
G1 X-2.584 Y4.284 A519.47215
;WIDTH:0.36146
G1 X-2.655 Y4.265 A519.47319
G1 X-2.636 Y4.336 A519.47423
G1 X-2.595 Y4.325 A519.47483
;WIDTH:0.40573
G1 X-2.569 Y4.159 A519.47751
;WIDTH:0.449999
G1 X-2.543 Y3.992 A519.48052
G1 X2.761 Y-1.312 A519.61416
G1 X3.247 Y-1.191 A519.62308
G1 X1.289 Y.767 A519.67241
G1 X1.137 Y.865 A519.67563
;WIDTH:0.40573
G1 X.985 Y.964 A519.67853
;WIDTH:0.36146
G1 X.362 Y1.465 A519.68983
G1 X-.1 Y1.981 A519.69962
G1 X-.252 Y2.208 A519.70348
;WIDTH:0.449999
G1 X-.456 Y2.511 A519.70999
G1 X-2.418 Y4.474 A519.75944
G1 X-2.252 Y4.913 A519.7678
G1 X-.558 Y3.219 A519.81048
G1 X-.67 Y4.544 F7800
G1 F3600
G1 X-.442 Y4.924 A519.81838
G1 X-.02 Y5.409 A519.82983
G1 X.453 Y5.763 A519.84036
G1 X.775 Y5.922 A519.84676
G1 X1.371 Y6.125 A519.85798
G1 X1.928 Y6.188 A519.86797
G1 X.882 Y7.229 A519.89426
G1 X.287 Y7.011 A519.90555
G1 X-.339 Y6.662 A519.91832
G1 X-.848 Y6.251 A519.92998
G1 X-1.203 Y5.859 A519.9394
G1 X-1.535 Y5.408 A519.94938
G1 X-.822 Y4.695 A519.96735
G1 X-.746 Y5.189 A519.97625
;WIDTH:0.398338
G1 X-.29 Y5.707 A519.98706
;WIDTH:0.403467
G1 X.111 Y6.013 A519.99507
G1 X.612 Y6.294 A520.00419
;WIDTH:0.402922
G1 X1.084 Y6.463 A520.01214
;WIDTH:0.396384
G1 X.783 Y6.765 A520.01879
;WIDTH:0.402922
G1 X.443 Y6.635 A520.02456
;WIDTH:0.403467
G1 X-.123 Y6.315 A520.03489
G1 X-.619 Y5.916 A520.045
;WIDTH:0.398338
G1 X-1.018 Y5.461 A520.05448
G1 X-.897 Y5.34 A520.05716
G1 A519.75716 F2400
;WIPE_START
G1 F6240
G1 X-1.018 Y5.461 A519.69464
G1 X-.619 Y5.916 A519.47352
G1 X-.123 Y6.315 A519.24093
G1 X.443 Y6.635 A519.00336
G1 X.783 Y6.765 A518.87036
G1 X1.084 Y6.463 A518.71457
G1 X.679 Y6.317 A518.55716
;WIPE_END
G1 X1.996 Y.666 F7800
G1 A520.05716 F2400
;WIDTH:0.449999
G1 F3600
G1 X3.697 Y-1.036 A520.10003
G1 X3.963 Y-.696 A520.10772
G1 X2.528 Y.74 A520.14389
G1 X2.791 Y.794 A520.14867
G1 X3.307 Y1.029 A520.15877
G1 X3.788 Y1.403 A520.16963
G1 X4.107 Y1.793 A520.17861
G1 X4.362 Y2.325 A520.18912
G1 X4.451 Y2.537 A520.19322
G1 X4.541 Y3.123 A520.20378
G1 X4.495 Y3.684 A520.21381
G1 X4.4 Y4.047 A520.2205
G1 X4.171 Y4.537 A520.23014
;WIDTH:0.446604
G1 X4.14 Y4.585 A520.23115
;WIDTH:0.449999
G1 X6.405 Y2.317 A520.28826
G1 X6.485 Y2.271 A520.2899
G1 X6.299 Y1.654 A520.30138
G1 X5.967 Y.936 A520.31547
G1 X5.436 Y.188 A520.33181
G1 X5.196 Y-.085 A520.33829
G1 X4.729 Y-.473 A520.34911
G1 X4.263 Y-.779 A520.35904
G1 X4.115 Y-.847 A520.36194
G1 X4.189 Y-.315 A520.37151
G1 X4.474 Y-.128 A520.37758
G1 X4.977 Y.29 A520.38923
G1 X5.538 Y1.039 A520.4059
G1 X5.83 Y1.617 A520.41744
G1 X5.994 Y2.122 A520.4269
G1 X4.967 Y3.149 A520.45278
G1 X4.875 Y2.472 A520.46495
G1 X4.75 Y2.143 A520.47122
G1 X4.438 Y1.52 A520.48363
G1 X4.055 Y1.067 A520.4942
G1 X3.618 Y.72 A520.50414
G1 X3.313 Y.561 A520.51027
G1 X4.037 Y-.163 A520.52851
G1 X4.241 Y.206 A520.53602
;WIDTH:0.403193
G1 X4.771 Y.687 A520.54738
;WIDTH:0.400361
G1 X5.223 Y1.311 A520.55952
;WIDTH:0.402975
G1 X5.535 Y2.008 A520.57163
G1 X5.242 Y2.301 A520.5782
;WIDTH:0.408026
G1 X5.118 Y1.97 A520.58388
G1 X4.75 Y1.271 A520.59658
;WIDTH:0.404046
G1 X4.405 Y.838 A520.60539
G1 X3.967 Y.48 A520.61439
;WIDTH:0.403193
G1 X4.089 Y.357 A520.61714
G1 A520.31714 F2400
;WIPE_START
G1 F6240
G1 X3.967 Y.48 A520.25384
G1 X4.405 Y.838 A520.04714
G1 X4.75 Y1.271 A519.84485
G1 X5.118 Y1.97 A519.55621
G1 X5.242 Y2.301 A519.42706
G1 X5.535 Y2.008 A519.27566
G1 X5.358 Y1.612 A519.11714
;WIPE_END
G1 X4.14 Y4.585 F7800
G1 A520.61714 F2400
;WIDTH:0.446032
G1 F3600
G1 X3.898 Y4.845 A520.62341
;WIDTH:0.419184
G1 X3.657 Y5.106 A520.62928
;WIDTH:0.392915
G1 X3.654 Y5.108 A520.62934
;WIDTH:0.421457
G1 X3.418 Y5.325 A520.63467
;WIDTH:0.449999
G1 X3.181 Y5.541 A520.64038
G1 X1.093 Y7.629 A520.69299
G1 X1.093 Y7.727 A520.69474
G1 X.754 Y7.639 A520.70098
G1 X.107 Y7.402 A520.71326
G1 X-.579 Y7.019 A520.72726
G1 X-1.01 Y6.67 A520.73714
G1 X-1.347 Y6.345 A520.74548
G1 X-1.744 Y5.879 A520.75639
G1 X-2.064 Y5.332 A520.76768
G1 X-.494 Y3.762 A520.80724
G1 X-.485 Y3.826 A520.80839
G1 X-.297 Y4.335 A520.81806
G1 X-.13 Y4.625 A520.82402
G1 X.205 Y5.036 A520.83347
G1 X.611 Y5.346 A520.84257
G1 X.946 Y5.53 A520.84938
G1 X1.518 Y5.717 A520.8601
G1 X2.059 Y5.765 A520.86978
G1 X2.632 Y5.684 A520.88009
G1 X3.138 Y5.488 A520.88976
G1 X3.481 Y5.235 A520.89735
G1 A520.59735 F2400
;WIPE_START
G1 F6240
G1 X3.138 Y5.488 A520.44162
G1 X2.632 Y5.684 A520.24335
G1 X2.059 Y5.765 A520.0319
G1 X1.518 Y5.717 A519.83345
G1 X.946 Y5.53 A519.61356
G1 X.611 Y5.346 A519.47391
G1 X.444 Y5.219 A519.39735
;WIPE_END
G1 X1.548 Y7.78 F7800
G1 A520.89735 F2400
G1 F3600
G1 X6.557 Y2.771 A521.02356
G1 X6.572 Y3.362 A521.03409
G1 X2.139 Y7.796 A521.1458
G1 X2.817 Y7.723 A521.15795
G1 X6.483 Y4.057 A521.25032
G1 X6.308 Y4.812 A521.26413
;WIDTH:0.412418
G1 X6.085 Y5.375 A521.27397
G1 X5.642 Y6.03 A521.28682
;WIDTH:0.430838
G1 X5.167 Y6.543 A521.29872
G1 X4.578 Y7.044 A521.31188
;WIDTH:0.390621
G1 X3.91 Y7.419 A521.32364
G1 X3.551 Y7.554 A521.32953
G1 X4.344 Y6.76 A521.34675
;WIDTH:0.430838
G1 X4.894 Y6.239 A521.35964
G1 X5.358 Y5.761 A521.37098
;WIDTH:0.412418
G1 X6.156 Y4.964 A521.38931
M106 P204
;LAYER_CHANGE
;Z:1.6
;HEIGHT:0.1
G1 A521.08931 F2400
;WIPE_START
G1 F6240
G1 X5.358 Y5.761 A520.67722
G1 X4.894 Y6.239 A520.43381
G1 X4.344 Y6.76 A520.157
G1 X3.826 Y7.278 A519.88931
;WIPE_END
G1 Z1.6 F7800
G1 X-.222 Y3.214
G1 A521.38931 F2400
;TYPE:Perimeter
;WIDTH:0.449999
G1 F900
G1 X-.192 Y2.774 A521.39717
G1 X-.003 Y2.224 A521.40753
G1 X.321 Y1.741 A521.41789
G1 X.759 Y1.359 A521.42824
G1 X1.281 Y1.103 A521.4386
G1 X1.852 Y.991 A521.44897
G1 X2.43 Y1.031 A521.45929
G1 X2.982 Y1.219 A521.46968
G1 X3.465 Y1.544 A521.48005
G1 X3.847 Y1.982 A521.4904
G1 X4.103 Y2.504 A521.50076
G1 X4.215 Y3.075 A521.51113
G1 X4.175 Y3.655 A521.52149
G1 X3.987 Y4.205 A521.53185
G1 X3.662 Y4.687 A521.54221
G1 X3.224 Y5.07 A521.55258
G1 X2.702 Y5.326 A521.56294
G1 X2.029 Y5.446 A521.57512
G1 X1.454 Y5.381 A521.58543
G1 X.889 Y5.155 A521.59627
G1 X.438 Y4.817 A521.60631
G1 X.082 Y4.369 A521.61651
G1 X-.147 Y3.852 A521.62658
G1 X-.231 Y3.354 A521.63558
G1 X-.226 Y3.274 A521.63701
G1 X.201 Y3.215 F7800
G1 F900
G1 X.194 Y3.131 A521.63851
G1 X.277 Y2.668 A521.64689
G1 X.476 Y2.243 A521.65525
G1 X.78 Y1.884 A521.66363
G1 X1.165 Y1.615 A521.672
G1 X1.62 Y1.454 A521.6806
G1 X2.076 Y1.416 A521.68875
G1 X2.538 Y1.499 A521.69711
G1 X2.963 Y1.699 A521.70548
G1 X3.322 Y2.002 A521.71385
G1 X3.591 Y2.388 A521.72223
G1 X3.75 Y2.83 A521.7306
G1 X3.783 Y3.35 A521.73988
G1 X3.707 Y3.761 A521.74733
G1 X3.507 Y4.186 A521.7557
G1 X3.204 Y4.545 A521.76407
G1 X2.783 Y4.828 A521.77311
G1 X2.46 Y4.956 A521.7793
G1 X1.953 Y5.017 A521.7884
G1 X1.445 Y4.93 A521.79758
G1 X1.02 Y4.73 A521.80595
G1 X.661 Y4.427 A521.81432
G1 X.392 Y4.041 A521.8227
G1 X.232 Y3.594 A521.83116
G1 X.206 Y3.274 A521.83688
G1 X.622 Y3.215 F7800
;TYPE:External perimeter
G1 F900
G1 X.618 Y3.186 A521.8374
G1 X.672 Y2.832 A521.84378
G1 X.816 Y2.504 A521.85016
G1 X1.04 Y2.224 A521.85655
G1 X1.329 Y2.011 A521.86295
G1 X1.676 Y1.879 A521.86956
G1 X2.02 Y1.841 A521.87573
G1 X2.374 Y1.895 A521.88211
G1 X2.703 Y2.039 A521.88851
G1 X3.019 Y2.311 A521.89594
G1 X3.195 Y2.552 A521.90126
G1 X3.325 Y2.886 A521.90765
G1 X3.358 Y3.294 A521.91494
G1 X3.311 Y3.597 A521.9204
G1 X3.167 Y3.925 A521.92678
G1 X2.943 Y4.205 A521.93317
G1 X2.619 Y4.432 A521.94022
G1 X2.348 Y4.543 A521.94544
G1 X1.964 Y4.588 A521.95233
G1 X1.609 Y4.534 A521.95873
G1 X1.281 Y4.39 A521.96511
G1 X1.001 Y4.166 A521.9715
G1 X.788 Y3.877 A521.9779
G1 X.657 Y3.538 A521.98438
G1 X.628 Y3.274 A521.98911
G1 A521.68911 F2400
;WIPE_START
G1 F6240
G1 X.622 Y3.215 A521.66744
G1 X.618 Y3.186 A521.65674
G1 X.672 Y2.832 A521.5259
G1 X.816 Y2.504 A521.39501
G1 X1.04 Y2.224 A521.26399
G1 X1.329 Y2.011 A521.13281
G1 X1.676 Y1.879 A520.99716
G1 X2.02 Y1.841 A520.8707
G1 X2.374 Y1.895 A520.73986
G1 X2.703 Y2.039 A520.60864
G1 X2.951 Y2.252 A520.48911
;WIPE_END
G1 X7.323 Y5.852 F7800
G1 A521.98911 F2400
;WIDTH:0.463696
G1 F2880
G1 X7.383 Y5.877 A521.99031
;WIDTH:0.453568
G1 X10.356 Y6.839 A522.04645
;WIDTH:0.47613
G1 X29.571 Y13.123 A522.4286
;WIDTH:0.513298
G1 X48.786 Y19.407 A522.84199
;WIDTH:0.550466
G1 X68.001 Y25.692 A523.28663
G1 A522.98663 F2400
;WIPE_START
G1 F6240
G1 X64.88 Y24.671 A521.78663
;WIPE_END
G1 X1.13 Y9.1 F7800
G1 A523.28663 F2400
;WIDTH:0.463714
G1 F2880
G1 X1.125 Y9.165 A523.28783
;WIDTH:0.45357
G1 X1.13 Y12.288 A523.34393
;WIDTH:0.476133
G1 X1.09 Y32.505 A523.72609
;WIDTH:0.5133
G1 X1.051 Y52.722 A524.13949
;WIDTH:0.550466
G1 X1.012 Y72.939 A524.58413
G1 A524.28413 F2400
;WIPE_START
G1 F6240
G1 X1.018 Y69.655 A523.08413
;WIPE_END
G1 X-3.872 Y4.214 F7800
G1 A524.58413 F2400
;WIDTH:0.463714
G1 F2880
G1 X-3.935 Y4.229 A524.58532
;WIDTH:0.453568
G1 X-6.904 Y5.198 A524.64143
;WIDTH:0.47613
G1 X-26.144 Y11.409 A525.0236
;WIDTH:0.513297
G1 X-45.383 Y17.619 A525.43699
;WIDTH:0.550464
G1 X-64.623 Y23.829 A525.88164
G1 A525.58164 F2400
;WIPE_START
G1 F6240
G1 X-61.498 Y22.82 A524.38164
;WIPE_END
G1 X-38.199 Y-53.769 F7800
G1 A525.88164 F2400
;WIDTH:0.550466
G1 F2880
G1 X-26.347 Y-37.391 A526.32627
;WIDTH:0.513299
G1 X-14.496 Y-21.012 A526.73967
;WIDTH:0.476132
G1 X-2.644 Y-4.633 A527.12184
;WIDTH:0.453566
G1 X-.805 Y-2.109 A527.17794
;WIDTH:0.463734
G1 X-.771 Y-2.053 A527.17914
G1 A526.87914 F2400
;WIPE_START
G1 F6240
G1 X-.805 Y-2.109 A526.8552
G1 X-2.644 Y-4.633 A525.71414
G1 X-2.7 Y-4.711 A525.67914
;WIPE_END
G1 X43.767 Y-52.618 F7800
G1 A527.17914 F2400
;WIDTH:0.550462
G1 F2880
G1 X31.852 Y-36.285 A527.62378
;WIDTH:0.513296
G1 X19.937 Y-19.952 A528.03718
;WIDTH:0.476129
G1 X8.022 Y-3.62 A528.41933
;WIDTH:0.453564
G1 X6.19 Y-1.09 A528.47545
;WIDTH:0.456836
G1 X6.167 Y-1.062 A528.47611
G1 X5.334 Y-.396 F7800
;TYPE:Perimeter
;WIDTH:0.449999
G1 F900
G1 X5.437 Y-.317 A528.47842
G1 X5.821 Y.135 A528.48899
G1 X6.171 Y.629 A528.49978
G1 X6.5 Y1.28 A528.51278
G1 X6.685 Y1.82 A528.52295
G1 X6.83 Y2.407 A528.53372
G1 X6.906 Y3.098 A528.54611
G1 X6.876 Y3.752 A528.55777
G1 X6.762 Y4.291 A528.56759
G1 X6.592 Y4.922 A528.57923
G1 X6.416 Y5.4 A528.58831
G1 X6.022 Y6.026 A528.60149
G1 X5.387 Y6.766 A528.61886
G1 X4.743 Y7.286 A528.63361
G1 X4.028 Y7.687 A528.64822
G1 X3.394 Y7.924 A528.66028
G1 X2.905 Y8.035 A528.66921
G1 X2.354 Y8.111 A528.67912
G1 X1.766 Y8.117 A528.6896
G1 X1.146 Y8.056 A528.7007
G1 X.656 Y7.945 A528.70965
G1 X-.027 Y7.695 A528.72261
G1 X-.76 Y7.286 A528.73757
G1 X-1.408 Y6.762 A528.75242
G1 X-1.969 Y6.124 A528.76756
G1 X-2.306 Y5.594 A528.77875
G1 X-2.578 Y4.968 A528.79091
G1 X-2.755 Y4.461 A528.80048
G1 X-2.871 Y3.951 A528.8098
G1 X-2.918 Y3.008 A528.82662
G1 X-2.812 Y2.179 A528.84151
G1 X-2.566 Y1.377 A528.85646
G1 X-2.31 Y.854 A528.86683
G1 X-1.997 Y.39 A528.8768
G1 X-1.584 Y-.148 A528.88888
G1 X-1.146 Y-.566 A528.89967
G1 X-.639 Y-.925 A528.91074
G1 X-.175 Y-1.197 A528.92032
G1 X.337 Y-1.414 A528.93023
G1 X1.161 Y-1.629 A528.9454
G1 X1.992 Y-1.7 A528.96026
G1 X2.719 Y-1.638 A528.97326
G1 X3.204 Y-1.534 A528.9821
G1 X3.729 Y-1.372 A528.99189
G1 X4.21 Y-1.159 A529.00126
G1 X4.863 Y-.758 A529.01491
G1 X5.286 Y-.433 A529.02441
G1 X5.789 Y-.633 F7800
G1 F900
G1 X5.787 Y-.563 A529.02566
G1 X6.157 Y-.131 A529.03579
G1 X6.54 Y.407 A529.04756
G1 X6.883 Y1.087 A529.06113
G1 X7.095 Y1.694 A529.07259
G1 X7.254 Y2.346 A529.08455
G1 X7.335 Y3.094 A529.09795
G1 X7.303 Y3.807 A529.11067
G1 X7.113 Y4.7 A529.12694
G1 X6.808 Y5.596 A529.1438
G1 X6.709 Y5.724 A529.14668
G1 X6.37 Y6.279 A529.15827
G1 X5.686 Y7.075 A529.17697
G1 X5.1 Y7.549 A529.1904
G1 X4.61 Y7.852 A529.20066
G1 X4.081 Y8.125 A529.21127
G1 X3.446 Y8.354 A529.2233
G1 X2.896 Y8.47 A529.23331
G1 X2.369 Y8.539 A529.24278
G1 X1.222 Y8.534 A529.26322
G1 X1.051 Y8.474 A529.26645
G1 X.535 Y8.357 A529.27588
G1 X-.207 Y8.086 A529.28995
G1 X-1.001 Y7.642 A529.30616
G1 X-1.706 Y7.073 A529.3223
G1 X-2.313 Y6.382 A529.33869
G1 X-2.611 Y5.912 A529.34861
G1 X-2.85 Y5.417 A529.3584
G1 X-3.13 Y4.72 A529.37178
G1 X-3.274 Y4.19 A529.38157
G1 X-3.366 Y4.129 A529.38354
G1 X-3.299 Y4.042 A529.3855
G1 X-3.348 Y2.991 A529.40425
G1 X-3.232 Y2.088 A529.42047
G1 X-2.966 Y1.219 A529.43666
G1 X-2.694 Y.665 A529.44766
G1 X-2.344 Y.139 A529.45892
G1 X-1.884 Y-.454 A529.47229
G1 X-1.44 Y-.879 A529.48324
G1 X-.508 Y-1.547 A529.50367
G1 X-.342 Y-1.592 A529.50673
G1 X.199 Y-1.821 A529.5172
G1 X1.089 Y-2.053 A529.53359
G1 X1.992 Y-2.13 A529.54974
G1 X2.898 Y-2.053 A529.56594
G1 X3.679 Y-1.856 A529.58029
G1 X4.215 Y-1.633 A529.59063
G1 X4.664 Y-1.391 A529.59972
G1 X5.126 Y-1.096 A529.60949
G1 X5.677 Y-.671 A529.62189
G1 X5.773 Y-.676 A529.6236
G1 X6.163 Y-.773 F7800
;TYPE:External perimeter
G1 F900
G1 X6.494 Y-.397 A529.63252
G1 X6.908 Y.185 A529.64525
G1 X7.349 Y1.062 A529.66274
G1 X7.637 Y2 A529.68022
G1 X7.721 Y2.584 A529.69073
G1 X7.764 Y3.091 A529.6998
G1 X7.729 Y3.861 A529.71353
G1 X7.6 Y4.469 A529.7246
G1 X7.432 Y5.125 A529.73666
G1 X7.248 Y5.6 A529.74574
;WIDTH:0.463696
G1 X7.323 Y5.852 A529.75057
G1 X7.107 Y5.908 A529.75467
;WIDTH:0.449999
G1 X6.717 Y6.532 A529.76778
G1 X5.986 Y7.384 A529.78778
G1 X5.225 Y7.999 A529.80521
G1 X4.39 Y8.467 A529.82226
G1 X3.902 Y8.649 A529.83154
G1 X3.296 Y8.839 A529.84286
G1 X2.557 Y8.961 A529.8562
G1 X1.899 Y8.984 A529.86793
G1 X1.348 Y8.951 A529.87776
;WIDTH:0.463714
G1 X1.13 Y9.1 A529.88262
G1 X1.009 Y8.911 A529.88675
;WIDTH:0.449999
G1 X.414 Y8.768 A529.89765
G1 X-.386 Y8.477 A529.91282
G1 X-1.242 Y7.998 A529.9303
G1 X-2.004 Y7.383 A529.94775
G1 X-2.657 Y6.64 A529.96537
G1 X-3.065 Y5.997 A529.97894
G1 X-3.502 Y4.993 A529.99845
G1 X-3.66 Y4.387 A530.00961
;WIDTH:0.463714
G1 X-3.872 Y4.214 A530.01464
G1 X-3.727 Y3.993 A530.0195
;WIDTH:0.449999
G1 X-3.777 Y2.975 A530.03766
G1 X-3.653 Y1.998 A530.05521
G1 X-3.366 Y1.06 A530.07269
G1 X-2.996 Y.308 A530.08762
G1 X-2.316 Y-.631 A530.10828
G1 X-1.792 Y-1.146 A530.12137
G1 X-1.382 Y-1.463 A530.1306
G1 X-.857 Y-1.807 A530.14178
;WIDTH:0.463734
G1 X-.771 Y-2.053 A530.14657
G1 X-.568 Y-1.971 A530.1506
;WIDTH:0.449999
G1 X.061 Y-2.228 A530.16271
G1 X1.016 Y-2.477 A530.18029
G1 X1.992 Y-2.56 A530.19774
G1 X2.968 Y-2.477 A530.21519
G1 X3.814 Y-2.264 A530.23073
G1 X4.515 Y-1.973 A530.24425
G1 X5.236 Y-1.554 A530.25911
G1 X5.884 Y-1.049 A530.27375
;WIDTH:0.456343
G1 X6.148 Y-1.04 A530.27853
G1 X6.158 Y-.832 A530.2823
G1 A529.9823 F2400
;WIPE_START
G1 F6240
G1 X6.163 Y-.773 A529.96067
G1 X6.494 Y-.397 A529.77764
G1 X6.908 Y.185 A529.51667
G1 X7.349 Y1.062 A529.158
G1 X7.637 Y2 A528.79948
G1 X7.644 Y2.047 A528.7823
;WIPE_END
G1 X-1.535 Y1.03 F7800
G1 A530.2823 F2400
;TYPE:Solid infill
;WIDTH:0.449999
G1 F3600
G1 X-1.094 Y.421 A530.2957
G1 X-.736 Y.07 A530.30463
G1 X-.151 Y-.34 A530.31736
G1 X.213 Y-.551 A530.32486
G1 X.894 Y-.784 A530.33768
G1 X1.929 Y.251 A530.36376
G1 X1.159 Y.355 A530.3776
G1 X.525 Y.624 A530.38987
G1 X.076 Y.939 A530.39964
G1 X-.233 Y1.237 A530.40729
G1 X-.555 Y1.671 A530.41692
G1 X-.67 Y1.894 A530.42139
G1 X-1.383 Y1.181 A530.43936
G1 X-1.196 Y1.085 A530.44311
;WIDTH:0.4221
G1 X-1.01 Y.988 A530.4466
;WIDTH:0.397252
G1 X-.777 Y.673 A530.45272
G1 X-.37 Y.304 A530.4613
;WIDTH:0.403631
G1 X.274 Y-.138 A530.47371
;WIDTH:0.404757
G1 X.771 Y-.333 A530.48222
G1 X1.068 Y-.036 A530.48891
G1 X.79 Y.065 A530.49362
G1 X.295 Y.295 A530.50232
;WIDTH:0.396236
G1 X-.155 Y.61 A530.51088
;WIDTH:0.396086
G1 X-.436 Y.862 A530.51676
;WIDTH:0.39557
G1 X-.744 Y1.253 A530.5245
;WIDTH:0.3942
G1 X-.858 Y1.139 A530.527
G1 A530.227 F2400
;WIPE_START
G1 F6240
G1 X-.744 Y1.253 A530.16809
G1 X-.436 Y.862 A529.98622
G1 X-.155 Y.61 A529.84831
G1 X.295 Y.295 A529.64761
G1 X.79 Y.065 A529.44817
G1 X1.068 Y-.036 A529.3401
G1 X.771 Y-.333 A529.18663
G1 X.365 Y-.173 A529.027
;WIPE_END
G1 X-1.819 Y6.011 F7800
G1 A530.527 F2400
;WIDTH:0.36146
G1 F3600
G1 X-1.259 Y6.607 A530.53856
G1 X-.665 Y7.142 A530.54986
;WIDTH:0.449999
G1 X.133 Y7.433 A530.56499
;WIDTH:0.36146
G1 X.114 Y7.504 A530.56603
G1 X.185 Y7.485 A530.56707
G1 X.174 Y7.444 A530.56767
;WIDTH:0.40573
G1 X.007 Y7.349 A530.57074
;WIDTH:0.449999
G1 X-.159 Y7.253 A530.57416
G1 X-2.061 Y5.352 A530.62207
G1 X-2.149 Y5.186 A530.62542
;WIDTH:0.40573
G1 X-2.237 Y5.021 A530.62841
;WIDTH:0.36146
G1 X-2.226 Y5.062 A530.62901
G1 X-2.298 Y5.081 A530.63006
G1 X-2.279 Y5.01 A530.6311
;WIDTH:0.449999
G1 X-2.453 Y4.353 A530.64321
G1 X.855 Y7.661 A530.72656
G1 X.939 Y7.765 A530.72894
;WIDTH:0.40573
G1 X1.024 Y7.868 A530.73107
;WIDTH:0.36146
G1 X1.481 Y7.946 A530.73762
;WIDTH:0.449999
G1 X1.587 Y7.787 A530.74102
G1 X-2.567 Y3.633 A530.84569
G1 X-2.646 Y3.698 A530.84751
;WIDTH:0.40573
G1 X-2.725 Y3.763 A530.84914
;WIDTH:0.36146
G1 X-2.664 Y4.182 A530.85513
G1 X-2.593 Y3.002 F7800
;WIDTH:0.449999
G1 F3600
G1 X2.2 Y7.794 A530.97588
G1 X3.039 Y7.786 A530.99083
;WIDTH:0.36146
G1 X3.02 Y7.858 A530.99188
G1 X3.091 Y7.838 A530.99292
G1 X3.08 Y7.797 A530.99352
;WIDTH:0.40573
G1 X2.913 Y7.766 A530.99623
;WIDTH:0.449999
G1 X2.747 Y7.735 A530.99924
G1 X-2.524 Y2.464 A531.13205
G1 X-2.412 Y1.97 A531.14107
G1 X-.454 Y3.928 A531.1904
G1 X-.257 Y4.231 A531.19684
;WIDTH:0.36146
G1 X-.007 Y4.566 A531.20275
G1 X.332 Y4.939 A531.20987
G1 X.968 Y5.457 A531.22146
;WIDTH:0.40573
G1 X1.12 Y5.556 A531.22436
;WIDTH:0.449999
G1 X1.271 Y5.654 A531.22757
G1 X3.248 Y7.63 A531.27737
G1 X3.693 Y7.469 A531.2858
G1 X1.987 Y5.763 A531.32879
G1 X2.626 Y5.685 A531.34026
G1 X3.138 Y5.488 A531.35003
G1 X3.715 Y5.091 A531.36251
G1 X4.183 Y4.524 A531.37561
G1 X4.39 Y4.065 A531.38458
G1 X4.495 Y3.684 A531.39162
G1 X4.541 Y3.127 A531.40158
G1 X4.434 Y2.48 A531.41326
G1 X4.149 Y1.861 A531.4254
G1 X6.407 Y4.123 A531.48234
G1 X6.469 Y4.123 A531.48344
G1 X6.362 Y4.624 A531.49257
G1 X6.123 Y5.255 A531.50459
G1 X5.762 Y5.836 A531.51678
G1 X5.162 Y6.535 A531.53319
G1 X4.562 Y7.019 A531.54692
G1 X4.105 Y7.275 A531.55625
G1 X2.684 Y5.855 A531.59204
G1 X3.313 Y5.877 A531.60325
G1 X4.045 Y5.365 A531.61917
G1 X4.547 Y4.751 A531.6333
G1 X4.782 Y4.241 A531.6433
G1 X4.905 Y3.823 A531.65106
G1 X4.963 Y3.285 A531.6607
G1 X5.99 Y4.312 A531.68658
G1 X5.95 Y4.503 A531.69006
G1 X5.737 Y5.064 A531.70075
G1 X5.415 Y5.582 A531.71162
G1 X4.947 Y6.126 A531.72441
G1 X4.609 Y6.43 A531.73251
G1 X4.179 Y6.743 A531.74199
G1 X3.464 Y6.028 A531.76001
G1 X3.947 Y5.944 A531.76874
;WIDTH:0.397791
G1 X4.354 Y5.622 A531.77686
;WIDTH:0.403275
G1 X4.786 Y5.106 A531.78754
;WIDTH:0.410175
G1 X5.017 Y4.715 A531.79488
G1 X5.242 Y4.134 A531.80495
;WIDTH:0.400319
G1 X5.543 Y4.436 A531.81167
;WIDTH:0.410175
G1 X5.359 Y4.897 A531.81969
G1 X5.087 Y5.341 A531.8281
;WIDTH:0.403275
G1 X4.629 Y5.88 A531.83933
;WIDTH:0.397708
G1 X4.227 Y6.224 A531.84761
;WIDTH:0.39481
G1 X4.099 Y6.096 A531.85042
G1 A531.55042 F2400
;WIPE_START
G1 F6240
G1 X4.227 Y6.224 A531.48428
G1 X4.629 Y5.88 A531.29096
G1 X5.087 Y5.341 A531.03252
G1 X5.359 Y4.897 A530.84227
G1 X5.543 Y4.436 A530.66091
G1 X5.242 Y4.134 A530.50512
G1 X5.089 Y4.529 A530.35042
;WIPE_END
G1 X-.555 Y3.221 F7800
G1 A531.85042 F2400
;WIDTH:0.449999
G1 F3600
G1 X-2.27 Y1.506 A531.89363
G1 A531.59363 F2400
;WIPE_START
G1 F6240
G1 X-.555 Y3.221 A530.70743
;WIPE_END
G1 A530.39363 F2400
G1 X3.104 Y.834 F7800
G1 A531.89363 F2400
;WIDTH:0.454617
G1 F3600
G1 X2.903 Y.619 A531.89893
;WIDTH:0.449999
G1 X1.096 Y-1.188 A531.94446
G1 X1.096 Y-1.28 A531.9461
G1 X.441 Y-1.109 A531.95816
G1 X-.149 Y-.866 A531.96953
G1 X-1.011 Y-.26 A531.9883
G1 X-1.42 Y.141 A531.99851
G1 X-1.983 Y.918 A532.01561
G1 X-2.072 Y1.099 A532.0192
G1 X-.496 Y2.674 A532.0589
G1 X-.412 Y2.371 A532.0645
G1 X-.21 Y1.926 A532.07321
G1 X.111 Y1.492 A532.08283
G1 X.321 Y1.29 A532.08802
G1 X.771 Y.975 A532.09781
G1 X1.316 Y.754 A532.10829
G1 X2.071 Y.667 A532.12183
G1 X2.737 Y.777 A532.13386
;WIDTH:0.456914
G1 X3.25 Y.991 A532.14392
;WIDTH:0.457972
G1 X3.516 Y1.21 A532.15017
;WIDTH:0.418413
G1 X3.737 Y1.403 A532.15501
;WIDTH:0.406109
G1 X3.927 Y1.611 A532.15952
;WIDTH:0.433364
G1 X4.116 Y1.82 A532.16435
;WIDTH:0.435322
G1 X4.125 Y1.831 A532.16459
G1 A531.86459 F2400
;WIPE_START
G1 F6240
G1 X4.116 Y1.82 A531.8594
G1 X3.927 Y1.611 A531.75644
G1 X3.737 Y1.403 A531.65351
G1 X3.516 Y1.21 A531.5463
G1 X3.25 Y.991 A531.42041
G1 X2.737 Y.777 A531.21731
G1 X2.071 Y.667 A530.97067
G1 X1.316 Y.754 A530.69298
G1 X1.244 Y.783 A530.66459
;WIPE_END
G1 X6.558 Y3.668 F7800
G1 A532.16459 F2400
;WIDTH:0.449999
G1 F3600
G1 X1.551 Y-1.339 A532.29075
G1 X2.131 Y-1.365 A532.30109
G1 X6.583 Y3.087 A532.41326
G1 X6.504 Y2.402 A532.42555
G1 X2.798 Y-1.304 A532.51893
G1 X3.532 Y-1.136 A532.53235
;WIDTH:0.393119
G1 X4.009 Y-.937 A532.54034
G1 X4.6 Y-.592 A532.55091
;WIDTH:0.442416
G1 X5.227 Y-.07 A532.56519
G1 X5.584 Y.333 A532.57461
;WIDTH:0.422045
G1 X5.927 Y.776 A532.58394
;WIDTH:0.376141
G1 X6.284 Y1.485 A532.59565
G1 X6.349 Y1.693 A532.59886
G1 X5.649 Y.993 A532.61346
;WIDTH:0.422045
G1 X5.279 Y.591 A532.62256
;WIDTH:0.442416
G1 X4.918 Y.215 A532.63168
G1 X4.355 Y-.313 A532.64519
;WIDTH:0.393119
G1 X3.684 Y-.984 A532.65985
;LAYER_CHANGE
;Z:1.7
;HEIGHT:0.1
G1 A532.35985 F2400
;WIPE_START
G1 F6240
G1 X4.355 Y-.313 A532.01312
G1 X4.918 Y.215 A531.7311
G1 X5.279 Y.591 A531.54064
G1 X5.649 Y.993 A531.34101
G1 X6 Y1.343 A531.15985
;WIPE_END
G1 Z1.7 F7800
G1 X-.233 Y3.215
G1 A532.65985 F2400
;TYPE:Perimeter
;WIDTH:0.449999
G1 F900
G1 X-.239 Y3.159 A532.66085
G1 X-.154 Y2.6 A532.67092
G1 X.053 Y2.108 A532.68043
G1 X.365 Y1.687 A532.68977
G1 X.759 Y1.359 A532.6989
G1 X1.281 Y1.103 A532.70926
G1 X1.852 Y.991 A532.71963
G1 X2.43 Y1.031 A532.72995
G1 X2.982 Y1.219 A532.74034
G1 X3.465 Y1.544 A532.75071
G1 X3.847 Y1.982 A532.76106
G1 X4.103 Y2.504 A532.77142
G1 X4.215 Y3.075 A532.78179
G1 X4.175 Y3.655 A532.79215
G1 X3.989 Y4.2 A532.80241
G1 X3.662 Y4.687 A532.81286
G1 X3.224 Y5.07 A532.82323
G1 X2.702 Y5.326 A532.83359
G1 X2.203 Y5.428 A532.84266
G1 X1.737 Y5.422 A532.85096
G1 X1.281 Y5.326 A532.85926
G1 X.781 Y5.086 A532.86914
G1 X.381 Y4.759 A532.87834
G1 X-.003 Y4.205 A532.89035
G1 X-.186 Y3.692 A532.90005
G1 X-.228 Y3.275 A532.90752
G1 X.201 Y3.215 F7800
G1 F900
G1 X.194 Y3.131 A532.90902
G1 X.277 Y2.668 A532.9174
G1 X.476 Y2.243 A532.92576
G1 X.78 Y1.884 A532.93414
G1 X1.165 Y1.615 A532.94251
G1 X1.62 Y1.454 A532.95111
G1 X2.076 Y1.416 A532.95926
G1 X2.538 Y1.499 A532.96762
G1 X2.965 Y1.7 A532.97603
G1 X3.322 Y2.002 A532.98436
G1 X3.591 Y2.388 A532.99274
G1 X3.75 Y2.83 A533.00111
G1 X3.79 Y3.298 A533.00948
G1 X3.707 Y3.761 A533.01786
G1 X3.507 Y4.186 A533.02623
G1 X3.204 Y4.545 A533.0346
G1 X2.783 Y4.828 A533.04364
G1 X2.376 Y4.973 A533.05134
G1 X1.908 Y5.013 A533.05971
G1 X1.445 Y4.93 A533.06809
G1 X1.02 Y4.73 A533.07646
G1 X.66 Y4.425 A533.08487
G1 X.392 Y4.041 A533.09321
G1 X.233 Y3.599 A533.10158
G1 X.206 Y3.274 A533.10739
G1 X.622 Y3.215 F7800
;TYPE:External perimeter
G1 F900
G1 X.618 Y3.186 A533.10791
G1 X.672 Y2.832 A533.11429
G1 X.816 Y2.504 A533.12067
G1 X1.04 Y2.224 A533.12706
G1 X1.329 Y2.011 A533.13346
G1 X1.676 Y1.879 A533.14007
G1 X2.02 Y1.841 A533.14624
G1 X2.374 Y1.895 A533.15262
G1 X2.704 Y2.04 A533.15904
G1 X3.018 Y2.309 A533.16641
G1 X3.195 Y2.552 A533.17177
G1 X3.325 Y2.886 A533.17816
G1 X3.354 Y3.324 A533.18598
G1 X3.311 Y3.597 A533.1909
G1 X3.167 Y3.925 A533.19728
G1 X2.943 Y4.205 A533.20367
G1 X2.619 Y4.432 A533.21072
G1 X2.32 Y4.548 A533.21643
G1 X1.964 Y4.588 A533.22281
G1 X1.609 Y4.534 A533.22921
G1 X1.281 Y4.39 A533.23559
G1 X1 Y4.164 A533.24201
G1 X.877 Y4.004 A533.24561
G1 X.668 Y3.585 A533.25395
G1 X.629 Y3.274 A533.25953
G1 A532.95953 F2400
;WIPE_START
G1 F6240
G1 X.622 Y3.215 A532.93782
G1 X.618 Y3.186 A532.92712
G1 X.672 Y2.832 A532.79628
G1 X.816 Y2.504 A532.66539
G1 X1.04 Y2.224 A532.53437
G1 X1.329 Y2.011 A532.40319
G1 X1.676 Y1.879 A532.26754
G1 X2.02 Y1.841 A532.14108
G1 X2.374 Y1.895 A532.01024
G1 X2.704 Y2.04 A531.87854
G1 X2.951 Y2.252 A531.75953
;WIPE_END
G1 X68.046 Y25.545 F7800
G1 A533.25953 F2400
;WIDTH:0.555554
G1 F2880
G1 X47.842 Y18.954 A533.73143
;WIDTH:0.521791
G1 X27.637 Y12.364 A534.17351
;WIDTH:0.488028
G1 X7.433 Y5.773 A534.58575
;WIDTH:0.46267
G1 X7.377 Y5.751 A534.58685
G1 A534.28685 F2400
;WIPE_START
G1 F6240
G1 X7.433 Y5.773 A534.26487
G1 X10.498 Y6.773 A533.08685
;WIPE_END
G1 X1.166 Y72.936 F7800
G1 A534.58685 F2400
;WIDTH:0.555556
G1 F2880
G1 X1.191 Y51.684 A535.05875
;WIDTH:0.521794
G1 X1.215 Y30.432 A535.50082
;WIDTH:0.488032
G1 X1.239 Y9.18 A535.91306
;WIDTH:0.462652
G1 X1.244 Y9.12 A535.91416
G1 A535.61416 F2400
;WIPE_START
G1 F6240
G1 X1.239 Y9.18 A535.59216
G1 X1.235 Y12.404 A534.41416
;WIPE_END
G1 X-64.573 Y23.975 F7800
G1 A535.91416 F2400
;WIDTH:0.555554
G1 F2880
G1 X-44.353 Y17.431 A536.38607
;WIDTH:0.52179
G1 X-24.134 Y10.886 A536.82814
;WIDTH:0.488026
G1 X-3.914 Y4.342 A537.24039
;WIDTH:0.462614
G1 X-3.856 Y4.328 A537.24148
G1 A536.94148 F2400
;WIPE_START
G1 F6240
G1 X-3.914 Y4.342 A536.91968
G1 X-6.982 Y5.335 A535.74148
;WIPE_END
G1 X-38.322 Y-53.677 F7800
G1 A537.24148 F2400
;WIDTH:0.555578
G1 F2880
G1 X-25.85 Y-36.469 A537.71341
;WIDTH:0.521818
G1 X-13.378 Y-19.262 A538.1555
;WIDTH:0.488058
G1 X-.906 Y-2.054 A538.56777
;WIDTH:0.46265
G1 X-.874 Y-2.003 A538.56887
G1 A538.26887 F2400
;WIPE_START
G1 F6240
G1 X-.906 Y-2.054 A538.24687
G1 X-2.798 Y-4.664 A537.06887
;WIPE_END
G1 X43.641 Y-52.707 F7800
G1 A538.56887 F2400
;WIDTH:0.555552
G1 F2880
G1 X31.13 Y-35.528 A539.04077
;WIDTH:0.52179
G1 X18.618 Y-18.349 A539.48285
;WIDTH:0.488028
G1 X6.107 Y-1.17 A539.89509
;WIDTH:0.457544
G1 X6.083 Y-1.14 A539.89579
G1 X5.25 Y-.452 F7800
;TYPE:Perimeter
;WIDTH:0.449999
G1 F900
G1 X5.45 Y-.276 A539.90054
G1 X5.813 Y.127 A539.9102
G1 X6.172 Y.63 A539.92121
G1 X6.5 Y1.28 A539.93418
G1 X6.685 Y1.82 A539.94435
G1 X6.83 Y2.405 A539.95509
G1 X6.906 Y3.106 A539.96765
G1 X6.88 Y3.673 A539.97776
G1 X6.8 Y4.182 A539.98694
G1 X6.464 Y5.304 A540.00781
G1 X5.889 Y6.206 A540.02687
G1 X5.395 Y6.76 A540.04009
G1 X4.743 Y7.286 A540.05502
G1 X4.118 Y7.637 A540.06779
G1 X3.607 Y7.845 A540.07762
G1 X3.103 Y8.002 A540.08703
G1 X2.492 Y8.103 A540.09806
G1 X1.568 Y8.108 A540.11452
G1 X1.248 Y8.072 A540.12026
G1 X.659 Y7.945 A540.131
G1 X-.028 Y7.695 A540.14403
G1 X-.76 Y7.286 A540.15897
G1 X-1.417 Y6.755 A540.17402
G1 X-1.78 Y6.357 A540.18362
G1 X-2.172 Y5.807 A540.19565
G1 X-2.495 Y5.212 A540.20771
G1 X-2.744 Y4.519 A540.22083
G1 X-2.856 Y4.028 A540.2298
G1 X-2.909 Y3.523 A540.23885
G1 X-2.919 Y3.017 A540.24787
G1 X-2.812 Y2.179 A540.26292
G1 X-2.566 Y1.376 A540.27788
G1 X-2.264 Y.759 A540.29012
G1 X-1.662 Y-.072 A540.3084
G1 X-1.25 Y-.478 A540.31871
G1 X-.539 Y-.996 A540.33438
G1 X-.275 Y-1.147 A540.3398
G1 X.343 Y-1.415 A540.3518
G1 X1.161 Y-1.629 A540.36686
G1 X1.992 Y-1.7 A540.38172
G1 X2.827 Y-1.628 A540.39665
G1 X3.539 Y-1.45 A540.40973
G1 X4.006 Y-1.258 A540.41873
G1 X4.448 Y-1.019 A540.42768
G1 X5.094 Y-.588 A540.44152
G1 X5.205 Y-.491 A540.44415
G1 X5.707 Y-.698 F7800
G1 F900
G1 X5.706 Y-.645 A540.44509
G1 X6.148 Y-.142 A540.45702
G1 X6.54 Y.407 A540.46904
G1 X6.883 Y1.087 A540.48261
G1 X7.095 Y1.694 A540.49407
G1 X7.254 Y2.343 A540.50597
G1 X7.335 Y3.103 A540.51959
G1 X7.303 Y3.811 A540.53222
G1 X7.188 Y4.448 A540.54375
G1 X6.888 Y5.369 A540.56101
G1 X6.895 Y5.515 A540.56361
G1 X6.827 Y5.534 A540.56487
G1 X6.763 Y5.619 A540.56677
G1 X6.233 Y6.465 A540.58456
G1 X5.691 Y7.071 A540.59905
G1 X4.984 Y7.643 A540.61525
G1 X4.328 Y8.01 A540.62864
G1 X3.758 Y8.246 A540.63963
G1 X3.194 Y8.422 A540.65016
G1 X2.528 Y8.532 A540.66219
G1 X1.452 Y8.538 A540.68136
G1 X1.319 Y8.585 A540.68387
G1 X1.285 Y8.532 A540.68499
G1 X1.158 Y8.491 A540.68737
G1 X.54 Y8.358 A540.69863
G1 X-.207 Y8.086 A540.71279
G1 X-1.001 Y7.642 A540.729
G1 X-1.449 Y7.28 A540.73926
G1 X-1.906 Y6.856 A540.75037
G1 X-2.308 Y6.39 A540.76133
G1 X-2.644 Y5.863 A540.77247
G1 X-2.894 Y5.369 A540.78233
G1 X-3.117 Y4.776 A540.79362
G1 X-3.291 Y4.228 A540.80386
G1 X-3.284 Y4.051 A540.80702
G1 X-3.337 Y3.55 A540.816
G1 X-3.348 Y2.995 A540.82589
G1 X-3.232 Y2.089 A540.84216
G1 X-2.966 Y1.218 A540.85839
G1 X-2.632 Y.537 A540.8719
G1 X-1.988 Y-.353 A540.89147
G1 X-1.528 Y-.805 A540.90296
G1 X-.703 Y-1.408 A540.92117
G1 X-.622 Y-1.528 A540.92375
G1 X-.558 Y-1.504 A540.92497
G1 X.202 Y-1.822 A540.93965
G1 X1.089 Y-2.053 A540.95598
G1 X1.992 Y-2.13 A540.97213
G1 X2.898 Y-2.053 A540.98833
G1 X3.673 Y-1.858 A541.00257
G1 X4.194 Y-1.643 A541.01261
G1 X4.663 Y-1.39 A541.0221
G1 X5.115 Y-1.111 A541.03156
G1 X5.602 Y-.746 A541.0424
G1 X5.703 Y-.752 A541.0442
G1 X6.087 Y-.854 F7800
;TYPE:External perimeter
;WIDTH:0.457113
G1 F900
G1 X6.087 Y-.85 A541.04427
;WIDTH:0.449999
G1 X6.483 Y-.411 A541.0548
G1 X6.908 Y.185 A541.06784
G1 X7.349 Y1.062 A541.08533
G1 X7.637 Y2 A541.10281
G1 X7.722 Y2.581 A541.11327
G1 X7.764 Y3.099 A541.12253
G1 X7.73 Y3.859 A541.13608
G1 X7.604 Y4.553 A541.14865
G1 X7.296 Y5.501 A541.16641
;WIDTH:0.46267
G1 X7.377 Y5.751 A541.17123
G1 X7.126 Y5.846 A541.17615
;WIDTH:0.449999
G1 X6.577 Y6.723 A541.19458
G1 X5.988 Y7.383 A541.21034
G1 X5.225 Y7.999 A541.22781
G1 X4.391 Y8.467 A541.24485
G1 X3.768 Y8.7 A541.2567
G1 X3.286 Y8.841 A541.26565
G1 X2.565 Y8.96 A541.27867
G1 X1.455 Y8.966 A541.29845
;WIDTH:0.462652
G1 X1.244 Y9.12 A541.30324
G1 X1.071 Y8.91 A541.30823
;WIDTH:0.449999
G1 X.421 Y8.771 A541.32007
G1 X-.386 Y8.477 A541.33537
G1 X-1.242 Y7.998 A541.35285
G1 X-1.877 Y7.485 A541.36739
G1 X-2.222 Y7.145 A541.37602
G1 X-2.656 Y6.642 A541.38786
G1 X-3.005 Y6.094 A541.39944
G1 X-3.25 Y5.635 A541.40871
G1 X-3.499 Y5.001 A541.42085
G1 X-3.643 Y4.484 A541.43041
;WIDTH:0.462614
G1 X-3.856 Y4.328 A541.43525
G1 X-3.713 Y4.157 A541.43934
;WIDTH:0.449999
G1 X-3.765 Y3.577 A541.44972
G1 X-3.778 Y2.972 A541.4605
G1 X-3.653 Y1.998 A541.478
G1 X-3.366 Y1.06 A541.49548
G1 X-3.001 Y.316 A541.51024
G1 X-2.314 Y-.633 A541.53111
G1 X-1.806 Y-1.133 A541.54381
G1 X-.955 Y-1.754 A541.56258
;WIDTH:0.46265
G1 X-.874 Y-2.003 A541.56738
G1 X-.611 Y-1.935 A541.57236
;WIDTH:0.449999
G1 X.062 Y-2.228 A541.58544
G1 X1.016 Y-2.477 A541.60301
G1 X1.992 Y-2.56 A541.62046
G1 X2.969 Y-2.477 A541.63793
G1 X3.808 Y-2.266 A541.65334
G1 X4.495 Y-1.983 A541.66658
G1 X5.265 Y-1.536 A541.68244
G1 X5.802 Y-1.127 A541.69447
;WIDTH:0.457113
G1 X6.068 Y-1.123 A541.69929
G1 X6.082 Y-.914 A541.70308
G1 A541.40308 F2400
;WIPE_START
G1 F6240
G1 X6.087 Y-.854 A541.38108
G1 X6.087 Y-.85 A541.37962
G1 X6.483 Y-.411 A541.1636
G1 X6.908 Y.185 A540.89613
G1 X7.349 Y1.062 A540.53746
G1 X7.617 Y1.937 A540.20308
;WIPE_END
G1 X-.096 Y-.88 F7800
G1 A541.70308 F2400
;TYPE:Solid infill
;WIDTH:0.449999
G1 F3600
G1 X-2.069 Y1.093 A541.75279
G1 X-2.163 Y1.259 A541.75619
;WIDTH:0.40573
G1 X-2.256 Y1.426 A541.75924
;WIDTH:0.36146
G1 X-2.297 Y1.437 A541.75984
G1 X-2.316 Y1.366 A541.76088
G1 X-2.245 Y1.385 A541.76192
G1 X-2.7 Y2.542 F7800
G1 F3600
G1 X-2.655 Y2.244 A541.76618
;WIDTH:0.40573
G1 X-2.549 Y2.158 A541.76836
;WIDTH:0.449999
G1 X-2.443 Y2.073 A541.77078
G1 X.843 Y-1.214 A541.85359
G1 X1.013 Y-1.424 A541.8584
;WIDTH:0.36146
G1 X1.446 Y-1.495 A541.8646
;WIDTH:0.40573
G1 X1.512 Y-1.418 A541.86622
;WIDTH:0.449999
G1 X1.577 Y-1.342 A541.868
G1 X-2.568 Y2.804 A541.97245
G1 X-2.589 Y3.431 A541.98363
G1 X2.201 Y-1.359 A542.10432
G1 X2.759 Y-1.312 A542.1143
G1 X-2.542 Y3.99 A542.24788
G1 X-2.572 Y4.156 A542.25089
;WIDTH:0.40573
G1 X-2.602 Y4.323 A542.2536
;WIDTH:0.36146
G1 X-2.643 Y4.334 A542.2542
G1 X-2.662 Y4.263 A542.25524
G1 X-2.591 Y4.282 A542.25628
G1 A541.95628 F2400
;WIPE_START
G1 F6240
G1 X-2.662 Y4.263 A541.92942
G1 X-2.643 Y4.334 A541.90256
G1 X-2.602 Y4.323 A541.88705
G1 X-2.572 Y4.156 A541.82505
G1 X-2.542 Y3.99 A541.76341
G1 X-.593 Y2.041 A540.75628
;WIPE_END
G1 X1.29 Y.764 F7800
G1 A542.25628 F2400
;WIDTH:0.449999
G1 F3600
G1 X3.246 Y-1.192 A542.30556
G1 X3.697 Y-1.037 A542.31406
G1 X1.994 Y.666 A542.35697
G1 A542.05697 F2400
;WIPE_START
G1 F6240
G1 X3.697 Y-1.037 A541.17698
G1 X3.246 Y-1.192 A541.00273
G1 X2.964 Y-.91 A540.85697
;WIPE_END
G1 X3.945 Y-.679 F7800
G1 A542.35697 F2400
G1 F3600
G1 X2.527 Y.739 A542.3927
G1 X2.784 Y.791 A542.39737
G1 X3.249 Y.994 A542.40641
G1 X3.741 Y1.357 A542.4173
G1 X4.121 Y1.812 A542.42786
G1 X4.451 Y2.537 A542.44205
G1 X4.541 Y3.131 A542.45275
G1 X4.486 Y3.745 A542.46373
;WIDTH:0.451678
G1 X4.193 Y4.503 A542.47827
;WIDTH:0.452
G1 X4.162 Y4.557 A542.47938
G1 X4.741 Y3.98 A542.49401
;WIDTH:0.449999
G1 X6.407 Y2.314 A542.53599
G1 X6.485 Y2.266 A542.53762
G1 X6.298 Y1.653 A542.54904
G1 X5.986 Y.975 A542.56234
G1 X5.592 Y.37 A542.5752
G1 X5.206 Y-.078 A542.58574
G1 X4.655 Y-.519 A542.59831
G1 X4.097 Y-.831 A542.6097
G1 X4.174 Y-.302 A542.61922
G1 X4.38 Y-.19 A542.6234
G1 X4.843 Y.159 A542.63373
G1 X5.225 Y.594 A542.64404
G1 X5.528 Y1.018 A542.65332
G1 X5.83 Y1.617 A542.66527
G1 X5.993 Y2.121 A542.67471
G1 X4.967 Y3.147 A542.70056
G1 X4.875 Y2.473 A542.71268
G1 X4.749 Y2.137 A542.71907
G1 X4.452 Y1.541 A542.73093
G1 X3.998 Y1.015 A542.74331
G1 X3.55 Y.677 A542.75331
G1 X3.316 Y.556 A542.758
G1 X4.022 Y-.15 A542.77579
G1 X4.236 Y.209 A542.78324
;WIDTH:0.405281
G1 X4.579 Y.473 A542.79015
;WIDTH:0.405833
G1 X4.912 Y.855 A542.79825
G1 X5.244 Y1.349 A542.80776
;WIDTH:0.40258
G1 X5.535 Y2.007 A542.81916
G1 X5.242 Y2.3 A542.82573
;WIDTH:0.407239
G1 X5.119 Y1.968 A542.83141
G1 X4.764 Y1.286 A542.84374
;WIDTH:0.400413
G1 X4.398 Y.838 A542.85285
;WIDTH:0.40327
G1 X3.964 Y.481 A542.86177
G1 X4.085 Y.36 A542.86449
G1 A542.56449 F2400
;WIPE_START
G1 F6240
G1 X3.964 Y.481 A542.50197
G1 X4.398 Y.838 A542.29664
G1 X4.764 Y1.286 A542.08527
G1 X5.119 Y1.968 A541.80434
G1 X5.242 Y2.3 A541.67497
G1 X5.535 Y2.007 A541.52357
G1 X5.359 Y1.609 A541.36449
;WIPE_END
G1 X.987 Y.961 F7800
G1 A542.86449 F2400
;WIDTH:0.36146
G1 F3600
G1 X.303 Y1.522 A542.87699
G1 X-.252 Y2.206 A542.88944
;WIDTH:0.40573
G1 X-.354 Y2.357 A542.89235
;WIDTH:0.449999
G1 X-.455 Y2.509 A542.8956
G1 X-2.423 Y4.477 A542.94519
G1 X-2.263 Y4.923 A542.95363
G1 X-.56 Y3.22 A542.99654
G1 X-.491 Y3.757 A543.00619
G1 X-.302 Y4.324 A543.01684
G1 X-.111 Y4.652 A543.0236
G1 X.209 Y5.042 A543.03259
G1 X.613 Y5.347 A543.04161
G1 X.944 Y5.529 A543.04834
G1 X1.52 Y5.718 A543.05914
G1 X2.022 Y5.766 A543.06812
G1 X2.556 Y5.699 A543.07771
;WIDTH:0.469318
G1 X3.276 Y5.431 A543.09201
G1 X3.236 Y5.472 A543.09308
;WIDTH:0.466522
G1 X2.739 Y5.982 A543.10626
;WIDTH:0.449999
G1 X1.083 Y7.638 A543.14799
G1 X1.083 Y7.711 A543.14929
G1 X.749 Y7.636 A543.15539
G1 X.106 Y7.402 A543.16758
G1 X-.579 Y7.019 A543.18156
G1 X-1.023 Y6.66 A543.19173
G1 X-1.36 Y6.334 A543.20008
G1 X-1.736 Y5.892 A543.21042
G1 X-2.074 Y5.34 A543.22195
G1 X-.642 Y3.908 A543.25803
G1 X-.693 Y4.565 A543.26977
G1 X-.443 Y4.923 A543.27755
G1 X-.03 Y5.399 A543.28878
G1 X.452 Y5.763 A543.29954
G1 X.773 Y5.922 A543.30592
G1 X1.377 Y6.126 A543.31728
G1 X1.923 Y6.191 A543.32708
G1 X.87 Y7.224 A543.35336
G1 X.285 Y7.011 A543.36445
G1 X-.339 Y6.662 A543.37719
G1 X-.858 Y6.243 A543.38907
G1 X-1.205 Y5.861 A543.39826
G1 X-1.536 Y5.408 A543.40826
G1 X-.844 Y4.716 A543.4257
G1 X-.747 Y5.189 A543.4343
;WIDTH:0.399221
G1 X-.3 Y5.698 A543.44494
;WIDTH:0.403635
G1 X.112 Y6.014 A543.45319
G1 X.61 Y6.293 A543.46226
;WIDTH:0.402824
G1 X1.084 Y6.463 A543.47024
;WIDTH:0.39607
G1 X.782 Y6.764 A543.47688
;WIDTH:0.402824
G1 X.441 Y6.634 A543.48267
;WIDTH:0.403635
G1 X-.123 Y6.315 A543.49297
G1 X-.629 Y5.908 A543.50329
;WIDTH:0.399221
G1 X-1.02 Y5.462 A543.51261
G1 X-.898 Y5.34 A543.51532
G1 A543.21532 F2400
;WIPE_START
G1 F6240
G1 X-1.02 Y5.462 A543.15228
G1 X-.629 Y5.908 A542.93556
G1 X-.123 Y6.315 A542.69829
G1 X.441 Y6.634 A542.46153
G1 X.782 Y6.764 A542.32819
G1 X1.084 Y6.463 A542.1724
G1 X.68 Y6.318 A542.01532
;WIPE_END
G1 X3.276 Y5.431 F7800
G1 A543.51532 F2400
;WIDTH:0.469318
G1 F3600
G1 X3.504 Y5.233 A543.52094
;WIDTH:0.426653
G1 X3.732 Y5.035 A543.52603
;WIDTH:0.417994
G1 X3.947 Y4.796 A543.53133
;WIDTH:0.452
G1 X4.162 Y4.557 A543.53708
G1 A543.23708 F2400
;WIPE_START
G1 F6240
G1 X3.947 Y4.796 A543.11962
G1 X3.732 Y5.035 A543.00216
G1 X3.504 Y5.233 A542.89182
G1 X3.276 Y5.431 A542.78148
;WIPE_END
G1 A542.03708 F2400
G1 X6.558 Y2.768 F7800
G1 A543.53708 F2400
;WIDTH:0.449999
G1 F3600
G1 X1.537 Y7.789 A543.66359
G1 X2.148 Y7.784 A543.67448
G1 X6.573 Y3.36 A543.78596
G1 X6.5 Y4.039 A543.79813
G1 X2.814 Y7.724 A543.89099
G1 A543.59099 F2400
;WIPE_START
G1 F6240
G1 X5.136 Y5.402 A542.39099
;WIPE_END
G1 X6.138 Y4.98 F7800
G1 A543.89099 F2400
;WIDTH:0.412782
G1 F3600
G1 X5.351 Y5.767 A543.9091
;WIDTH:0.431382
G1 X4.892 Y6.239 A543.92032
G1 X4.343 Y6.76 A543.93322
;WIDTH:0.39121
G1 X3.547 Y7.556 A543.95052
G1 X3.911 Y7.419 A543.9565
G1 X4.578 Y7.044 A543.96826
;WIDTH:0.431382
G1 X5.166 Y6.543 A543.98143
G1 X5.636 Y6.035 A543.99322
;WIDTH:0.412782
G1 X6.179 Y5.182 A544.00967
G1 X6.29 Y4.828 A544.01571
M106 P114.75
;LAYER_CHANGE
;Z:1.74286
;HEIGHT:0.0428571
G1 A543.71571 F2400
;WIPE_START
G1 F6240
G1 X6.179 Y5.182 A543.58015
G1 X5.636 Y6.035 A543.21069
G1 X5.166 Y6.543 A542.95782
G1 X4.578 Y7.044 A542.67556
G1 X4.196 Y7.258 A542.51571
;WIPE_END
G1 Z1.743 F7800
G1 X3.313 Y9.54
G1 A544.01571 F2400
;TYPE:Support material interface
;WIDTH:0.35
;HEIGHT:0.257143
G1 F3600
G1 X2.703 Y10.15 A544.0429
G1 X2.703 Y10.615 A544.05756
G1 X3.725 Y9.593 A544.10311
G1 X4.334 Y9.392 A544.12332
G1 X2.703 Y11.079 A544.19728
G1 X2.703 Y11.544 A544.21194
G1 X4.332 Y9.915 A544.28455
G1 X4.33 Y10.382 A544.29927
G1 X2.704 Y12.008 A544.37175
G1 X2.704 Y12.472 A544.38637
G1 X4.289 Y10.887 A544.45702
G1 X4.224 Y11.417 A544.47385
G1 X2.705 Y12.936 A544.54156
G1 X2.705 Y13.4 A544.55618
G1 X4.174 Y11.932 A544.62164
G1 X4.152 Y12.418 A544.63697
G1 X2.706 Y13.865 A544.70145
G1 X2.706 Y14.329 A544.71607
G1 X4.13 Y12.905 A544.77954
G1 X4.108 Y13.391 A544.79487
G1 X2.707 Y14.793 A544.85734
G1 X2.707 Y15.257 A544.87196
G1 X4.087 Y13.877 A544.93347
G1 X4.074 Y14.355 A544.94854
G1 X2.707 Y15.721 A545.00945
G1 X2.708 Y16.185 A545.02407
G1 X4.064 Y14.829 A545.08451
G1 X4.055 Y15.303 A545.09945
G1 X2.708 Y16.65 A545.15949
G1 X2.709 Y17.114 A545.17411
G1 X4.045 Y15.777 A545.23368
G1 X4.036 Y16.251 A545.24862
G1 X2.709 Y17.578 A545.30777
G1 X2.71 Y18.042 A545.32239
G1 X4.027 Y16.725 A545.38109
G1 X4.017 Y17.199 A545.39603
G1 X2.71 Y18.506 A545.45429
G1 X2.711 Y18.971 A545.46895
G1 X4.008 Y17.673 A545.52678
G1 X3.999 Y18.147 A545.54172
G1 X2.711 Y19.435 A545.59913
G1 X2.711 Y19.899 A545.61375
G1 X3.989 Y18.621 A545.67071
G1 X3.98 Y19.095 A545.68565
G1 X2.712 Y20.363 A545.74217
G1 X2.712 Y20.827 A545.75679
G1 X3.97 Y19.569 A545.81286
G1 X3.962 Y20.043 A545.8278
G1 X2.713 Y21.291 A545.88345
G1 X2.713 Y21.756 A545.89811
G1 X3.954 Y20.515 A545.95343
G1 X3.946 Y20.987 A545.96831
G1 X2.714 Y22.22 A546.02325
G1 X2.714 Y22.684 A546.03787
G1 X3.939 Y21.459 A546.09247
G1 X3.931 Y21.931 A546.10735
G1 X2.74 Y23.122 A546.16044
G1 X2.843 Y23.484 A546.1723
G1 X3.924 Y22.404 A546.22046
G1 X3.916 Y22.876 A546.23534
G1 X2.883 Y23.909 A546.28138
G1 X2.881 Y24.375 A546.29607
G1 X3.909 Y23.348 A546.34187
G1 X3.898 Y23.823 A546.35685
G1 X2.881 Y24.84 A546.40218
G1 X2.88 Y25.306 A546.41687
G1 X3.887 Y24.299 A546.46176
G1 X3.876 Y24.774 A546.47674
G1 X2.88 Y25.771 A546.52116
G1 X2.879 Y26.236 A546.53582
G1 X3.868 Y25.247 A546.5799
G1 X3.862 Y25.718 A546.59475
G1 X2.878 Y26.701 A546.63859
G1 X2.878 Y27.167 A546.65328
G1 X3.856 Y26.188 A546.6969
G1 X3.85 Y26.659 A546.71175
G1 X2.876 Y27.633 A546.75516
G1 X2.874 Y28.099 A546.76985
G1 X3.844 Y27.13 A546.81306
G1 X3.834 Y27.605 A546.82803
G1 X2.874 Y28.564 A546.8708
G1 X2.873 Y29.03 A546.88549
G1 X3.823 Y28.08 A546.92783
G1 X3.816 Y28.552 A546.94271
G1 X2.873 Y29.495 A546.98474
G1 X2.872 Y29.96 A546.9994
G1 X3.81 Y29.022 A547.04121
G1 X3.804 Y29.493 A547.05606
G1 X2.871 Y30.425 A547.09762
G1 X2.871 Y30.891 A547.11231
G1 X3.798 Y29.963 A547.15365
G1 X3.793 Y30.433 A547.16846
G1 X2.869 Y31.357 A547.20965
G1 X2.867 Y31.824 A547.22437
G1 X3.786 Y30.904 A547.26536
G1 X3.777 Y31.378 A547.2803
G1 X2.865 Y32.29 A547.32095
G1 X2.865 Y32.755 A547.33561
G1 X3.767 Y31.853 A547.37582
G1 X3.758 Y32.327 A547.39076
G1 X2.864 Y33.22 A547.43059
G1 X2.863 Y33.686 A547.44528
G1 X3.752 Y32.797 A547.48491
G1 X3.747 Y33.266 A547.49969
G1 X2.863 Y34.151 A547.53912
G1 X2.862 Y34.616 A547.55378
G1 X3.742 Y33.736 A547.593
G1 X3.737 Y34.206 A547.60781
G1 X2.862 Y35.081 A547.64681
G1 X2.861 Y35.547 A547.6615
G1 X3.732 Y34.676 A547.70032
G1 X3.727 Y35.145 A547.7151
G1 X2.86 Y36.012 A547.75375
G1 X2.86 Y36.477 A547.76841
G1 X3.722 Y35.615 A547.80683
G1 X3.717 Y36.085 A547.82164
G1 X2.859 Y36.942 A547.85986
G1 X2.859 Y37.407 A547.87452
G1 X3.712 Y36.554 A547.91254
G1 X3.707 Y37.024 A547.92735
G1 X2.858 Y37.873 A547.96519
G1 X2.857 Y38.338 A547.97985
G1 X3.701 Y37.494 A548.01747
G1 X3.696 Y37.964 A548.03228
G1 X2.855 Y38.805 A548.06977
G1 X2.854 Y39.271 A548.08446
G1 X3.69 Y38.435 A548.12172
G1 X3.682 Y38.907 A548.1366
G1 X2.852 Y39.737 A548.1736
G1 X2.851 Y40.203 A548.18829
G1 X3.677 Y39.376 A548.22513
G1 X3.673 Y39.845 A548.23991
G1 X2.851 Y40.668 A548.27657
G1 X2.85 Y41.133 A548.29123
G1 X3.668 Y40.315 A548.32769
G1 X3.664 Y40.784 A548.34247
G1 X2.849 Y41.598 A548.37878
G1 X2.849 Y42.063 A548.39344
G1 X3.659 Y41.253 A548.42954
G1 X3.655 Y41.722 A548.44432
G1 X2.848 Y42.529 A548.48029
G1 X2.848 Y42.994 A548.49495
G1 X3.65 Y42.191 A548.53072
G1 X3.646 Y42.66 A548.5455
G1 X2.847 Y43.459 A548.58111
G1 X2.846 Y43.924 A548.59577
G1 X3.642 Y43.129 A548.63123
G1 X3.637 Y43.598 A548.64601
G1 X2.846 Y44.39 A548.68129
G1 X2.845 Y44.855 A548.69595
G1 X3.633 Y44.067 A548.73107
G1 X3.629 Y44.536 A548.74585
G1 X2.845 Y45.32 A548.7808
G1 X2.844 Y45.785 A548.79546
G1 X3.625 Y45.004 A548.83027
G1 X3.621 Y45.473 A548.84505
G1 X2.844 Y46.25 A548.87968
G1 X2.843 Y46.716 A548.89437
G1 X3.617 Y45.942 A548.92887
G1 X3.612 Y46.411 A548.94365
G1 X2.842 Y47.181 A548.97797
G1 X2.84 Y47.648 A548.99269
G1 X3.61 Y46.877 A549.02703
G1 X3.607 Y47.346 A549.04181
G1 X2.838 Y48.114 A549.07606
G1 X2.837 Y48.58 A549.09075
G1 X3.603 Y47.814 A549.12489
G1 X3.599 Y48.283 A549.13967
G1 X2.837 Y49.045 A549.17363
G1 X2.836 Y49.51 A549.18829
G1 X3.595 Y48.751 A549.22212
G1 X3.591 Y49.22 A549.2369
G1 X2.836 Y49.975 A549.27055
G1 X2.835 Y50.44 A549.28521
G1 X3.587 Y49.688 A549.31873
G1 X3.583 Y50.157 A549.33351
G1 X2.834 Y50.906 A549.3669
G1 X2.834 Y51.371 A549.38156
G1 X3.58 Y50.625 A549.41481
G1 X3.576 Y51.094 A549.42959
G1 X2.833 Y51.836 A549.46269
G1 X2.838 Y52.296 A549.47719
G1 X3.572 Y51.562 A549.50991
G1 X3.568 Y52.031 A549.52469
G1 X2.973 Y52.625 A549.55119
G1 X3.05 Y53.013 A549.56366
G1 X3.564 Y52.499 A549.58657
G1 X3.56 Y52.968 A549.60135
G1 X3.054 Y53.474 A549.6239
G1 X3.053 Y53.939 A549.63856
G1 X3.556 Y53.436 A549.66098
G1 X3.552 Y53.905 A549.67576
G1 X3.053 Y54.404 A549.698
G1 X3.052 Y54.869 A549.71266
G1 X3.549 Y54.373 A549.73479
G1 X3.547 Y54.839 A549.74948
G1 X3.052 Y55.335 A549.77157
G1 X3.051 Y55.8 A549.78623
G1 X3.545 Y55.306 A549.80825
G1 X3.543 Y55.772 A549.82294
G1 X3.049 Y56.266 A549.84496
G1 X3.047 Y56.733 A549.85968
G1 X3.541 Y56.239 A549.8817
G1 X3.539 Y56.706 A549.89642
G1 X3.046 Y57.199 A549.91839
G1 X3.044 Y57.666 A549.93311
G1 X3.536 Y57.173 A549.95506
G1 X3.534 Y57.64 A549.96978
G1 X3.042 Y58.132 A549.99171
G1 X3.04 Y58.599 A550.00643
G1 X3.531 Y58.107 A550.02834
G1 X3.529 Y58.574 A550.04306
G1 X3.038 Y59.065 A550.06495
G1 X3.037 Y59.531 A550.07964
G1 X3.527 Y59.041 A550.10148
G1 X3.524 Y59.508 A550.1162
G1 X3.035 Y59.998 A550.13802
G1 X3.033 Y60.464 A550.15271
G1 X3.522 Y59.975 A550.17451
G1 X3.52 Y60.442 A550.18923
G1 X3.031 Y60.931 A550.21103
G1 X3.029 Y61.397 A550.22572
G1 X3.517 Y60.909 A550.24747
G1 X3.514 Y61.377 A550.26222
G1 X3.028 Y61.863 A550.28388
G1 X3.026 Y62.33 A550.2986
G1 X3.512 Y61.844 A550.32026
G1 X3.509 Y62.312 A550.33501
G1 X3.024 Y62.796 A550.35661
G1 X3.022 Y63.263 A550.37133
G1 X3.506 Y62.779 A550.3929
G1 X3.503 Y63.246 A550.40762
G1 X3.021 Y63.729 A550.42913
G1 X3.019 Y64.196 A550.44385
G1 X3.501 Y63.714 A550.46533
G1 X3.498 Y64.181 A550.48005
G1 X3.134 Y64.545 A550.49627
G1 X3.22 Y64.924 A550.50852
G1 X3.495 Y64.648 A550.5208
G1 X3.492 Y65.116 A550.53555
G1 X3.237 Y65.371 A550.54692
G1 X3.235 Y65.838 A550.56164
G1 X3.49 Y65.583 A550.57301
G1 X3.487 Y66.05 A550.58773
G1 X3.233 Y66.304 A550.59905
G1 X3.232 Y66.77 A550.61374
G1 X3.484 Y66.518 A550.62497
G1 X3.481 Y66.985 A550.63969
G1 X3.23 Y67.237 A550.6509
G1 X3.228 Y67.703 A550.66559
G1 X3.479 Y67.453 A550.67676
G1 X3.476 Y67.92 A550.69148
G1 X3.226 Y68.17 A550.70262
G1 X3.225 Y68.636 A550.71731
G1 X3.473 Y68.387 A550.72839
G1 X3.471 Y68.855 A550.74314
G1 X3.223 Y69.102 A550.75417
G1 X3.221 Y69.569 A550.76889
G1 X3.468 Y69.322 A550.7799
G1 X3.465 Y69.789 A550.79462
G1 X3.219 Y70.035 A550.80559
G1 X3.217 Y70.502 A550.82031
G1 X3.462 Y70.257 A550.83123
G1 X3.46 Y70.724 A550.84595
G1 X3.216 Y70.968 A550.85683
G1 X3.215 Y71.434 A550.87152
G1 X3.457 Y71.191 A550.88233
G1 X3.454 Y71.659 A550.89708
G1 X3.215 Y71.898 A550.90773
G1 X3.215 Y72.362 A550.92235
G1 X3.451 Y72.126 A550.93287
G1 X3.449 Y72.593 A550.94759
G1 X3.068 Y72.975 A550.96459
G1 X4.247 Y28.781 F7800
;TYPE:Support material
G1 F3600
G1 X4.213 Y40.098 A551.32128
G1 X3.98 Y47.721 A551.56165
G1 X4.173 Y48.458 A551.58566
G1 X4.155 Y56.242 A551.831
G1 X3.906 Y66.679 A552.16005
G1 X4.106 Y67.421 A552.18427
G1 X4.097 Y72.385 A552.34073
G1 X4.083 Y73.039 A552.36135
G1 X3.785 Y73.039 A552.37074
G1 X3.951 Y46.442 A553.20904
G1 X4.155 Y28.539 A553.77335
G1 X4.231 Y28.74 A553.78012
G1 A553.48012 F2400
;WIPE_START
G1 F6240
G1 X4.155 Y28.539 A553.4016
G1 X4.12 Y31.608 A552.28012
;WIPE_END
G1 X4.271 Y23.953 F7800
G1 A553.78012 F2400
G1 F3600
G1 X4.209 Y25.13 A553.81727
G1 X4.279 Y21.426 A553.93403
G1 X4.271 Y23.909 A554.01229
G1 A553.71229 F2400
;WIPE_START
G1 F6240
G1 X4.279 Y21.426 A552.80504
G1 X4.264 Y22.227 A552.51229
;WIPE_END
G1 X-3.632 Y7.657 F7800
G1 A554.01229 F2400
;TYPE:Support material interface
G1 F3600
G1 X-3.234 Y7.26 A554.03001
G1 X-3.43 Y6.991 A554.0405
G1 X-4.087 Y7.648 A554.06978
G1 X-4.694 Y7.79 A554.08943
G1 X-3.614 Y6.71 A554.13757
G1 X-3.79 Y6.422 A554.14821
G1 X-5.27 Y7.901 A554.21416
G1 X-5.89 Y8.057 A554.23431
G1 X-3.949 Y6.116 A554.32083
G1 X-4.042 Y5.923 A554.32758
G1 X-4.307 Y6.009 A554.33636
G1 X-6.532 Y8.234 A554.43554
G1 X-7.174 Y8.411 A554.45653
G1 X-4.995 Y6.232 A554.55366
G1 X-5.684 Y6.457 A554.5765
G1 X-7.822 Y8.595 A554.6718
G1 X-8.489 Y8.797 A554.69377
G1 X-6.373 Y6.681 A554.78809
G1 X-7.062 Y6.906 A554.81093
G1 X-9.156 Y9 A554.90427
G1 X-9.823 Y9.202 A554.92624
G1 X-7.752 Y7.131 A555.01855
G1 X-8.441 Y7.356 A555.04139
G1 X-10.489 Y9.404 A555.13268
G1 X-11.156 Y9.606 A555.15465
G1 X-9.13 Y7.58 A555.24496
G1 X-9.82 Y7.805 A555.26783
G1 X-11.823 Y9.808 A555.35711
G1 X-12.49 Y10.01 A555.37908
G1 X-10.509 Y8.03 A555.46736
G1 X-11.198 Y8.254 A555.49019
G1 X-13.156 Y10.212 A555.57746
G1 X-13.827 Y10.418 A555.59958
G1 X-11.888 Y8.479 A555.68601
G1 X-12.577 Y8.704 A555.70885
G1 X-14.497 Y10.624 A555.79443
G1 X-15.168 Y10.83 A555.81655
G1 X-13.266 Y8.928 A555.90133
G1 X-13.956 Y9.153 A555.9242
G1 X-15.839 Y11.036 A556.00813
G1 X-16.509 Y11.242 A556.03022
G1 X-14.645 Y9.378 A556.1133
G1 X-15.334 Y9.603 A556.13614
G1 X-17.174 Y11.443 A556.21816
G1 X-17.837 Y11.641 A556.23997
G1 X-16.024 Y9.827 A556.3208
G1 X-16.659 Y10.034 A556.34185
G1 X-18.507 Y11.846 A556.42342
G1 X-19.181 Y12.056 A556.44567
G1 X-17.662 Y10.536 A556.5134
G1 X-18.348 Y10.758 A556.53613
G1 X-19.855 Y12.265 A556.6033
G1 X-20.525 Y12.47 A556.62538
G1 X-19.035 Y10.98 A556.69179
G1 X-19.722 Y11.202 A556.71455
G1 X-21.189 Y12.67 A556.77996
G1 X-21.863 Y12.879 A556.8022
G1 X-20.409 Y11.425 A556.86701
G1 X-21.093 Y11.644 A556.88965
G1 X-22.538 Y13.089 A556.95406
G1 X-23.213 Y13.299 A556.97634
G1 X-21.779 Y11.866 A557.04024
G1 X-22.466 Y12.088 A557.063
G1 X-23.885 Y13.507 A557.12625
G1 X-24.551 Y13.709 A557.14819
G1 X-23.153 Y12.31 A557.21053
G1 X-23.839 Y12.532 A557.23326
G1 X-25.219 Y13.912 A557.29477
G1 X-25.895 Y14.123 A557.31709
G1 X-24.524 Y12.752 A557.3782
G1 X-25.208 Y12.971 A557.40084
G1 X-26.571 Y14.335 A557.46162
G1 X-27.248 Y14.547 A557.48398
G1 X-25.894 Y13.193 A557.54433
G1 X-26.581 Y13.415 A557.56709
G1 X-27.924 Y14.758 A557.62695
G1 X-28.6 Y14.97 A557.64928
G1 X-27.268 Y13.637 A557.70867
G1 X-27.954 Y13.859 A557.7314
G1 X-29.277 Y15.182 A557.79037
G1 X-29.953 Y15.393 A557.81269
G1 X-28.641 Y14.082 A557.87115
G1 X-29.328 Y14.304 A557.89391
G1 X-30.629 Y15.605 A557.9519
G1 X-31.299 Y15.81 A557.97398
G1 X-30.015 Y14.526 A558.03121
G1 X-30.702 Y14.748 A558.05397
G1 X-31.976 Y16.023 A558.11078
G1 X-32.654 Y16.236 A558.13318
G1 X-31.387 Y14.969 A558.18965
G1 X-32.071 Y15.188 A558.21229
G1 X-33.331 Y16.449 A558.26847
G1 X-34.009 Y16.662 A558.29087
G1 X-32.756 Y15.409 A558.34672
G1 X-33.443 Y15.631 A558.36948
G1 X-34.686 Y16.874 A558.42488
G1 X-35.365 Y17.088 A558.44732
G1 X-34.13 Y15.853 A558.50237
G1 X-34.817 Y16.075 A558.52513
G1 X-36.043 Y17.302 A558.5798
G1 X-36.721 Y17.516 A558.60221
G1 X-35.503 Y16.298 A558.6565
G1 X-36.19 Y16.52 A558.67926
G1 X-37.4 Y17.729 A558.73317
G1 X-38.078 Y17.943 A558.75558
G1 X-36.877 Y16.742 A558.80911
G1 X-37.564 Y16.964 A558.83187
G1 X-38.758 Y18.158 A558.88509
G1 X-39.439 Y18.375 A558.90762
G1 X-38.251 Y17.186 A558.9606
G1 X-38.937 Y17.408 A558.98333
G1 X-40.118 Y18.589 A559.03597
G1 X-40.797 Y18.804 A559.05842
G1 X-39.623 Y17.63 A559.11075
G1 X-40.307 Y17.849 A559.13339
G1 X-41.476 Y19.018 A559.1855
G1 X-42.155 Y19.232 A559.20794
G1 X-40.993 Y18.07 A559.25973
G1 X-41.68 Y18.292 A559.28249
G1 X-42.834 Y19.447 A559.33395
G1 X-43.513 Y19.661 A559.35639
G1 X-42.367 Y18.515 A559.40747
G1 X-43.053 Y18.737 A559.4302
G1 X-44.192 Y19.876 A559.48097
G1 X-44.871 Y20.09 A559.50341
G1 X-43.74 Y18.959 A559.55382
G1 X-44.414 Y19.177 A559.57615
G1 X-45.55 Y20.304 A559.62659
G1 X-46.231 Y20.52 A559.64911
G1 X-45.46 Y19.75 A559.68345
G1 X-46.147 Y19.972 A559.70621
G1 X-46.915 Y20.739 A559.74042
G1 X-47.598 Y20.958 A559.76303
G1 X-46.834 Y20.194 A559.79708
G1 X-47.521 Y20.416 A559.81984
G1 X-48.281 Y21.176 A559.85372
G1 X-48.963 Y21.394 A559.87629
G1 X-48.205 Y20.636 A559.91008
G1 X-48.889 Y20.855 A559.93272
G1 X-49.646 Y21.612 A559.96646
G1 X-50.328 Y21.83 A559.98903
G1 X-49.573 Y21.075 A560.02268
G1 X-50.257 Y21.294 A560.04532
G1 X-51.011 Y22.048 A560.07893
G1 X-51.693 Y22.266 A560.1015
G1 X-50.941 Y21.513 A560.13504
G1 X-51.625 Y21.733 A560.15769
G1 X-52.376 Y22.484 A560.19116
G1 X-53.058 Y22.701 A560.21372
G1 X-52.309 Y21.952 A560.24711
G1 X-52.993 Y22.171 A560.26975
G1 X-53.739 Y22.918 A560.30302
G1 X-54.421 Y23.135 A560.32558
G1 X-53.677 Y22.391 A560.35874
G1 X-54.361 Y22.61 A560.38138
G1 X-55.103 Y23.352 A560.41445
G1 X-55.784 Y23.569 A560.43698
G1 X-55.045 Y22.829 A560.46994
G1 X-55.729 Y23.049 A560.49259
G1 X-56.466 Y23.786 A560.52544
G1 X-57.148 Y24.003 A560.548
G1 X-56.758 Y23.613 A560.56538
G1 X-57.441 Y23.832 A560.58799
G1 X-57.83 Y24.22 A560.60531
G1 X-58.511 Y24.438 A560.62785
G1 X-58.125 Y24.051 A560.64508
G1 X-58.809 Y24.27 A560.66772
G1 X-59.193 Y24.655 A560.68486
G1 X-59.875 Y24.872 A560.70742
G1 X-59.493 Y24.49 A560.72445
G1 X-60.177 Y24.709 A560.74709
G1 X-60.557 Y25.089 A560.76403
G1 X-61.238 Y25.306 A560.78656
G1 X-60.861 Y24.929 A560.80336
G1 X-61.545 Y25.148 A560.826
G1 X-61.92 Y25.523 A560.84272
G1 X-62.602 Y25.74 A560.86528
G1 X-62.229 Y25.367 A560.88191
G1 X-62.917 Y25.591 A560.90471
G1 X-63.283 Y25.957 A560.92102
G1 X-63.965 Y26.174 A560.94358
G1 X-63.375 Y25.584 A560.96988
G1 X-21.627 Y13.26 F7800
;TYPE:Support material
G1 F3600
G1 X-32.4 Y16.724 A561.32655
G1 X-39.722 Y18.859 A561.56694
G1 X-40.363 Y19.27 A561.59094
G1 X-47.772 Y21.658 A561.83629
G1 X-57.775 Y24.646 A562.16533
G1 X-58.419 Y25.066 A562.18956
G1 X-63.143 Y26.592 A562.34603
G1 X-63.769 Y26.78 A562.36663
G1 X-63.861 Y26.497 A562.37601
G1 X-38.515 Y18.436 A563.2143
G1 X-21.425 Y13.097 A563.77862
G1 X-21.593 Y13.232 A563.78541
G1 A563.48541 F2400
;WIPE_START
G1 F6240
G1 X-21.425 Y13.097 A563.40666
G1 X-24.354 Y14.012 A562.28541
;WIPE_END
G1 X-17.028 Y11.79 F7800
G1 A563.78541 F2400
G1 F3600
G1 X-18.166 Y12.095 A563.82254
G1 X-14.621 Y11.017 A563.93932
G1 X-16.986 Y11.777 A564.01761
G1 A563.71761 F2400
;WIPE_START
G1 F6240
G1 X-14.621 Y11.017 A562.80995
G1 X-15.386 Y11.25 A562.51761
;WIPE_END
G1 X-3.806 Y-.532 F7800
G1 A564.01761 F2400
;TYPE:Support material interface
G1 F3600
G1 X-2.534 Y-1.804 A564.07431
G1 X-2.729 Y-2.073 A564.08478
G1 X-3.895 Y-.908 A564.13673
G1 X-4.089 Y-1.178 A564.14721
G1 X-2.925 Y-2.342 A564.19909
G1 X-3.12 Y-2.612 A564.20959
G1 X-4.275 Y-1.457 A564.26107
G1 X-4.44 Y-1.756 A564.27183
G1 X-3.316 Y-2.88 A564.32193
G1 X-3.512 Y-3.149 A564.33242
G1 X-4.606 Y-2.055 A564.38118
G1 X-4.771 Y-2.354 A564.39194
G1 X-3.707 Y-3.418 A564.43937
G1 X-3.903 Y-3.687 A564.44986
G1 X-4.952 Y-2.638 A564.49662
G1 X-5.137 Y-2.918 A564.5072
G1 X-4.099 Y-3.956 A564.55347
G1 X-4.295 Y-4.225 A564.56396
G1 X-5.322 Y-3.198 A564.60974
G1 X-5.507 Y-3.478 A564.62032
G1 X-4.49 Y-4.494 A564.66563
G1 X-4.686 Y-4.763 A564.67612
G1 X-5.691 Y-3.757 A564.72094
G1 X-5.876 Y-4.037 A564.73152
G1 X-4.882 Y-5.031 A564.77583
G1 X-5.078 Y-5.3 A564.78632
G1 X-6.061 Y-4.317 A564.83014
G1 X-6.252 Y-4.591 A564.84067
G1 X-5.273 Y-5.569 A564.88429
G1 X-5.469 Y-5.838 A564.89478
G1 X-6.443 Y-4.864 A564.93819
G1 X-6.634 Y-5.138 A564.94872
G1 X-5.665 Y-6.107 A564.99191
G1 X-5.861 Y-6.376 A565.0024
G1 X-6.824 Y-5.412 A565.04535
G1 X-7.015 Y-5.686 A565.05588
G1 X-6.056 Y-6.645 A565.09863
G1 X-6.252 Y-6.914 A565.10912
G1 X-7.206 Y-5.96 A565.15164
G1 X-7.397 Y-6.234 A565.16217
G1 X-6.448 Y-7.182 A565.20445
G1 X-6.644 Y-7.451 A565.21494
G1 X-7.588 Y-6.507 A565.25702
G1 X-7.778 Y-6.781 A565.26753
G1 X-6.839 Y-7.72 A565.30938
G1 X-7.035 Y-7.989 A565.31987
G1 X-7.969 Y-7.055 A565.3615
G1 X-8.16 Y-7.329 A565.37203
G1 X-7.231 Y-8.258 A565.41344
G1 X-7.427 Y-8.527 A565.42393
G1 X-8.351 Y-7.603 A565.46512
G1 X-8.541 Y-7.877 A565.47563
G1 X-7.622 Y-8.796 A565.51659
G1 X-7.818 Y-9.065 A565.52708
G1 X-8.732 Y-8.15 A565.56784
G1 X-8.923 Y-8.424 A565.57837
G1 X-8.014 Y-9.334 A565.61891
G1 X-8.21 Y-9.602 A565.62937
G1 X-9.114 Y-8.698 A565.66966
G1 X-9.305 Y-8.972 A565.68019
G1 X-8.405 Y-9.871 A565.72028
G1 X-8.601 Y-10.14 A565.73077
G1 X-9.496 Y-9.245 A565.77066
G1 X-9.688 Y-9.518 A565.78118
G1 X-8.797 Y-10.409 A565.82089
G1 X-8.993 Y-10.678 A565.83138
G1 X-9.879 Y-9.791 A565.87089
G1 X-10.071 Y-10.064 A565.88141
G1 X-9.188 Y-10.947 A565.92077
G1 X-9.384 Y-11.216 A565.93126
G1 X-10.263 Y-10.337 A565.97044
G1 X-10.454 Y-10.61 A565.98094
G1 X-9.58 Y-11.485 A566.01992
G1 X-9.776 Y-11.753 A566.03038
G1 X-10.646 Y-10.883 A566.06916
G1 X-10.838 Y-11.156 A566.07968
G1 X-9.971 Y-12.022 A566.1183
G1 X-10.167 Y-12.291 A566.12879
G1 X-11.029 Y-11.429 A566.16721
G1 X-11.221 Y-11.702 A566.17773
G1 X-10.412 Y-12.511 A566.21379
G1 X-10.659 Y-12.728 A566.22415
G1 X-11.413 Y-11.975 A566.25774
G1 X-11.603 Y-12.249 A566.26825
G1 X-10.874 Y-12.978 A566.30074
G1 X-11.069 Y-13.248 A566.31124
G1 X-11.793 Y-12.524 A566.34351
G1 X-11.983 Y-12.798 A566.35402
G1 X-11.264 Y-13.517 A566.38607
G1 X-11.459 Y-13.787 A566.39657
G1 X-12.173 Y-13.073 A566.4284
G1 X-12.363 Y-13.347 A566.43891
G1 X-11.655 Y-14.056 A566.47049
G1 X-11.85 Y-14.325 A566.48096
G1 X-12.556 Y-13.619 A566.51243
G1 X-12.748 Y-13.891 A566.52292
G1 X-12.045 Y-14.595 A566.55428
G1 X-12.24 Y-14.864 A566.56475
G1 X-12.941 Y-14.164 A566.59597
G1 X-13.133 Y-14.436 A566.60646
G1 X-12.435 Y-15.134 A566.63757
G1 X-12.631 Y-15.403 A566.64806
G1 X-13.326 Y-14.708 A566.67904
G1 X-13.518 Y-14.98 A566.68953
G1 X-12.826 Y-15.673 A566.7204
G1 X-13.02 Y-15.943 A566.73088
G1 X-13.709 Y-15.254 A566.76159
G1 X-13.899 Y-15.528 A566.7721
G1 X-13.215 Y-16.213 A566.80261
G1 X-13.41 Y-16.482 A566.81308
G1 X-14.09 Y-15.803 A566.84337
G1 X-14.281 Y-16.076 A566.85387
G1 X-13.605 Y-16.752 A566.884
G1 X-13.8 Y-17.021 A566.89447
G1 X-14.473 Y-16.348 A566.92447
G1 X-14.666 Y-16.62 A566.93498
G1 X-13.996 Y-17.291 A566.96487
G1 X-14.191 Y-17.56 A566.97534
G1 X-14.859 Y-16.892 A567.00512
G1 X-15.051 Y-17.164 A567.01561
G1 X-14.386 Y-17.829 A567.04525
G1 X-14.581 Y-18.099 A567.05575
G1 X-15.244 Y-17.436 A567.0853
G1 X-15.436 Y-17.708 A567.09579
G1 X-14.776 Y-18.368 A567.12521
G1 X-14.971 Y-18.638 A567.13571
G1 X-15.629 Y-17.98 A567.16504
G1 X-15.82 Y-18.253 A567.17554
G1 X-15.166 Y-18.908 A567.20471
G1 X-15.361 Y-19.178 A567.21521
G1 X-16.011 Y-18.527 A567.2442
G1 X-16.202 Y-18.801 A567.25473
G1 X-15.555 Y-19.448 A567.28357
G1 X-15.75 Y-19.718 A567.29407
G1 X-16.392 Y-19.075 A567.32271
G1 X-16.583 Y-19.349 A567.33324
G1 X-15.945 Y-19.987 A567.36168
G1 X-16.14 Y-20.257 A567.37218
G1 X-16.776 Y-19.621 A567.40053
G1 X-16.969 Y-19.892 A567.41102
G1 X-16.335 Y-20.526 A567.43928
G1 X-16.531 Y-20.796 A567.4498
G1 X-17.162 Y-20.164 A567.47795
G1 X-17.355 Y-20.436 A567.48846
G1 X-16.726 Y-21.065 A567.5165
G1 X-16.921 Y-21.334 A567.52697
G1 X-17.548 Y-20.707 A567.55492
G1 X-17.741 Y-20.979 A567.56543
G1 X-17.116 Y-21.604 A567.59329
G1 X-17.311 Y-21.873 A567.60376
G1 X-17.934 Y-21.251 A567.63151
G1 X-18.127 Y-21.522 A567.642
G1 X-17.507 Y-22.143 A567.66966
G1 X-17.702 Y-22.412 A567.68013
G1 X-18.32 Y-21.794 A567.70768
G1 X-18.513 Y-22.066 A567.71819
G1 X-17.897 Y-22.682 A567.74565
G1 X-18.092 Y-22.951 A567.75612
G1 X-18.706 Y-22.338 A567.78347
G1 X-18.899 Y-22.609 A567.79396
G1 X-18.287 Y-23.22 A567.82122
G1 X-18.483 Y-23.49 A567.83174
G1 X-19.092 Y-22.881 A567.85889
G1 X-19.284 Y-23.153 A567.86938
G1 X-18.678 Y-23.759 A567.89639
G1 X-18.873 Y-24.029 A567.90689
G1 X-19.477 Y-23.424 A567.93383
G1 X-19.67 Y-23.696 A567.94434
G1 X-19.068 Y-24.298 A567.97117
G1 X-19.263 Y-24.568 A567.98167
G1 X-19.863 Y-23.968 A568.00841
G1 X-20.055 Y-24.24 A568.0189
G1 X-19.458 Y-24.837 A568.04551
G1 X-19.653 Y-25.107 A568.05601
G1 X-20.246 Y-24.514 A568.08244
G1 X-20.439 Y-24.786 A568.09295
G1 X-19.847 Y-25.377 A568.11932
G1 X-20.042 Y-25.647 A568.12982
G1 X-20.632 Y-25.057 A568.15612
G1 X-20.826 Y-25.328 A568.16662
G1 X-20.237 Y-25.917 A568.19287
G1 X-20.432 Y-26.187 A568.20337
G1 X-21.019 Y-25.6 A568.22953
G1 X-21.212 Y-25.871 A568.24002
G1 X-20.627 Y-26.456 A568.2661
G1 X-20.822 Y-26.725 A568.27657
G1 X-21.405 Y-26.143 A568.30253
G1 X-21.598 Y-26.414 A568.31302
G1 X-21.018 Y-26.995 A568.33889
G1 X-21.213 Y-27.264 A568.34936
G1 X-21.792 Y-26.686 A568.37515
G1 X-21.985 Y-26.957 A568.38564
G1 X-21.408 Y-27.534 A568.41136
G1 X-21.603 Y-27.803 A568.42183
G1 X-22.178 Y-27.228 A568.44746
G1 X-22.371 Y-27.5 A568.45797
G1 X-21.799 Y-28.073 A568.48349
G1 X-21.994 Y-28.342 A568.49396
G1 X-22.565 Y-27.771 A568.51941
G1 X-22.758 Y-28.042 A568.5299
G1 X-22.189 Y-28.611 A568.55526
G1 X-22.384 Y-28.881 A568.56576
G1 X-22.951 Y-28.314 A568.59103
G1 X-23.145 Y-28.585 A568.60153
G1 X-22.579 Y-29.15 A568.62674
G1 X-22.775 Y-29.42 A568.63726
G1 X-23.338 Y-28.856 A568.66238
G1 X-23.532 Y-29.127 A568.67288
G1 X-22.97 Y-29.689 A568.69793
G1 X-23.165 Y-29.958 A568.7084
G1 X-23.725 Y-29.398 A568.73336
G1 X-23.918 Y-29.67 A568.74387
G1 X-23.36 Y-30.228 A568.76874
G1 X-23.555 Y-30.497 A568.77921
G1 X-24.112 Y-29.941 A568.80402
G1 X-24.305 Y-30.212 A568.81451
G1 X-23.751 Y-30.767 A568.83923
G1 X-23.946 Y-31.036 A568.8497
G1 X-24.499 Y-30.483 A568.87435
G1 X-24.692 Y-30.755 A568.88486
G1 X-24.141 Y-31.305 A568.9094
G1 X-24.336 Y-31.575 A568.9199
G1 X-24.886 Y-31.025 A568.94442
G1 X-25.081 Y-31.295 A568.95492
G1 X-24.531 Y-31.845 A568.97944
G1 X-24.726 Y-32.115 A568.98994
G1 X-25.274 Y-31.566 A569.01439
G1 X-25.468 Y-31.837 A569.02489
G1 X-24.92 Y-32.385 A569.04932
G1 X-25.115 Y-32.655 A569.05982
G1 X-25.661 Y-32.108 A569.08418
G1 X-25.855 Y-32.38 A569.09471
G1 X-25.31 Y-32.924 A569.11898
G1 X-25.505 Y-33.194 A569.12948
G1 X-26.048 Y-32.651 A569.15368
G1 X-26.242 Y-32.922 A569.16418
G1 X-25.701 Y-33.463 A569.18829
G1 X-25.896 Y-33.732 A569.19876
G1 X-26.435 Y-33.193 A569.22279
G1 X-26.629 Y-33.464 A569.23329
G1 X-26.091 Y-34.002 A569.25727
G1 X-26.286 Y-34.271 A569.26774
G1 X-26.822 Y-33.735 A569.29163
G1 X-27.016 Y-34.006 A569.30213
G1 X-26.481 Y-34.541 A569.32598
G1 X-26.677 Y-34.81 A569.33647
G1 X-27.209 Y-34.277 A569.36021
G1 X-27.403 Y-34.548 A569.37071
G1 X-26.872 Y-35.079 A569.39438
G1 X-27.067 Y-35.349 A569.40488
G1 X-27.597 Y-34.819 A569.4285
G1 X-27.79 Y-35.09 A569.43899
G1 X-27.262 Y-35.618 A569.46252
G1 X-27.458 Y-35.888 A569.47304
G1 X-27.984 Y-35.362 A569.49649
G1 X-28.177 Y-35.633 A569.50698
G1 X-27.711 Y-36.099 A569.52775
G1 X-27.973 Y-36.301 A569.53818
G1 X-28.371 Y-35.904 A569.5559
G1 X-28.564 Y-36.175 A569.56639
G1 X-28.203 Y-36.536 A569.58248
G1 X-28.398 Y-36.806 A569.59298
G1 X-28.758 Y-36.446 A569.60903
G1 X-28.951 Y-36.717 A569.61952
G1 X-28.593 Y-37.075 A569.63548
G1 X-28.788 Y-37.345 A569.64598
G1 X-29.145 Y-36.988 A569.66189
G1 X-29.339 Y-37.259 A569.67239
G1 X-28.984 Y-37.614 A569.68821
G1 X-29.179 Y-37.883 A569.69868
G1 X-29.533 Y-37.529 A569.71446
G1 X-29.728 Y-37.799 A569.72496
G1 X-29.374 Y-38.153 A569.74074
G1 X-29.569 Y-38.422 A569.75121
G1 X-29.923 Y-38.069 A569.76697
G1 X-30.117 Y-38.339 A569.77745
G1 X-29.764 Y-38.692 A569.79318
G1 X-29.959 Y-38.962 A569.80368
G1 X-30.311 Y-38.609 A569.81939
G1 X-30.506 Y-38.88 A569.82991
G1 X-30.154 Y-39.232 A569.8456
G1 X-30.348 Y-39.502 A569.85608
G1 X-30.7 Y-39.15 A569.87177
G1 X-30.894 Y-39.42 A569.88225
G1 X-30.543 Y-39.772 A569.89792
G1 X-30.737 Y-40.042 A569.9084
G1 X-31.089 Y-39.691 A569.92407
G1 X-31.283 Y-39.961 A569.93455
G1 X-30.932 Y-40.312 A569.9502
G1 X-31.127 Y-40.582 A569.9607
G1 X-31.477 Y-40.231 A569.97632
G1 X-31.671 Y-40.502 A569.98682
G1 X-31.321 Y-40.852 A570.00242
G1 X-31.516 Y-41.122 A570.01292
G1 X-31.866 Y-40.772 A570.02852
G1 X-32.06 Y-41.042 A570.039
G1 X-31.71 Y-41.392 A570.0546
G1 X-31.905 Y-41.662 A570.0651
G1 X-32.254 Y-41.313 A570.08066
G1 X-32.449 Y-41.583 A570.09116
G1 X-32.1 Y-41.932 A570.10672
G1 X-32.294 Y-42.202 A570.1172
G1 X-32.643 Y-41.853 A570.13276
G1 X-32.837 Y-42.124 A570.14326
G1 X-32.489 Y-42.472 A570.15877
G1 X-32.683 Y-42.742 A570.16925
G1 X-33.032 Y-42.394 A570.18478
G1 X-33.226 Y-42.664 A570.19526
G1 X-32.878 Y-43.012 A570.21077
G1 X-33.073 Y-43.282 A570.22127
G1 X-33.42 Y-42.935 A570.23674
G1 X-33.614 Y-43.205 A570.24722
G1 X-33.267 Y-43.552 A570.26269
G1 X-33.462 Y-43.822 A570.27319
G1 X-33.808 Y-43.476 A570.28861
G1 X-34.002 Y-43.746 A570.29909
G1 X-33.656 Y-44.092 A570.31451
G1 X-33.851 Y-44.362 A570.32501
G1 X-34.196 Y-44.017 A570.34039
G1 X-34.39 Y-44.287 A570.35087
G1 X-34.046 Y-44.632 A570.36623
G1 X-34.24 Y-44.902 A570.37671
G1 X-34.585 Y-44.558 A570.39207
G1 X-34.779 Y-44.828 A570.40255
G1 X-34.435 Y-45.172 A570.41788
G1 X-34.629 Y-45.442 A570.42836
G1 X-34.973 Y-45.099 A570.44367
G1 X-35.167 Y-45.369 A570.45415
G1 X-34.872 Y-45.664 A570.4673
G1 X-35.139 Y-45.862 A570.47778
G1 X-35.361 Y-45.64 A570.48768
G1 X-35.555 Y-45.91 A570.49816
G1 X-35.373 Y-46.092 A570.50627
G1 X-35.568 Y-46.362 A570.51677
G1 X-35.749 Y-46.181 A570.52484
G1 X-35.943 Y-46.451 A570.53532
G1 X-35.762 Y-46.633 A570.54341
G1 X-35.957 Y-46.903 A570.55391
G1 X-36.138 Y-46.722 A570.56198
G1 X-36.332 Y-46.992 A570.57246
G1 X-36.151 Y-47.173 A570.58053
G1 X-36.346 Y-47.443 A570.59103
G1 X-36.526 Y-47.263 A570.59905
G1 X-36.72 Y-47.533 A570.60953
G1 X-36.54 Y-47.713 A570.61755
G1 X-36.735 Y-47.983 A570.62805
G1 X-36.914 Y-47.804 A570.63603
G1 X-37.108 Y-48.074 A570.64651
G1 X-36.93 Y-48.253 A570.65447
G1 X-37.124 Y-48.523 A570.66495
G1 X-37.302 Y-48.345 A570.67288
G1 X-37.496 Y-48.615 A570.68336
G1 X-37.319 Y-48.793 A570.69127
G1 X-37.514 Y-49.063 A570.70177
G1 X-37.691 Y-48.886 A570.70966
G1 X-37.885 Y-49.156 A570.72014
G1 X-37.708 Y-49.333 A570.72803
G1 X-37.903 Y-49.603 A570.73853
G1 X-38.079 Y-49.427 A570.74637
G1 X-38.273 Y-49.697 A570.75685
G1 X-38.097 Y-49.873 A570.76469
G1 X-38.292 Y-50.143 A570.77519
G1 X-38.467 Y-49.968 A570.78299
G1 X-38.661 Y-50.238 A570.79347
G1 X-38.487 Y-50.413 A570.80125
G1 X-38.681 Y-50.683 A570.81173
G1 X-38.855 Y-50.509 A570.81949
G1 X-39.049 Y-50.779 A570.82997
G1 X-38.876 Y-50.953 A570.8377
G1 X-39.071 Y-51.223 A570.8482
G1 X-39.244 Y-51.05 A570.85591
G1 X-39.438 Y-51.32 A570.86639
G1 X-39.266 Y-51.492 A570.87406
G1 X-39.462 Y-51.761 A570.88455
G1 X-39.632 Y-51.591 A570.89213
G1 X-39.826 Y-51.861 A570.90261
G1 X-39.658 Y-52.03 A570.91012
G1 X-39.853 Y-52.298 A570.92057
G1 X-40.02 Y-52.132 A570.92799
G1 X-40.214 Y-52.402 A570.93847
G1 X-39.943 Y-52.673 A570.95055
G1 X-33.391 Y-42.312 F7800
;TYPE:Support material
G1 F3600
G1 X-14.644 Y-16.002 A571.96877
G1 X-14.86 Y-16.144 A571.97692
G1 X-21.485 Y-25.319 A572.33361
G1 X-25.777 Y-31.624 A572.57401
G1 X-26.366 Y-32.106 A572.598
G1 X-30.927 Y-38.414 A572.84334
G1 X-36.86 Y-47.005 A573.17241
G1 X-37.458 Y-47.487 A573.19662
G1 X-40.742 Y-52.046 A573.37371
G1 X-40.501 Y-52.221 A573.3831
G1 X-33.417 Y-42.348 A573.76609
G1 X-12.591 Y-13.081 F7800
G1 F3600
G1 X-10.563 Y-10.174 A573.87781
G1 X-12.683 Y-13.212 A573.99457
G1 X-12.616 Y-13.117 A573.99823
G1 A573.69823 F2400
;WIPE_START
G1 F6240
G1 X-12.683 Y-13.212 A573.65575
G1 X-10.87 Y-10.614 A572.49823
;WIPE_END
G1 X5.089 Y-2.458 F7800
G1 A573.99823 F2400
;TYPE:Support material interface
G1 F3600
G1 X5.616 Y-2.985 A574.02172
G1 X6.845 Y-4.678 A574.08766
G1 X4.891 Y-2.724 A574.17476
G1 X4.574 Y-2.872 A574.18579
G1 X8.071 Y-6.369 A574.34166
G1 X9.296 Y-8.059 A574.40745
G1 X4.239 Y-3.002 A574.63286
G1 X3.888 Y-3.115 A574.64448
G1 X10.522 Y-9.749 A574.94018
G1 X11.747 Y-11.439 A575.00597
G1 X4.513 Y-4.205 A575.32841
G1 X5.251 Y-4.997 A575.36253
G1 X6.823 Y-6.98 A575.44229
G1 X12.973 Y-13.129 A575.71639
G1 X13.445 Y-14.066 A575.74946
G1 X8.273 Y-8.893 A575.98002
G1 X9.722 Y-10.807 A576.05568
G1 X14.696 Y-15.782 A576.27741
G1 X15.952 Y-17.502 A576.34454
G1 X11.141 Y-12.691 A576.55898
G1 X12.558 Y-14.573 A576.63323
G1 X17.2 Y-19.214 A576.84012
G1 X18.463 Y-20.942 A576.90758
G1 X13.984 Y-16.463 A577.10722
G1 X15.401 Y-18.345 A577.18147
G1 X19.71 Y-22.654 A577.37354
G1 X20.957 Y-24.366 A577.4403
G1 X16.759 Y-20.168 A577.62742
G1 X18.174 Y-22.047 A577.70156
G1 X22.211 Y-26.084 A577.8815
G1 X23.468 Y-27.806 A577.9487
G1 X19.519 Y-23.856 A578.12474
G1 X20.863 Y-25.666 A578.1958
G1 X24.714 Y-29.517 A578.36745
G1 X25.961 Y-31.228 A578.43418
G1 X22.223 Y-27.49 A578.6008
G1 X23.555 Y-29.287 A578.6713
G1 X27.211 Y-32.943 A578.83426
G1 X28.469 Y-34.665 A578.90147
G1 X24.88 Y-31.077 A579.06142
G1 X26.2 Y-32.861 A579.13137
G1 X29.715 Y-36.376 A579.28805
G1 X30.153 Y-36.977 A579.31149
G1 X30.266 Y-37.392 A579.32505
G1 X27.511 Y-34.636 A579.44787
G1 X28.829 Y-36.419 A579.51775
G1 X31.193 Y-38.783 A579.62312
G1 X32.448 Y-40.503 A579.69023
G1 X30.146 Y-38.201 A579.79284
G1 X31.439 Y-39.958 A579.8616
G1 X33.72 Y-42.24 A579.96329
G1 X34.992 Y-43.976 A580.03112
G1 X32.722 Y-41.706 A580.1323
G1 X34.007 Y-43.455 A580.2007
G1 X36.264 Y-45.712 A580.3013
G1 X37.045 Y-46.779 A580.34298
G1 X37.103 Y-47.016 A580.35067
G1 X35.295 Y-45.209 A580.43124
G1 X36.587 Y-46.965 A580.49995
G1 X37.775 Y-48.153 A580.5529
G1 X39.047 Y-49.889 A580.62073
G1 X37.88 Y-48.722 A580.67275
G1 X39.172 Y-50.479 A580.74149
G1 X40.318 Y-51.626 A580.79259
G1 X41.57 Y-53.342 A580.85954
G1 X40.464 Y-52.236 A580.90884
G1 X41.992 Y-54.228 A580.98797
G1 X41.378 Y-54.478 F7800
;TYPE:Support material
G1 F3600
G1 X41.583 Y-54.329 A580.99596
G1 X25.815 Y-32.91 A581.83425
G1 X15.127 Y-18.545 A582.39858
G1 X15.195 Y-18.795 A582.40675
G1 X21.874 Y-27.93 A582.76342
G1 X26.544 Y-33.961 A583.00383
G1 X26.82 Y-34.67 A583.02781
G1 X31.41 Y-40.957 A583.27315
G1 X37.747 Y-49.255 A583.60223
G1 X38.021 Y-49.972 A583.62642
G1 X41.342 Y-54.504 A583.80351
G1 A583.50351 F2400
;WIPE_START
G1 F6240
G1 X39.401 Y-51.855 A582.30351
;WIPE_END
G1 X12.983 Y-15.69 F7800
G1 A583.80351 F2400
G1 F3600
G1 X10.846 Y-12.863 A583.9152
G1 X13.079 Y-15.818 A584.03194
G1 X13.01 Y-15.725 A584.03559
G1 A583.73559 F2400
;WIPE_START
G1 F6240
G1 X13.079 Y-15.818 A583.69328
G1 X11.168 Y-13.29 A582.53559
;WIPE_END
G1 X9.037 Y2.887 F7800
G1 A584.03559 F2400
;TYPE:Support material interface
G1 F3600
G1 X8.596 Y3.328 A584.05525
G1 X8.573 Y3.815 A584.07062
G1 X9.269 Y3.12 A584.10162
G1 X9.618 Y3.235 A584.1132
G1 X8.502 Y4.351 A584.16294
G1 X8.463 Y4.569 A584.16992
G1 X8.679 Y4.639 A584.17708
G1 X9.944 Y3.374 A584.23347
G1 X10.26 Y3.522 A584.24447
G1 X9.029 Y4.753 A584.29934
G1 X9.38 Y4.867 A584.31097
G1 X10.577 Y3.67 A584.36432
G1 X10.9 Y3.812 A584.37544
G1 X9.731 Y4.981 A584.42755
G1 X10.082 Y5.095 A584.43918
G1 X11.238 Y3.938 A584.49073
G1 X11.576 Y4.065 A584.50211
G1 X10.433 Y5.208 A584.55306
G1 X10.784 Y5.322 A584.56469
G1 X11.914 Y4.192 A584.61506
G1 X12.252 Y4.319 A584.62644
G1 X11.135 Y5.436 A584.67623
G1 X11.485 Y5.549 A584.68782
G1 X12.589 Y4.445 A584.73703
G1 X12.928 Y4.572 A584.74844
G1 X11.836 Y5.663 A584.79709
G1 X12.187 Y5.777 A584.80872
G1 X13.272 Y4.692 A584.85708
G1 X13.617 Y4.811 A584.86858
G1 X12.538 Y5.89 A584.91667
G1 X12.889 Y6.004 A584.9283
G1 X13.962 Y4.931 A584.97613
G1 X14.307 Y5.051 A584.98764
G1 X13.24 Y6.118 A585.0352
G1 X13.591 Y6.231 A585.04682
G1 X14.652 Y5.17 A585.09411
G1 X14.997 Y5.29 A585.10562
G1 X13.942 Y6.345 A585.15264
G1 X14.293 Y6.459 A585.16427
G1 X15.342 Y5.41 A585.21103
G1 X15.687 Y5.529 A585.22253
G1 X14.644 Y6.572 A585.26902
G1 X14.995 Y6.686 A585.28065
G1 X16.032 Y5.649 A585.32687
G1 X16.377 Y5.769 A585.33838
G1 X15.346 Y6.8 A585.38434
G1 X15.697 Y6.913 A585.39596
G1 X16.722 Y5.888 A585.44165
G1 X17.067 Y6.008 A585.45316
G1 X16.048 Y7.027 A585.49858
G1 X16.399 Y7.141 A585.51021
G1 X17.412 Y6.128 A585.55536
G1 X17.757 Y6.247 A585.56686
G1 X16.75 Y7.254 A585.61175
G1 X17.101 Y7.368 A585.62338
G1 X18.102 Y6.367 A585.668
G1 X18.447 Y6.487 A585.67951
G1 X17.452 Y7.482 A585.72386
G1 X17.803 Y7.595 A585.73548
G1 X18.793 Y6.605 A585.77961
G1 X19.139 Y6.724 A585.79114
G1 X18.154 Y7.709 A585.83504
G1 X18.505 Y7.823 A585.84667
G1 X19.485 Y6.843 A585.89035
G1 X19.831 Y6.961 A585.90187
G1 X18.856 Y7.936 A585.94533
G1 X19.207 Y8.05 A585.95696
G1 X20.177 Y7.08 A586.0002
G1 X20.523 Y7.198 A586.01172
G1 X19.558 Y8.164 A586.05476
G1 X19.909 Y8.277 A586.06638
G1 X20.869 Y7.317 A586.10917
G1 X21.215 Y7.436 A586.1207
G1 X20.26 Y8.391 A586.16327
G1 X20.61 Y8.505 A586.17487
G1 X21.561 Y7.554 A586.21726
G1 X21.906 Y7.673 A586.22876
G1 X20.961 Y8.618 A586.27088
G1 X21.393 Y8.651 A586.28454
G1 X22.25 Y7.794 A586.32274
G1 X22.594 Y7.915 A586.33423
G1 X21.797 Y8.712 A586.36975
G1 X22.147 Y8.827 A586.38136
G1 X22.938 Y8.035 A586.41664
G1 X23.282 Y8.156 A586.42813
G1 X22.497 Y8.942 A586.46314
G1 X22.847 Y9.056 A586.47474
G1 X23.629 Y8.274 A586.5096
G1 X23.976 Y8.391 A586.52114
G1 X23.197 Y9.17 A586.55586
G1 X23.548 Y9.285 A586.5675
G1 X24.323 Y8.509 A586.60207
G1 X24.67 Y8.627 A586.61362
G1 X23.898 Y9.399 A586.64803
G1 X24.248 Y9.513 A586.65963
G1 X25.017 Y8.744 A586.69391
G1 X25.364 Y8.862 A586.70546
G1 X24.598 Y9.628 A586.7396
G1 X24.949 Y9.742 A586.75123
G1 X25.708 Y8.982 A586.78508
G1 X26.052 Y9.103 A586.79657
G1 X25.298 Y9.857 A586.83018
G1 X25.648 Y9.972 A586.84179
G1 X26.397 Y9.223 A586.87518
G1 X26.744 Y9.34 A586.88672
G1 X25.998 Y10.086 A586.91997
G1 X26.348 Y10.201 A586.93158
G1 X27.091 Y9.458 A586.9647
G1 X27.438 Y9.575 A586.97624
G1 X26.699 Y10.315 A587.0092
G1 X27.049 Y10.429 A587.0208
G1 X27.785 Y9.693 A587.05361
G1 X28.133 Y9.81 A587.06518
G1 X27.399 Y10.544 A587.0979
G1 X27.749 Y10.658 A587.1095
G1 X28.48 Y9.928 A587.14206
G1 X28.827 Y10.045 A587.1536
G1 X28.1 Y10.772 A587.186
G1 X28.45 Y10.887 A587.19761
G1 X29.172 Y10.165 A587.22979
G1 X29.516 Y10.285 A587.24127
G1 X28.8 Y11.002 A587.27321
G1 X29.149 Y11.117 A587.28479
G1 X29.861 Y10.405 A587.31653
G1 X30.206 Y10.525 A587.32804
G1 X29.499 Y11.232 A587.35955
G1 X29.848 Y11.347 A587.37113
G1 X30.553 Y10.642 A587.40255
G1 X30.901 Y10.759 A587.41412
G1 X30.199 Y11.461 A587.44541
G1 X30.549 Y11.576 A587.45702
G1 X31.248 Y10.876 A587.4882
G1 X31.596 Y10.993 A587.49977
G1 X30.899 Y11.69 A587.53084
G1 X31.25 Y11.804 A587.54247
G1 X31.943 Y11.11 A587.57338
G1 X32.291 Y11.227 A587.58495
G1 X31.6 Y11.919 A587.61577
G1 X31.95 Y12.033 A587.62737
G1 X32.639 Y11.345 A587.65806
G1 X32.986 Y11.462 A587.6696
G1 X32.3 Y12.147 A587.70016
G1 X32.651 Y12.262 A587.7118
G1 X33.334 Y11.579 A587.74224
G1 X33.681 Y11.696 A587.75378
G1 X33.001 Y12.376 A587.78409
G1 X33.351 Y12.49 A587.79569
G1 X34.029 Y11.813 A587.82589
G1 X34.376 Y11.93 A587.83743
G1 X33.702 Y12.605 A587.86749
G1 X34.052 Y12.719 A587.87909
G1 X34.724 Y12.047 A587.90904
G1 X35.071 Y12.164 A587.92058
G1 X34.402 Y12.833 A587.9504
G1 X34.753 Y12.948 A587.96204
G1 X35.419 Y12.281 A587.99175
G1 X35.766 Y12.398 A588.00329
G1 X35.103 Y13.062 A588.03286
G1 X35.453 Y13.176 A588.04446
G1 X36.112 Y12.517 A588.07383
G1 X36.458 Y12.636 A588.08536
G1 X35.803 Y13.291 A588.11456
G1 X36.152 Y13.406 A588.12614
G1 X36.806 Y12.753 A588.15527
G1 X37.154 Y12.869 A588.16683
G1 X36.502 Y13.521 A588.19589
G1 X36.852 Y13.636 A588.2075
G1 X37.502 Y12.986 A588.23647
G1 X37.849 Y13.103 A588.24801
G1 X37.202 Y13.751 A588.27687
G1 X37.552 Y13.865 A588.28847
G1 X38.197 Y13.22 A588.31722
G1 X38.545 Y13.336 A588.32878
G1 X37.902 Y13.979 A588.35744
G1 X38.253 Y14.094 A588.36908
G1 X38.893 Y13.453 A588.39763
G1 X39.241 Y13.57 A588.4092
G1 X38.603 Y14.208 A588.43764
G1 X38.953 Y14.322 A588.44924
G1 X39.589 Y13.687 A588.47757
G1 X39.937 Y13.804 A588.48914
G1 X39.304 Y14.437 A588.51735
G1 X39.654 Y14.551 A588.52895
G1 X40.285 Y13.92 A588.55708
G1 X40.633 Y14.037 A588.56865
G1 X40.004 Y14.665 A588.59666
G1 X40.354 Y14.78 A588.60827
G1 X40.981 Y14.153 A588.63622
G1 X41.329 Y14.27 A588.64779
G1 X40.705 Y14.894 A588.6756
G1 X41.055 Y15.008 A588.6872
G1 X41.677 Y14.386 A588.71492
G1 X42.025 Y14.503 A588.72649
G1 X41.405 Y15.123 A588.75413
G1 X41.756 Y15.237 A588.76576
G1 X42.373 Y14.619 A588.79328
G1 X42.721 Y14.736 A588.80485
G1 X42.106 Y15.351 A588.83226
G1 X42.456 Y15.465 A588.84386
G1 X43.069 Y14.852 A588.87118
G1 X43.418 Y14.969 A588.88278
G1 X42.807 Y15.58 A588.91001
G1 X43.157 Y15.694 A588.92161
G1 X43.766 Y15.085 A588.94876
G1 X44.116 Y15.2 A588.96037
G1 X43.507 Y15.808 A588.98749
G1 X43.858 Y15.923 A588.99913
G1 X44.464 Y15.316 A589.02616
G1 X44.812 Y15.433 A589.03773
G1 X44.207 Y16.038 A589.0647
G1 X44.557 Y16.153 A589.07631
G1 X45.161 Y15.549 A589.10323
G1 X45.509 Y15.665 A589.11479
G1 X44.906 Y16.268 A589.14167
G1 X45.133 Y16.342 A589.1492
G1 X45.256 Y16.383 A589.15329
G1 X45.857 Y15.782 A589.18008
G1 X46.205 Y15.898 A589.19164
G1 X45.607 Y16.497 A589.21832
G1 X45.957 Y16.611 A589.22992
G1 X46.554 Y16.014 A589.25653
G1 X46.902 Y16.131 A589.2681
G1 X46.307 Y16.725 A589.2946
G1 X46.658 Y16.84 A589.30624
G1 X47.25 Y16.247 A589.33265
G1 X47.598 Y16.364 A589.34422
G1 X47.008 Y16.954 A589.37052
G1 X47.358 Y17.068 A589.38212
G1 X47.947 Y16.48 A589.40835
G1 X48.295 Y16.596 A589.41991
G1 X47.708 Y17.183 A589.44607
G1 X48.059 Y17.297 A589.4577
G1 X48.643 Y16.713 A589.48373
G1 X48.991 Y16.829 A589.49529
G1 X48.409 Y17.411 A589.52123
G1 X48.759 Y17.526 A589.53284
G1 X49.34 Y16.945 A589.55874
G1 X49.688 Y17.062 A589.57031
G1 X49.193 Y17.556 A589.59235
G1 X49.624 Y17.59 A589.60598
G1 X50.036 Y17.178 A589.62434
G1 X50.384 Y17.294 A589.6359
G1 X49.987 Y17.692 A589.65362
G1 X50.337 Y17.806 A589.66522
G1 X50.733 Y17.411 A589.68285
G1 X51.081 Y17.527 A589.69441
G1 X50.688 Y17.92 A589.71193
G1 X51.038 Y18.035 A589.72354
G1 X51.431 Y17.642 A589.74106
G1 X51.78 Y17.757 A589.75264
G1 X51.388 Y18.149 A589.77011
G1 X51.739 Y18.263 A589.78174
G1 X52.13 Y17.872 A589.79917
G1 X52.479 Y17.987 A589.81075
G1 X52.089 Y18.378 A589.82816
G1 X52.439 Y18.492 A589.83976
G1 X52.828 Y18.103 A589.8571
G1 X53.178 Y18.218 A589.86871
G1 X52.788 Y18.607 A589.88607
G1 X53.138 Y18.723 A589.89769
G1 X53.527 Y18.334 A589.91503
G1 X53.876 Y18.449 A589.92661
G1 X53.488 Y18.838 A589.94393
G1 X53.837 Y18.953 A589.95551
G1 X54.225 Y18.565 A589.9728
G1 X54.574 Y18.68 A589.98438
G1 X54.187 Y19.068 A590.00165
G1 X54.536 Y19.183 A590.01323
G1 X54.924 Y18.795 A590.03052
G1 X55.273 Y18.911 A590.04211
G1 X54.886 Y19.298 A590.05936
G1 X55.235 Y19.413 A590.07094
G1 X55.622 Y19.026 A590.08819
G1 X55.971 Y19.142 A590.09978
G1 X55.585 Y19.528 A590.11699
G1 X55.934 Y19.643 A590.12857
G1 X56.32 Y19.257 A590.14578
G1 X56.669 Y19.373 A590.15737
G1 X56.284 Y19.758 A590.17453
G1 X56.634 Y19.873 A590.18614
G1 X57.019 Y19.488 A590.2033
G1 X57.368 Y19.604 A590.21489
G1 X56.983 Y19.988 A590.23203
G1 X57.333 Y20.103 A590.24364
G1 X57.717 Y19.719 A590.26076
G1 X58.066 Y19.835 A590.27235
G1 X57.682 Y20.218 A590.28944
G1 X58.032 Y20.333 A590.30105
G1 X58.415 Y19.951 A590.3181
G1 X58.764 Y20.066 A590.32968
G1 X58.381 Y20.448 A590.34673
G1 X58.731 Y20.564 A590.35835
G1 X59.113 Y20.182 A590.37538
G1 X59.462 Y20.297 A590.38696
G1 X59.081 Y20.679 A590.40396
G1 X59.43 Y20.794 A590.41554
G1 X59.811 Y20.413 A590.43252
G1 X60.16 Y20.529 A590.44411
G1 X59.78 Y20.909 A590.46105
G1 X60.129 Y21.024 A590.47263
G1 X60.509 Y20.644 A590.48957
G1 X60.858 Y20.76 A590.50116
G1 X60.525 Y21.092 A590.51598
G1 X60.977 Y21.106 A590.53023
G1 X61.206 Y20.876 A590.54046
G1 X61.555 Y20.991 A590.55204
G1 X61.355 Y21.192 A590.56098
G1 X61.704 Y21.308 A590.57257
G1 X61.904 Y21.107 A590.58151
G1 X62.253 Y21.223 A590.5931
G1 X62.053 Y21.423 A590.60201
G1 X62.403 Y21.538 A590.61362
G1 X62.602 Y21.338 A590.62251
G1 X62.951 Y21.454 A590.6341
G1 X62.753 Y21.653 A590.64295
G1 X63.102 Y21.768 A590.65453
G1 X63.3 Y21.57 A590.66336
G1 X63.649 Y21.685 A590.67494
G1 X63.452 Y21.883 A590.68374
G1 X63.801 Y21.998 A590.69532
G1 X63.998 Y21.801 A590.7041
G1 X64.347 Y21.917 A590.71569
G1 X64.151 Y22.113 A590.72443
G1 X64.5 Y22.228 A590.73601
G1 X64.696 Y22.032 A590.74475
G1 X65.045 Y22.148 A590.75634
G1 X64.85 Y22.343 A590.76503
G1 X65.2 Y22.458 A590.77664
G1 X65.394 Y22.264 A590.78529
G1 X65.743 Y22.379 A590.79687
G1 X65.549 Y22.573 A590.80552
G1 X65.899 Y22.688 A590.81713
G1 X66.092 Y22.495 A590.82573
G1 X66.441 Y22.611 A590.83732
G1 X66.248 Y22.803 A590.8459
G1 X66.598 Y22.918 A590.85751
G1 X66.79 Y22.726 A590.86607
G1 X67.139 Y22.842 A590.87766
G1 X66.947 Y23.033 A590.8862
G1 X67.298 Y23.148 A590.89784
G1 X67.488 Y22.957 A590.90633
G1 X67.837 Y23.073 A590.91792
G1 X67.649 Y23.262 A590.92632
G1 X67.999 Y23.375 A590.93791
G1 X68.186 Y23.189 A590.94622
G1 X68.535 Y23.304 A590.9578
G1 X68.35 Y23.489 A590.96605
G1 X68.701 Y23.603 A590.97768
G1 X69.001 Y23.303 A590.99105
G1 X27.47 Y9.124 F7800
;TYPE:Support material
G1 F3600
G1 X37.756 Y12.5 A591.33226
G1 X44.935 Y15.077 A591.57267
G1 X45.695 Y15.121 A591.59666
G1 X53.092 Y17.543 A591.84198
G1 X62.942 Y21.006 A592.17106
G1 X63.709 Y21.045 A592.19527
G1 X68.427 Y22.587 A592.35171
G1 X69.045 Y22.803 A592.37234
G1 X68.953 Y23.086 A592.38172
G1 X43.71 Y14.709 A593.22
G1 X26.745 Y8.983 A593.78434
G1 X27.004 Y8.97 A593.79251
G1 X27.428 Y9.11 A593.80658
G1 A593.50658 F2400
;WIPE_START
G1 F6240
G1 X27.004 Y8.97 A593.34343
G1 X26.745 Y8.983 A593.24868
G1 X29.188 Y9.808 A592.30658
;WIPE_END
G1 X22.419 Y7.456 F7800
G1 A593.80658 F2400
G1 F3600
G1 X23.52 Y7.878 A593.84374
G1 X20.018 Y6.667 A593.96053
G1 X22.377 Y7.442 A594.03879
;LAYER_CHANGE
;Z:1.8
;HEIGHT:0.0571429
G1 A593.73879 F2400
;WIPE_START
G1 F6240
G1 X20.018 Y6.667 A592.83152
G1 X20.775 Y6.929 A592.53879
;WIPE_END
G1 Z1.8 F7800
G1 X68.094 Y25.396
G1 A594.03879 F2400
;TYPE:External perimeter
;WIDTH:0.555656
;HEIGHT:0.1
G1 F2880
G1 X37.787 Y15.523 A594.7467
;WIDTH:0.523573
G1 X7.48 Y5.649 A595.4121
;WIDTH:0.49646
G1 X7.434 Y5.632 A595.41307
G1 A595.11307 F2400
;WIPE_START
G1 F6240
G1 X7.48 Y5.649 A595.09515
G1 X10.556 Y6.651 A593.91307
;WIPE_END
G1 X-.222 Y3.214 F7800
G1 A595.41307 F2400
;TYPE:Perimeter
;WIDTH:0.449999
G1 F900
G1 X-.192 Y2.774 A595.42093
G1 X-.003 Y2.224 A595.43129
G1 X.321 Y1.741 A595.44165
G1 X.759 Y1.359 A595.452
G1 X1.281 Y1.103 A595.46236
G1 X1.852 Y.991 A595.47273
G1 X2.431 Y1.031 A595.48307
G1 X2.982 Y1.219 A595.49344
G1 X3.465 Y1.544 A595.50381
G1 X3.847 Y1.982 A595.51416
G1 X4.103 Y2.504 A595.52452
G1 X4.215 Y3.075 A595.53489
G1 X4.175 Y3.655 A595.54525
G1 X4.012 Y4.144 A595.55443
G1 X3.847 Y4.447 A595.56058
G1 X3.486 Y4.869 A595.57047
G1 X2.982 Y5.21 A595.58131
G1 X2.466 Y5.393 A595.59106
G1 X1.96 Y5.446 A595.60012
G1 X1.397 Y5.366 A595.61025
G1 X.889 Y5.155 A595.62005
G1 X.429 Y4.808 A595.63032
G1 X.083 Y4.372 A595.64024
G1 X-.127 Y3.907 A595.64933
G1 X-.231 Y3.354 A595.65936
G1 X-.226 Y3.274 A595.66079
G1 X.201 Y3.215 F7800
G1 F900
G1 X.194 Y3.131 A595.66229
G1 X.277 Y2.668 A595.67067
G1 X.476 Y2.243 A595.67903
G1 X.663 Y2 A595.68449
G1 X1.09 Y1.653 A595.69429
G1 X1.607 Y1.456 A595.70415
G1 X2.076 Y1.416 A595.71254
G1 X2.538 Y1.499 A595.7209
G1 X2.963 Y1.699 A595.72927
G1 X3.354 Y2.044 A595.73856
G1 X3.591 Y2.388 A595.746
G1 X3.75 Y2.83 A595.75437
G1 X3.79 Y3.298 A595.76274
G1 X3.707 Y3.761 A595.77112
G1 X3.507 Y4.186 A595.77949
G1 X3.204 Y4.545 A595.78786
G1 X2.782 Y4.828 A595.79691
G1 X2.376 Y4.973 A595.80459
G1 X1.908 Y5.013 A595.81296
G1 X1.445 Y4.93 A595.82134
G1 X1.02 Y4.73 A595.82971
G1 X.661 Y4.427 A595.83808
G1 X.392 Y4.041 A595.84646
G1 X.233 Y3.599 A595.85483
G1 X.206 Y3.274 A595.86064
G1 X.622 Y3.215 F7800
;TYPE:External perimeter
G1 F900
G1 X.618 Y3.186 A595.86116
G1 X.672 Y2.832 A595.86754
G1 X.816 Y2.504 A595.87392
G1 X1.002 Y2.262 A595.87936
G1 X1.329 Y2.011 A595.8867
G1 X1.676 Y1.879 A595.89331
G1 X2.02 Y1.841 A595.89948
G1 X2.374 Y1.895 A595.90586
G1 X2.768 Y2.09 A595.91369
G1 X3.014 Y2.304 A595.9195
G1 X3.195 Y2.552 A595.92497
G1 X3.325 Y2.886 A595.93136
G1 X3.354 Y3.322 A595.93915
G1 X3.311 Y3.597 A595.94411
G1 X3.167 Y3.925 A595.95049
G1 X2.943 Y4.205 A595.95688
G1 X2.618 Y4.433 A595.96395
G1 X2.32 Y4.548 A595.96964
G1 X1.909 Y4.581 A595.97699
G1 X1.609 Y4.534 A595.9824
G1 X1.281 Y4.39 A595.98878
G1 X1.001 Y4.166 A595.99517
G1 X.788 Y3.877 A596.00157
G1 X.658 Y3.543 A596.00796
G1 X.628 Y3.274 A596.01278
G1 A595.71278 F2400
;WIPE_START
G1 F6240
G1 X.622 Y3.215 A595.69111
G1 X.618 Y3.186 A595.68041
G1 X.672 Y2.832 A595.54957
G1 X.816 Y2.504 A595.41868
G1 X1.002 Y2.262 A595.30716
G1 X1.329 Y2.011 A595.15654
G1 X1.676 Y1.879 A595.02089
G1 X2.02 Y1.841 A594.89443
G1 X2.374 Y1.895 A594.76359
G1 X2.768 Y2.09 A594.60296
G1 X2.954 Y2.252 A594.51278
;WIPE_END
G1 X-38.449 Y-53.585 F7800
G1 A596.01278 F2400
;WIDTH:0.555658
G1 F2880
G1 X-19.733 Y-27.783 A596.72071
;WIDTH:0.523572
G1 X-1.017 Y-1.981 A597.38612
;WIDTH:0.496422
G1 X-.991 Y-1.941 A597.38706
G1 A597.08706 F2400
;WIPE_START
G1 F6240
G1 X-1.017 Y-1.981 A597.06963
G1 X-2.917 Y-4.601 A595.88706
;WIPE_END
G1 X43.515 Y-52.799 F7800
G1 A597.38706 F2400
;WIDTH:0.555652
G1 F2880
G1 X24.759 Y-27.026 A598.09498
;WIDTH:0.523571
G1 X6.003 Y-1.253 A598.76039
;WIDTH:0.49505
G1 X5.978 Y-1.22 A598.76121
G1 A598.46121 F2400
;WIPE_START
G1 F6240
G1 X6.003 Y-1.253 A598.44608
G1 X7.911 Y-3.875 A597.26121
;WIPE_END
G1 X1.323 Y72.936 F7800
G1 A598.76121 F2400
;WIDTH:0.555656
G1 F2880
G1 X1.347 Y41.061 A599.46913
;WIDTH:0.523575
G1 X1.372 Y9.187 A600.13452
;WIDTH:0.49646
G1 X1.374 Y9.138 A600.13549
G1 A599.83549 F2400
;WIPE_START
G1 F6240
G1 X1.372 Y9.187 A599.81757
G1 X1.369 Y12.422 A598.63549
;WIPE_END
G1 X-64.525 Y24.123 F7800
G1 A600.13549 F2400
;WIDTH:0.555656
G1 F2880
G1 X-34.202 Y14.297 A600.84342
;WIDTH:0.523574
G1 X-3.879 Y4.47 A601.50884
;WIDTH:0.49645
G1 X-3.833 Y4.458 A601.50978
G1 A601.20978 F2400
;WIPE_START
G1 F6240
G1 X-3.879 Y4.47 A601.19241
G1 X-6.958 Y5.468 A600.00978
;WIPE_END
G1 X5.116 Y-.569 F7800
G1 A601.50978 F2400
;TYPE:Perimeter
;WIDTH:0.449999
G1 F900
G1 X5.374 Y-.352 A601.51579
G1 X5.805 Y.117 A601.52714
G1 X6.172 Y.63 A601.53838
G1 X6.415 Y1.111 A601.54798
G1 X6.618 Y1.6 A601.55741
G1 X6.813 Y2.289 A601.57017
G1 X6.889 Y2.835 A601.57999
G1 X6.894 Y3.386 A601.58981
G1 X6.822 Y4.064 A601.60196
G1 X6.677 Y4.639 A601.61253
G1 X6.503 Y5.218 A601.6233
G1 X5.89 Y6.204 A601.64399
G1 X5.395 Y6.76 A601.65725
G1 X4.742 Y7.287 A601.6722
G1 X4.029 Y7.687 A601.68677
G1 X3.421 Y7.916 A601.69835
G1 X2.901 Y8.036 A601.70786
G1 X2.398 Y8.111 A601.71692
G1 X1.88 Y8.123 A601.72615
G1 X1.354 Y8.088 A601.73554
G1 X.664 Y7.946 A601.74809
G1 X-.028 Y7.695 A601.76121
G1 X-.76 Y7.286 A601.77615
G1 X-1.418 Y6.755 A601.79121
G1 X-1.779 Y6.358 A601.80077
G1 X-2.17 Y5.811 A601.81275
G1 X-2.472 Y5.272 A601.82376
G1 X-2.658 Y4.8 A601.8328
G1 X-2.821 Y4.274 A601.84261
G1 X-2.892 Y3.774 A601.85161
G1 X-2.918 Y3.01 A601.86523
G1 X-2.812 Y2.179 A601.88016
G1 X-2.597 Y1.477 A601.89324
G1 X-2.377 Y.989 A601.90278
G1 X-2.076 Y.457 A601.91367
G1 X-1.673 Y-.062 A601.92538
G1 X-1.257 Y-.472 A601.93579
G1 X-.82 Y-.797 A601.94549
G1 X-.37 Y-1.098 A601.95514
G1 X.347 Y-1.417 A601.96912
G1 X1.161 Y-1.629 A601.98411
G1 X1.992 Y-1.7 A601.99897
G1 X2.827 Y-1.628 A602.0139
G1 X3.534 Y-1.452 A602.02688
G1 X4.003 Y-1.26 A602.03591
G1 X4.492 Y-1.014 A602.04566
G1 X4.947 Y-.711 A602.0554
G1 X5.07 Y-.607 A602.05827
G1 X5.576 Y-.795 F7800
G1 F900
G1 X5.582 Y-.791 A602.0584
G1 X5.69 Y-.641 A602.06169
G1 X6.138 Y-.154 A602.07348
G1 X6.54 Y.408 A602.08579
G1 X6.883 Y1.087 A602.09934
G1 X7.095 Y1.694 A602.1108
G1 X7.254 Y2.34 A602.12265
G1 X7.335 Y3.111 A602.13646
G1 X7.309 Y3.69 A602.14679
G1 X7.225 Y4.247 A602.15683
G1 X6.918 Y5.324 A602.17678
G1 X6.966 Y5.424 A602.17876
G1 X6.859 Y5.455 A602.18074
G1 X6.235 Y6.461 A602.20183
G1 X5.691 Y7.071 A602.21639
G1 X4.984 Y7.643 A602.23259
G1 X4.328 Y8.011 A602.24599
G1 X3.764 Y8.245 A602.25687
G1 X3.184 Y8.424 A602.26768
G1 X2.518 Y8.534 A602.27971
G1 X1.437 Y8.567 A602.29898
G1 X1.267 Y8.508 A602.30219
G1 X.547 Y8.359 A602.31529
G1 X-.207 Y8.086 A602.32958
G1 X-1.001 Y7.642 A602.34579
G1 X-1.449 Y7.28 A602.35605
G1 X-1.901 Y6.863 A602.36701
G1 X-2.24 Y6.472 A602.37623
G1 X-2.531 Y6.041 A602.3855
G1 X-2.864 Y5.448 A602.39762
G1 X-3.09 Y4.871 A602.40866
G1 X-3.27 Y4.33 A602.41882
G1 X-3.32 Y3.814 A602.42806
G1 X-3.348 Y2.99 A602.44275
G1 X-3.232 Y2.089 A602.45894
G1 X-3.007 Y1.352 A602.47267
G1 X-2.762 Y.801 A602.48341
G1 X-2.426 Y.211 A602.49551
G1 X-1.994 Y-.347 A602.50808
G1 X-1.537 Y-.798 A602.51952
G1 X-.704 Y-1.446 A602.53832
G1 X-.541 Y-1.491 A602.54133
G1 X.205 Y-1.822 A602.55587
G1 X1.089 Y-2.053 A602.57215
G1 X1.992 Y-2.13 A602.5883
G1 X2.898 Y-2.053 A602.6045
G1 X3.667 Y-1.86 A602.61863
G1 X4.165 Y-1.657 A602.62821
G1 X4.647 Y-1.425 A602.63774
G1 X5.527 Y-.829 A602.65668
G1 X5.983 Y-.967 F7800
;TYPE:External perimeter
G1 F900
G1 X6.471 Y-.425 A602.66967
G1 X6.908 Y.185 A602.68304
G1 X7.349 Y1.062 A602.70053
G1 X7.637 Y2 A602.71801
G1 X7.725 Y2.596 A602.72874
G1 X7.764 Y3.108 A602.73789
G1 X7.73 Y3.853 A602.75118
G1 X7.61 Y4.532 A602.76346
G1 X7.348 Y5.361 A602.77895
;WIDTH:0.49646
G1 X7.434 Y5.632 A602.78456
G1 X7.178 Y5.745 A602.79009
;WIDTH:0.449999
G1 X6.58 Y6.718 A602.81044
G1 X5.988 Y7.383 A602.8263
G1 X5.225 Y7.999 A602.84377
G1 X4.392 Y8.466 A602.86078
G1 X3.783 Y8.695 A602.87237
G1 X3.275 Y8.843 A602.8818
G1 X2.684 Y8.941 A602.89247
G1 X2.172 Y8.981 A602.90162
G1 X1.601 Y8.972 A602.91179
;WIDTH:0.49646
G1 X1.374 Y9.138 A602.91734
G1 X1.235 Y8.947 A602.92201
;WIDTH:0.449999
G1 X.429 Y8.773 A602.9367
G1 X-.386 Y8.477 A602.95215
G1 X-1.242 Y7.998 A602.96963
G1 X-1.718 Y7.614 A602.98053
G1 X-2.216 Y7.153 A602.99262
G1 X-2.656 Y6.641 A603.00465
G1 X-2.998 Y6.107 A603.01595
G1 X-3.255 Y5.624 A603.0257
G1 X-3.456 Y5.114 A603.03547
G1 X-3.605 Y4.622 A603.04463
;WIDTH:0.49645
G1 X-3.833 Y4.458 A603.05018
G1 X-3.694 Y4.265 A603.05488
;WIDTH:0.449999
G1 X-3.747 Y3.854 A603.06226
G1 X-3.777 Y2.97 A603.07802
G1 X-3.653 Y1.998 A603.09548
G1 X-3.366 Y1.06 A603.11296
G1 X-3.057 Y.428 A603.12549
G1 X-2.777 Y-.036 A603.13515
G1 X-2.404 Y-.517 A603.14599
G1 X-2.062 Y-.882 A603.1549
G1 X-1.605 Y-1.281 A603.16571
G1 X-1.062 Y-1.686 A603.17778
;WIDTH:0.496422
G1 X-.991 Y-1.941 A603.18301
G1 X-.775 Y-1.867 A603.18752
;WIDTH:0.449999
G1 X.063 Y-2.228 A603.20378
G1 X1.016 Y-2.477 A603.22133
G1 X1.992 Y-2.56 A603.23878
G1 X2.793 Y-2.492 A603.2531
G1 X3.407 Y-2.367 A603.26426
G1 X4.047 Y-2.168 A603.2762
G1 X4.759 Y-1.849 A603.2901
G1 X5.242 Y-1.549 A603.30023
G1 X5.692 Y-1.214 A603.31023
;WIDTH:0.494221
G1 X5.973 Y-1.215 A603.31575
G1 X5.974 Y-1.024 A603.3195
G1 A603.0195 F2400
;WIPE_START
G1 F6240
G1 X5.983 Y-.967 A602.99842
G1 X6.471 Y-.425 A602.73194
G1 X6.908 Y.185 A602.45776
G1 X7.349 Y1.062 A602.09909
G1 X7.574 Y1.794 A601.8195
;WIPE_END
G1 X-1.538 Y1.028 F7800
G1 A603.3195 F2400
;TYPE:Solid infill
;WIDTH:0.449999
G1 F3600
G1 X-1.132 Y.469 A603.33181
G1 X-.767 Y.098 A603.34108
G1 X-.099 Y-.403 A603.35596
G1 X.484 Y-.658 A603.3673
G1 X.892 Y-.784 A603.37491
G1 X1.927 Y.251 A603.40099
G1 X1.162 Y.354 A603.41474
G1 X.558 Y.611 A603.42643
G1 X-.161 Y1.157 A603.44252
G1 X-.511 Y1.602 A603.45261
G1 X-.667 Y1.899 A603.45859
G1 X-1.387 Y1.179 A603.47673
G1 X-1.199 Y1.083 A603.48049
;WIDTH:0.424084
G1 X-1.01 Y.986 A603.48405
;WIDTH:0.401675
G1 X-.805 Y.707 A603.48952
;WIDTH:0.402
G1 X-.49 Y.396 A603.49652
;WIDTH:0.409271
G1 X.134 Y-.059 A603.50897
G1 X.77 Y-.334 A603.52014
;WIDTH:0.401684
G1 X1.068 Y-.036 A603.5268
G1 X.791 Y.064 A603.53146
;WIDTH:0.409805
G1 X.32 Y.279 A603.53982
G1 X-.389 Y.812 A603.55414
;WIDTH:0.398169
G1 X-.747 Y1.25 A603.563
G1 X-.859 Y1.138 A603.56548
G1 A603.26548 F2400
;WIPE_START
G1 F6240
G1 X-.747 Y1.25 A603.20761
G1 X-.389 Y.812 A603.00091
G1 X.32 Y.279 A602.67681
G1 X.791 Y.064 A602.48763
G1 X1.068 Y-.036 A602.38003
G1 X.77 Y-.334 A602.22604
G1 X.366 Y-.16 A602.06548
;WIPE_END
G1 X-1.809 Y6.024 F7800
G1 A603.56548 F2400
;WIDTH:0.36146
G1 F3600
G1 X-1.27 Y6.599 A603.57662
G1 X-.665 Y7.143 A603.58812
;WIDTH:0.449999
G1 X.128 Y7.431 A603.60315
;WIDTH:0.36146
G1 X.109 Y7.502 A603.60419
G1 X.18 Y7.483 A603.60523
G1 X.169 Y7.442 A603.60583
;WIDTH:0.40573
G1 X.002 Y7.346 A603.60891
;WIDTH:0.449999
G1 X-.164 Y7.251 A603.61232
G1 X-2.08 Y5.335 A603.6606
G1 X-2.169 Y5.169 A603.66396
;WIDTH:0.40573
G1 X-2.259 Y5.004 A603.66696
;WIDTH:0.36146
G1 X-2.248 Y5.045 A603.66756
G1 X-2.319 Y5.064 A603.6686
G1 X-2.3 Y4.993 A603.66964
;WIDTH:0.449999
G1 X-2.466 Y4.343 A603.68159
G1 X.848 Y7.656 A603.76508
G1 X1.597 Y7.8 A603.77867
G1 X-2.576 Y3.627 A603.88381
G1 X-2.655 Y3.692 A603.88563
;WIDTH:0.40573
G1 X-2.735 Y3.758 A603.88729
;WIDTH:0.36146
G1 X-2.672 Y4.174 A603.89324
G1 X-2.594 Y3.003 F7800
;WIDTH:0.449999
G1 F3600
G1 X2.203 Y7.8 A604.01411
G1 X3.038 Y7.787 A604.02899
;WIDTH:0.36146
G1 X3.019 Y7.858 A604.03003
G1 X3.09 Y7.839 A604.03107
G1 X3.079 Y7.798 A604.03167
;WIDTH:0.40573
G1 X2.912 Y7.767 A604.03438
;WIDTH:0.449999
G1 X2.746 Y7.736 A604.03739
G1 X-2.525 Y2.466 A604.17019
G1 X-2.412 Y1.972 A604.17922
G1 X-.446 Y3.939 A604.22877
G1 X-.251 Y4.242 A604.23519
;WIDTH:0.36146
G1 X-.015 Y4.557 A604.24075
G1 X.321 Y4.93 A604.24785
G1 X.966 Y5.456 A604.25961
;WIDTH:0.40573
G1 X1.117 Y5.555 A604.26249
;WIDTH:0.449999
G1 X1.269 Y5.653 A604.26571
G1 X3.246 Y7.63 A604.31552
G1 X3.692 Y7.47 A604.32396
G1 X1.986 Y5.764 A604.36695
G1 X2.616 Y5.688 A604.37826
G1 X3.138 Y5.488 A604.38822
G1 X3.715 Y5.091 A604.4007
G1 X4.164 Y4.55 A604.41323
G1 X4.486 Y3.741 A604.42874
G1 X4.541 Y3.136 A604.43956
G1 X4.434 Y2.48 A604.4514
G1 X4.144 Y1.857 A604.46364
G1 X6.407 Y4.125 A604.52072
G1 X6.483 Y4.138 A604.52209
G1 X6.206 Y5.085 A604.53967
G1 X5.631 Y6.012 A604.55911
G1 X5.172 Y6.526 A604.57139
G1 X4.562 Y7.019 A604.58536
G1 X4.104 Y7.276 A604.59472
G1 X2.683 Y5.856 A604.63051
G1 X3.311 Y5.877 A604.64171
G1 X4.045 Y5.365 A604.65765
G1 X4.546 Y4.752 A604.67176
G1 X4.749 Y4.266 A604.68114
G1 X4.913 Y3.785 A604.69019
G1 X4.963 Y3.287 A604.69911
G1 X5.994 Y4.318 A604.72509
G1 X5.812 Y4.906 A604.73606
G1 X5.287 Y5.754 A604.75383
G1 X4.944 Y6.138 A604.763
G1 X4.608 Y6.431 A604.77094
G1 X4.177 Y6.744 A604.78043
G1 X3.463 Y6.029 A604.79843
G1 X3.946 Y5.945 A604.80716
;WIDTH:0.400028
G1 X4.325 Y5.657 A604.81465
;WIDTH:0.40859
G1 X4.654 Y5.269 A604.82284
G1 X4.971 Y4.796 A604.832
;WIDTH:0.410629
G1 X5.238 Y4.14 A604.84346
G1 X5.53 Y4.433 A604.85015
G1 X5.304 Y4.964 A604.85949
;WIDTH:0.40859
G1 X4.948 Y5.522 A604.87014
G1 X4.614 Y5.902 A604.87828
;WIDTH:0.400007
G1 X4.226 Y6.225 A604.88623
;WIDTH:0.394884
G1 X4.098 Y6.097 A604.88904
G1 A604.58904 F2400
;WIPE_START
G1 F6240
G1 X4.226 Y6.225 A604.5229
G1 X4.614 Y5.902 A604.33844
G1 X4.948 Y5.522 A604.15358
G1 X5.304 Y4.964 A603.91174
G1 X5.53 Y4.433 A603.70088
G1 X5.238 Y4.14 A603.54974
G1 X5.072 Y4.547 A603.38904
;WIPE_END
G1 X-.558 Y3.221 F7800
G1 A604.88904 F2400
;WIDTH:0.449999
G1 F3600
G1 X-2.27 Y1.508 A604.93219
G1 A604.63219 F2400
;WIPE_START
G1 F6240
G1 X-.558 Y3.221 A603.74729
;WIPE_END
G1 A603.43219 F2400
G1 X3.093 Y.826 F7800
G1 A604.93219 F2400
;WIDTH:0.455981
G1 F3600
G1 X2.899 Y.617 A604.93734
;WIDTH:0.449999
G1 X1.094 Y-1.188 A604.98282
G1 X1.094 Y-1.279 A604.98444
G1 X.453 Y-1.112 A604.99624
G1 X-.316 Y-.776 A605.01119
G1 X-1.047 Y-.228 A605.02747
G1 X-1.429 Y.149 A605.03703
G1 X-1.976 Y.901 A605.0536
G1 X-2.073 Y1.099 A605.05753
G1 X-.5 Y2.672 A605.09716
G1 X-.412 Y2.371 A605.10275
G1 X-.201 Y1.911 A605.11177
G1 X.153 Y1.451 A605.12211
G1 X.807 Y.96 A605.13668
G1 X1.317 Y.754 A605.14648
G1 X2.071 Y.667 A605.16
G1 X2.734 Y.776 A605.17197
;WIDTH:0.459152
G1 X3.238 Y.983 A605.18188
;WIDTH:0.460484
G1 X3.483 Y1.18 A605.18762
;WIDTH:0.420627
G1 X3.685 Y1.354 A605.19204
;WIDTH:0.430408
G1 X4.109 Y1.813 A605.20266
;WIDTH:0.43272
G1 X4.121 Y1.827 A605.20298
G1 A604.90298 F2400
;WIPE_START
G1 F6240
G1 X4.109 Y1.813 A604.89624
G1 X3.685 Y1.354 A604.66792
G1 X3.483 Y1.18 A604.57051
G1 X3.238 Y.983 A604.45564
G1 X2.734 Y.776 A604.25656
G1 X2.071 Y.667 A604.01106
G1 X1.317 Y.754 A603.73373
G1 X1.239 Y.785 A603.70298
;WIPE_END
G1 X6.559 Y3.671 F7800
G1 A605.20298 F2400
;WIDTH:0.449999
G1 F3600
G1 X1.549 Y-1.339 A605.32921
G1 X2.129 Y-1.365 A605.33955
G1 X6.583 Y3.088 A605.45176
G1 X6.506 Y2.405 A605.46401
G1 X2.795 Y-1.305 A605.5575
G1 X3.568 Y-1.111 A605.5717
;WIDTH:0.411638
G1 X3.992 Y-.938 A605.57913
G1 X4.715 Y-.508 A605.59278
;WIDTH:0.440193
G1 X5.088 Y-.203 A605.60117
G1 X5.572 Y.32 A605.61358
;WIDTH:0.423057
G1 X5.928 Y.778 A605.62327
;WIDTH:0.376461
G1 X6.284 Y1.485 A605.63495
G1 X6.349 Y1.695 A605.63819
G1 X5.65 Y.996 A605.65278
;WIDTH:0.423057
G1 X5.266 Y.579 A605.66224
G1 X4.477 Y-.202 A605.68078
;WIDTH:0.411638
G1 X3.719 Y-.96 A605.69817
M106 P204
;LAYER_CHANGE
;Z:1.9
;HEIGHT:0.1
G1 A605.39817 F2400
;WIPE_START
G1 F6240
G1 X4.477 Y-.202 A605.00649
G1 X5.266 Y.579 A604.60085
G1 X5.65 Y.996 A604.39372
G1 X6.029 Y1.375 A604.19817
;WIPE_END
G1 Z1.9 F7800
G1 X-.233 Y3.215
G1 A605.69817 F2400
;TYPE:Perimeter
;WIDTH:0.449999
G1 F900
G1 X-.239 Y3.151 A605.69932
G1 X-.154 Y2.6 A605.70925
G1 X.066 Y2.086 A605.71921
G1 X.417 Y1.632 A605.72943
G1 X.853 Y1.295 A605.73925
G1 X1.409 Y1.06 A605.75
G1 X1.992 Y.982 A605.76048
G1 X2.551 Y1.054 A605.77052
G1 X3.042 Y1.247 A605.77992
G1 X3.465 Y1.544 A605.78913
G1 X3.847 Y1.982 A605.79948
G1 X4.103 Y2.504 A605.80984
G1 X4.215 Y3.075 A605.82021
G1 X4.175 Y3.655 A605.83057
G1 X4.016 Y4.135 A605.83958
G1 X3.847 Y4.447 A605.8459
G1 X3.486 Y4.869 A605.85579
G1 X2.982 Y5.21 A605.86663
G1 X2.466 Y5.393 A605.87638
G1 X1.96 Y5.446 A605.88544
G1 X1.352 Y5.352 A605.8964
G1 X.889 Y5.155 A605.90536
G1 X.428 Y4.807 A605.91565
G1 X.084 Y4.373 A605.92552
G1 X-.127 Y3.906 A605.93465
G1 X-.192 Y3.655 A605.93927
G1 X-.227 Y3.275 A605.94607
G1 X.201 Y3.215 F7800
G1 F900
G1 X.194 Y3.131 A605.94757
G1 X.277 Y2.668 A605.95595
G1 X.476 Y2.243 A605.96431
G1 X.78 Y1.884 A605.97269
G1 X1.165 Y1.615 A605.98106
G1 X1.607 Y1.456 A605.98943
G1 X2.076 Y1.416 A605.99782
G1 X2.538 Y1.499 A606.00618
G1 X2.963 Y1.699 A606.01455
G1 X3.322 Y2.002 A606.02292
G1 X3.591 Y2.388 A606.0313
G1 X3.75 Y2.83 A606.03967
G1 X3.79 Y3.298 A606.04804
G1 X3.707 Y3.761 A606.05642
G1 X3.507 Y4.186 A606.06479
G1 X3.204 Y4.545 A606.07316
G1 X2.782 Y4.829 A606.08222
G1 X2.376 Y4.973 A606.0899
G1 X1.898 Y5.011 A606.09844
G1 X1.445 Y4.93 A606.10664
G1 X1.02 Y4.73 A606.11501
G1 X.661 Y4.427 A606.12338
G1 X.388 Y4.031 A606.13195
G1 X.233 Y3.599 A606.14013
G1 X.206 Y3.274 A606.14594
G1 X.622 Y3.215 F7800
;TYPE:External perimeter
G1 F900
G1 X.618 Y3.186 A606.14646
G1 X.672 Y2.832 A606.15284
G1 X.816 Y2.504 A606.15922
G1 X1.04 Y2.224 A606.16561
G1 X1.329 Y2.011 A606.17201
G1 X1.663 Y1.881 A606.1784
G1 X2.02 Y1.841 A606.1848
G1 X2.374 Y1.895 A606.19118
G1 X2.757 Y2.081 A606.19877
G1 X2.982 Y2.263 A606.20393
G1 X3.195 Y2.552 A606.21033
G1 X3.325 Y2.886 A606.21672
G1 X3.355 Y3.319 A606.22445
G1 X3.311 Y3.597 A606.22946
G1 X3.167 Y3.925 A606.23584
G1 X2.943 Y4.205 A606.24223
G1 X2.618 Y4.433 A606.2493
G1 X2.32 Y4.548 A606.25499
G1 X1.954 Y4.586 A606.26155
G1 X1.609 Y4.534 A606.26777
G1 X1.281 Y4.39 A606.27415
G1 X1.001 Y4.166 A606.28054
G1 X.784 Y3.867 A606.28712
G1 X.658 Y3.543 A606.29331
G1 X.628 Y3.274 A606.29813
G1 A605.99813 F2400
;WIPE_START
G1 F6240
G1 X.622 Y3.215 A605.97646
G1 X.618 Y3.186 A605.96576
G1 X.672 Y2.832 A605.83492
G1 X.816 Y2.504 A605.70403
G1 X1.04 Y2.224 A605.57301
G1 X1.329 Y2.011 A605.44183
G1 X1.663 Y1.881 A605.31087
G1 X2.02 Y1.841 A605.17961
G1 X2.374 Y1.895 A605.04877
G1 X2.757 Y2.081 A604.8932
G1 X2.96 Y2.245 A604.79813
;WIPE_END
G1 X7.49 Y5.512 F7800
G1 A606.29813 F2400
;WIDTH:0.53169
G1 F2880
G1 X7.527 Y5.525 A606.29896
;WIDTH:0.5284
G1 X10.475 Y6.469 A606.3642
;WIDTH:0.528042
G1 X39.309 Y15.858 A607.00286
;WIDTH:0.55561
G1 X68.143 Y25.247 A607.67628
G1 A607.37628 F2400
;WIPE_START
G1 F6240
G1 X65.02 Y24.23 A606.17628
;WIPE_END
G1 X1.506 Y9.154 F7800
G1 A607.67628 F2400
;WIDTH:0.53169
G1 F2880
G1 X1.505 Y9.193 A607.67711
;WIDTH:0.5284
G1 X1.518 Y12.289 A607.74236
;WIDTH:0.528041
G1 X1.499 Y42.613 A608.38102
;WIDTH:0.55561
G1 X1.479 Y72.936 A609.05441
G1 A608.75441 F2400
;WIPE_START
G1 F6240
G1 X1.481 Y69.652 A607.55441
;WIPE_END
G1 X-3.807 Y4.588 F7800
G1 A609.05441 F2400
;WIDTH:0.531684
G1 F2880
G1 X-3.844 Y4.599 A609.05523
;WIDTH:0.528402
G1 X-6.785 Y5.568 A609.12049
;WIDTH:0.528041
G1 X-35.631 Y14.92 A609.75915
;WIDTH:0.55561
G1 X-64.476 Y24.272 A610.43255
G1 A610.13255 F2400
;WIPE_START
G1 F6240
G1 X-61.352 Y23.259 A608.93255
;WIPE_END
G1 X-38.575 Y-53.493 F7800
G1 A610.43255 F2400
G1 F2880
G1 X-20.767 Y-28.949 A611.10596
;WIDTH:0.52804
G1 X-2.959 Y-4.405 A611.74461
;WIDTH:0.5284
G1 X-1.128 Y-1.908 A611.80987
;WIDTH:0.53197
G1 X-1.106 Y-1.875 A611.81071
G1 A611.51071 F2400
;WIPE_START
G1 F6240
G1 X-1.128 Y-1.908 A611.49622
G1 X-2.959 Y-4.405 A610.36485
G1 X-3.046 Y-4.525 A610.31071
;WIPE_END
G1 X43.388 Y-52.891 F7800
G1 A611.81071 F2400
;WIDTH:0.555604
G1 F2880
G1 X25.548 Y-28.369 A612.48414
;WIDTH:0.528036
G1 X7.709 Y-3.848 A613.12278
;WIDTH:0.528398
G1 X5.9 Y-1.336 A613.18802
;WIDTH:0.53197
G1 X5.875 Y-1.304 A613.18888
G1 X5.066 Y-.616 F7800
;TYPE:Perimeter
;WIDTH:0.449999
G1 F900
G1 X5.286 Y-.442 A613.19388
G1 X5.637 Y-.084 A613.20281
G1 X6.177 Y.64 A613.2189
G1 X6.415 Y1.111 A613.2283
G1 X6.618 Y1.6 A613.23773
G1 X6.814 Y2.289 A613.25049
G1 X6.888 Y2.82 A613.26004
G1 X6.894 Y3.386 A613.27012
G1 X6.824 Y4.061 A613.28221
G1 X6.548 Y5.129 A613.30186
G1 X6.297 Y5.585 A613.31113
G1 X5.904 Y6.188 A613.32395
G1 X5.394 Y6.76 A613.3376
G1 X4.742 Y7.287 A613.35254
G1 X4.118 Y7.637 A613.36529
G1 X3.618 Y7.842 A613.37492
G1 X3.083 Y8.007 A613.38489
G1 X2.55 Y8.095 A613.39451
G1 X1.991 Y8.128 A613.40449
G1 X1.439 Y8.102 A613.41434
G1 X.942 Y8.015 A613.42333
G1 X-.041 Y7.688 A613.44179
G1 X-.76 Y7.286 A613.45647
G1 X-1.419 Y6.754 A613.47156
G1 X-1.779 Y6.358 A613.4811
G1 X-2.168 Y5.815 A613.493
G1 X-2.448 Y5.319 A613.50315
G1 X-2.656 Y4.806 A613.51301
G1 X-2.818 Y4.308 A613.52234
G1 X-2.891 Y3.781 A613.53182
G1 X-2.918 Y3.01 A613.54557
G1 X-2.812 Y2.179 A613.5605
G1 X-2.635 Y1.6 A613.57129
G1 X-2.443 Y1.125 A613.58042
G1 X-2.178 Y.619 A613.5906
G1 X-1.8 Y.102 A613.60201
G1 X-1.463 Y-.269 A613.61094
G1 X-.978 Y-.701 A613.62251
G1 X-.569 Y-1.012 A613.63166
G1 X.412 Y-1.435 A613.65069
G1 X1.143 Y-1.627 A613.66416
G1 X1.992 Y-1.7 A613.67934
G1 X2.721 Y-1.637 A613.69238
G1 X3.197 Y-1.536 A613.70105
G1 X3.881 Y-1.321 A613.71382
G1 X4.444 Y-1.046 A613.72498
G1 X4.885 Y-.76 A613.73434
G1 X5.019 Y-.654 A613.73738
G1 X5.506 Y-.863 F7800
G1 F900
G1 X5.605 Y-.728 A613.74036
G1 X5.963 Y-.363 A613.74947
G1 X6.543 Y.414 A613.76675
G1 X6.883 Y1.087 A613.78018
G1 X7.095 Y1.694 A613.79164
G1 X7.254 Y2.338 A613.80346
G1 X7.336 Y3.119 A613.81745
G1 X7.304 Y3.801 A613.82961
G1 X7.197 Y4.412 A613.84066
G1 X6.99 Y5.098 A613.85343
G1 X6.955 Y5.305 A613.85717
G1 X6.668 Y5.8 A613.86736
G1 X6.245 Y6.449 A613.88116
G1 X5.691 Y7.071 A613.896
G1 X4.984 Y7.643 A613.9122
G1 X4.328 Y8.011 A613.9256
G1 X3.77 Y8.243 A613.93637
G1 X3.174 Y8.427 A613.94748
G1 X2.524 Y8.533 A613.95921
G1 X1.556 Y8.583 A613.97648
G1 X1.364 Y8.524 A613.98006
G1 X.837 Y8.432 A613.98959
G1 X-.215 Y8.081 A614.00935
G1 X-1.001 Y7.642 A614.02539
G1 X-1.449 Y7.28 A614.03565
G1 X-1.895 Y6.87 A614.04644
G1 X-2.31 Y6.388 A614.05777
G1 X-2.677 Y5.815 A614.06989
G1 X-2.9 Y5.357 A614.07897
G1 X-3.248 Y4.459 A614.09613
G1 X-3.246 Y4.323 A614.09855
G1 X-3.319 Y3.822 A614.10757
G1 X-3.348 Y2.99 A614.1224
G1 X-3.232 Y2.089 A614.13859
G1 X-2.966 Y1.218 A614.15482
G1 X-2.633 Y.535 A614.16836
G1 X-2.325 Y.078 A614.17818
G1 X-1.911 Y-.43 A614.18986
G1 X-1.465 Y-.858 A614.20087
G1 X-1.048 Y-1.176 A614.21021
G1 X-.805 Y-1.392 A614.216
G1 X.104 Y-1.783 A614.23363
G1 X1.078 Y-2.052 A614.25163
G1 X1.842 Y-2.117 A614.26529
G1 X2.455 Y-2.09 A614.27622
G1 X3.036 Y-2.018 A614.28665
G1 X3.78 Y-1.818 A614.30038
G1 X4.271 Y-1.607 A614.3099
G1 X4.746 Y-1.361 A614.31943
G1 X5.458 Y-.899 A614.33455
G1 X5.904 Y-1.047 F7800
;TYPE:External perimeter
G1 F900
G1 X6.289 Y-.643 A614.34449
G1 X6.909 Y.187 A614.36295
G1 X7.349 Y1.062 A614.3804
G1 X7.505 Y1.569 A614.38985
G1 X7.672 Y2.233 A614.40205
G1 X7.743 Y2.768 A614.41167
G1 X7.75 Y3.426 A614.42339
G1 X7.707 Y3.986 A614.4334
G1 X7.577 Y4.639 A614.44526
G1 X7.397 Y5.232 A614.4563
;WIDTH:0.490845
G1 X7.444 Y5.372 A614.45918
;WIDTH:0.53169
G1 X7.49 Y5.512 A614.46231
G1 X7.376 Y5.559 A614.46493
;WIDTH:0.490845
G1 X7.261 Y5.605 A614.46735
;WIDTH:0.449999
G1 X7.039 Y6.016 A614.47567
G1 X6.587 Y6.71 A614.49043
G1 X5.988 Y7.383 A614.50648
G1 X5.225 Y7.999 A614.52395
G1 X4.538 Y8.385 A614.53799
G1 X3.992 Y8.618 A614.54857
G1 X3.497 Y8.783 A614.55787
G1 X2.963 Y8.895 A614.56759
G1 X2.425 Y8.968 A614.57726
G1 X1.743 Y8.979 A614.58941
;WIDTH:0.490845
G1 X1.625 Y9.067 A614.59228
;WIDTH:0.53169
G1 X1.506 Y9.154 A614.59541
G1 X1.426 Y9.059 A614.59804
;WIDTH:0.490845
G1 X1.346 Y8.965 A614.60045
;WIDTH:0.449999
G1 X.732 Y8.849 A614.61158
G1 X-.388 Y8.475 A614.63262
G1 X-1.242 Y7.998 A614.65005
G1 X-1.718 Y7.614 A614.66095
G1 X-2.209 Y7.161 A614.67285
G1 X-2.572 Y6.743 A614.68271
G1 X-2.889 Y6.277 A614.69275
G1 X-3.212 Y5.707 A614.70442
G1 X-3.406 Y5.242 A614.7134
G1 X-3.567 Y4.76 A614.72245
;WIDTH:0.490842
G1 X-3.687 Y4.674 A614.72533
;WIDTH:0.531684
G1 X-3.807 Y4.588 A614.72846
G1 X-3.742 Y4.483 A614.73108
;WIDTH:0.490842
G1 X-3.676 Y4.378 A614.7335
;WIDTH:0.449999
G1 X-3.746 Y3.862 A614.74278
G1 X-3.777 Y2.97 A614.75868
G1 X-3.653 Y1.998 A614.77614
G1 X-3.416 Y1.226 A614.79053
G1 X-3.149 Y.616 A614.80239
G1 X-2.824 Y.038 A614.8142
G1 X-2.466 Y-.438 A614.82481
G1 X-2.066 Y-.879 A614.83542
G1 X-1.685 Y-1.231 A614.84466
G1 X-1.195 Y-1.596 A614.85555
;WIDTH:0.490985
G1 X-1.15 Y-1.735 A614.8584
;WIDTH:0.53197
G1 X-1.106 Y-1.875 A614.86151
G1 X-.988 Y-1.846 A614.86409
;WIDTH:0.490985
G1 X-.869 Y-1.816 A614.86649
;WIDTH:0.449999
G1 X-.056 Y-2.181 A614.88237
G1 X.479 Y-2.342 A614.89232
G1 X1.012 Y-2.476 A614.90211
G1 X1.992 Y-2.56 A614.91963
G1 X2.794 Y-2.491 A614.93397
G1 X3.404 Y-2.368 A614.94506
G1 X4.129 Y-2.144 A614.95858
G1 X4.593 Y-1.927 A614.96771
G1 X5.08 Y-1.655 A614.97765
G1 X5.581 Y-1.303 A614.98856
;WIDTH:0.490985
G1 X5.728 Y-1.304 A614.99143
;WIDTH:0.53197
G1 X5.875 Y-1.304 A614.99455
G1 X5.884 Y-1.181 A614.99717
;WIDTH:0.490985
G1 X5.89 Y-1.103 A614.9987
G1 A614.6987 F2400
;WIPE_START
G1 F6240
G1 X5.904 Y-1.047 A614.67761
G1 X6.289 Y-.643 A614.4737
G1 X6.909 Y.187 A614.09516
G1 X7.349 Y1.062 A613.7373
G1 X7.505 Y1.569 A613.54348
G1 X7.535 Y1.688 A613.4987
;WIPE_END
G1 X-1.977 Y.625 F7800
G1 A614.9987 F2400
;TYPE:Solid infill
;WIDTH:0.36146
G1 F3600
G1 X-1.509 Y.078 A615.00888
G1 X-1.109 Y-.321 A615.01687
G1 X-.482 Y-.871 A615.02866
;WIDTH:0.40573
G1 X-.301 Y-.864 A615.03155
;WIDTH:0.449999
G1 X-.121 Y-.857 A615.03476
G1 X-2.07 Y1.093 A615.08388
G1 X-2.164 Y1.26 A615.08729
;WIDTH:0.40573
G1 X-2.257 Y1.426 A615.09033
;WIDTH:0.36146
G1 X-2.298 Y1.437 A615.09093
G1 X-2.317 Y1.366 A615.09197
G1 X-2.246 Y1.385 A615.09301
G1 X-2.7 Y2.544 F7800
G1 F3600
G1 X-2.655 Y2.243 A615.09731
;WIDTH:0.40573
G1 X-2.549 Y2.157 A615.09949
;WIDTH:0.449999
G1 X-2.443 Y2.072 A615.10191
G1 X.846 Y-1.217 A615.18478
G1 X1.016 Y-1.427 A615.18959
;WIDTH:0.36146
G1 X1.434 Y-1.494 A615.19557
;WIDTH:0.40573
G1 X1.505 Y-1.418 A615.19723
;WIDTH:0.449999
G1 X1.576 Y-1.342 A615.19908
G1 X-2.568 Y2.803 A615.30351
G1 X-2.582 Y3.423 A615.31456
G1 X2.2 Y-1.359 A615.43505
G1 X2.759 Y-1.312 A615.44504
G1 X-2.538 Y3.985 A615.57851
G1 X-2.569 Y4.152 A615.58154
;WIDTH:0.40573
G1 X-2.6 Y4.318 A615.58424
;WIDTH:0.36146
G1 X-2.641 Y4.329 A615.58484
G1 X-2.66 Y4.258 A615.58588
G1 X-2.589 Y4.277 A615.58692
;WIDTH:0.449999
G1 X-2.428 Y4.481 A615.59155
G1 X-.455 Y2.508 A615.64126
G1 X-.265 Y2.445 A615.64483
;WIDTH:0.36146
G1 X-.255 Y2.205 A615.64823
G1 X-.074 Y1.946 A615.6527
G1 X.302 Y1.523 A615.6607
G1 X.676 Y1.187 A615.66781
G1 X.988 Y.971 A615.67317
;WIDTH:0.40573
G1 X1.139 Y.867 A615.6761
;WIDTH:0.449999
G1 X1.291 Y.762 A615.67939
G1 X3.246 Y-1.193 A615.72865
G1 X3.704 Y-1.045 A615.73723
G1 X1.993 Y.666 A615.78034
G1 A615.48034 F2400
;WIPE_START
G1 F6240
G1 X3.704 Y-1.045 A614.59621
G1 X3.246 Y-1.193 A614.42034
G1 X2.975 Y-.922 A614.28034
;WIPE_END
G1 X4.092 Y.359 F7800
G1 A615.78034 F2400
;WIDTH:0.412727
G1 F3600
G1 X3.968 Y.482 A615.78318
G1 X4.408 Y.846 A615.79247
;WIDTH:0.39845
G1 X4.752 Y1.274 A615.80108
;WIDTH:0.40792
G1 X5.118 Y1.97 A615.81371
G1 X5.241 Y2.299 A615.81935
;WIDTH:0.403064
G1 X5.534 Y2.006 A615.82592
G1 X5.226 Y1.316 A615.83791
;WIDTH:0.400118
G1 X4.77 Y.684 A615.85018
;WIDTH:0.412727
G1 X4.378 Y.305 A615.85905
G1 X4.243 Y.208 A615.86175
;WIDTH:0.449999
G1 X4.037 Y-.166 A615.86936
G1 X3.316 Y.555 A615.88753
G1 X3.555 Y.681 A615.89234
G1 X4.046 Y1.06 A615.90339
G1 X4.44 Y1.524 A615.91424
G1 X4.749 Y2.142 A615.92655
G1 X4.875 Y2.474 A615.93288
G1 X4.967 Y3.146 A615.94496
G1 X5.993 Y2.12 A615.97081
G1 X5.83 Y1.617 A615.98023
G1 X5.537 Y1.036 A615.99182
G1 X5.064 Y.403 A616.0059
G1 X4.68 Y.016 A616.01561
G1 X4.189 Y-.318 A616.02619
G1 A615.72619 F2400
;WIPE_START
G1 F6240
G1 X4.68 Y.016 A615.50921
G1 X5.064 Y.403 A615.31001
G1 X5.537 Y1.036 A615.02128
G1 X5.83 Y1.617 A614.78352
G1 X5.993 Y2.12 A614.59032
G1 X5.869 Y2.244 A614.52619
;WIPE_END
G1 X-.557 Y3.216 F7800
G1 A616.02619 F2400
G1 F3600
G1 X-2.265 Y4.924 A616.06923
G1 X-.636 Y3.901 F7800
G1 F3600
G1 X-2.074 Y5.339 A616.10546
G1 X-1.737 Y5.892 A616.117
G1 X-1.363 Y6.331 A616.12728
G1 X-1.026 Y6.658 A616.13565
G1 X-.579 Y7.019 A616.14589
G1 X.09 Y7.392 A616.15954
G1 X1.022 Y7.703 A616.17705
G1 X2.737 Y5.982 A616.22034
;WIDTH:0.465907
G1 X3.236 Y5.472 A616.23352
;WIDTH:0.468598
G1 X3.276 Y5.431 A616.23458
G1 X2.555 Y5.699 A616.24888
;WIDTH:0.449999
G1 X2.037 Y5.766 A616.25819
G1 X1.468 Y5.71 A616.26838
G1 X.87 Y5.49 A616.27973
G1 X.614 Y5.348 A616.28495
G1 X.207 Y5.04 A616.29404
G1 X-.111 Y4.652 A616.30298
G1 X-.434 Y4 A616.31594
G1 X-.484 Y3.749 A616.3205
G1 X-.655 Y4.526 A616.33467
G1 X-.443 Y4.922 A616.34267
G1 X-.033 Y5.397 A616.35385
G1 X.452 Y5.762 A616.36466
G1 X.718 Y5.891 A616.36993
G1 X1.422 Y6.136 A616.38321
G1 X1.923 Y6.19 A616.39219
G1 X.902 Y7.211 A616.41792
G1 X.263 Y6.998 A616.42992
G1 X-.339 Y6.662 A616.4422
G1 X-.86 Y6.241 A616.45413
G1 X-1.206 Y5.86 A616.4633
G1 X-1.537 Y5.409 A616.47327
G1 X-.806 Y4.677 A616.4917
G1 X-.747 Y5.188 A616.50086
;WIDTH:0.399183
G1 X-.302 Y5.696 A616.51147
;WIDTH:0.40367
G1 X.112 Y6.014 A616.51977
;WIDTH:0.404757
G1 X.574 Y6.27 A616.52819
G1 X1.082 Y6.461 A616.53684
;WIDTH:0.399602
G1 X.793 Y6.75 A616.54327
G1 X.31 Y6.564 A616.55141
;WIDTH:0.40367
G1 X-.123 Y6.315 A616.55935
G1 X-.63 Y5.906 A616.5697
;WIDTH:0.399183
G1 X-1.02 Y5.461 A616.57899
G1 X-.899 Y5.34 A616.58168
G1 A616.28168 F2400
;WIPE_START
G1 F6240
G1 X-1.02 Y5.461 A616.21916
G1 X-.63 Y5.906 A616.00296
G1 X-.123 Y6.315 A615.76495
G1 X.31 Y6.564 A615.58244
G1 X.793 Y6.75 A615.39333
G1 X1.082 Y6.461 A615.24399
G1 X.666 Y6.305 A615.08168
;WIPE_END
G1 X3.276 Y5.431 F7800
G1 A616.58168 F2400
;WIDTH:0.468598
G1 F3600
G1 X3.281 Y5.426 A616.58181
;WIDTH:0.467454
G1 X3.521 Y5.216 A616.58772
;WIDTH:0.425295
G1 X3.761 Y5.005 A616.59309
;WIDTH:0.415106
G1 X3.955 Y4.789 A616.59784
;WIDTH:0.447076
G1 X4.148 Y4.573 A616.60297
;WIDTH:0.447458
G1 X4.176 Y4.53 A616.60388
;WIDTH:0.449999
G1 X4.395 Y4.059 A616.61313
G1 X4.487 Y3.738 A616.61908
G1 X4.542 Y3.14 A616.62978
G1 X4.451 Y2.538 A616.64063
G1 X4.361 Y2.324 A616.64477
G1 X4.105 Y1.791 A616.6553
G1 X3.784 Y1.4 A616.66431
G1 X3.293 Y1.02 A616.67537
G1 X2.801 Y.797 A616.68499
G1 X2.524 Y.741 A616.69003
G1 X4.114 Y-.849 A616.73009
G1 X4.683 Y-.508 A616.74191
G1 X5.073 Y-.207 A616.75069
G1 X5.437 Y.186 A616.76023
G1 X5.969 Y.942 A616.7767
G1 X6.298 Y1.652 A616.79064
G1 X6.484 Y2.262 A616.802
G1 X6.408 Y2.311 A616.80361
G1 X4.33 Y4.381 A616.85587
G1 A616.55587 F2400
;WIPE_START
G1 F6240
G1 X6.408 Y2.311 A615.48417
G1 X6.484 Y2.262 A615.45113
G1 X6.408 Y2.013 A615.35587
;WIPE_END
G1 X6.56 Y2.766 F7800
G1 A616.85587 F2400
G1 F3600
G1 X1.529 Y7.797 A616.98263
G1 X2.136 Y7.795 A616.99344
G1 X6.574 Y3.358 A617.10525
G1 X6.502 Y4.036 A617.1174
G1 X2.812 Y7.726 A617.21037
G1 A616.91037 F2400
;WIPE_START
G1 F6240
G1 X5.134 Y5.404 A615.71037
;WIPE_END
G1 X6.161 Y4.955 F7800
G1 A617.21037 F2400
;WIDTH:0.411869
G1 F3600
G1 X5.369 Y5.747 A617.22855
;WIDTH:0.431645
G1 X4.891 Y6.239 A617.24025
G1 X4.343 Y6.759 A617.25313
;WIDTH:0.391513
G1 X3.544 Y7.558 A617.27051
G1 X3.911 Y7.418 A617.27655
G1 X4.578 Y7.044 A617.28831
;WIDTH:0.431645
G1 X5.165 Y6.544 A617.30146
G1 X5.653 Y6.015 A617.31373
;WIDTH:0.411869
G1 X6.033 Y5.437 A617.32496
G1 X6.26 Y5.008 A617.33284
G1 X6.313 Y4.804 A617.33626
M106 P124.95
;LAYER_CHANGE
;Z:2
;HEIGHT:0.1
G1 A617.03626 F2400
;WIPE_START
G1 F6240
G1 X6.26 Y5.008 A616.95925
G1 X6.033 Y5.437 A616.78191
G1 X5.653 Y6.015 A616.52916
G1 X5.165 Y6.544 A616.26619
G1 X4.578 Y7.044 A615.98445
G1 X4.224 Y7.242 A615.83626
;WIPE_END
G1 Z2 F7800
G1 X4.481 Y9.622
G1 A617.33626 F2400
;TYPE:Support material interface
;WIDTH:0.35
;HEIGHT:0.257143
G1 F3600
G1 X4.274 Y9.415 A617.34549
G1 X3.93 Y9.535 A617.35697
G1 X4.332 Y9.937 A617.37489
G1 X4.329 Y10.4 A617.38948
G1 X3.565 Y9.635 A617.42356
G1 X3.178 Y9.713 A617.436
G1 X4.296 Y10.831 A617.48583
G1 X4.245 Y11.245 A617.49898
G1 X3.118 Y10.118 A617.54921
G1 X3.117 Y10.582 A617.56383
G1 X4.194 Y11.659 A617.61184
G1 X4.167 Y12.096 A617.62564
G1 X3.117 Y11.046 A617.67244
G1 X3.117 Y11.51 A617.68706
G1 X4.147 Y12.54 A617.73297
G1 X4.127 Y12.985 A617.74701
G1 X3.116 Y11.974 A617.79207
G1 X3.116 Y12.439 A617.80673
G1 X4.107 Y13.43 A617.8509
G1 X4.087 Y13.874 A617.86491
G1 X3.115 Y12.903 A617.90821
G1 X3.115 Y13.367 A617.92283
G1 X4.074 Y14.326 A617.96558
G1 X4.065 Y14.782 A617.97996
G1 X3.115 Y13.831 A618.02233
G1 X3.114 Y14.296 A618.03699
G1 X4.056 Y15.238 A618.07898
G1 X4.047 Y15.693 A618.09332
G1 X3.114 Y14.76 A618.13491
G1 X3.113 Y15.224 A618.14953
G1 X4.038 Y16.149 A618.19076
G1 X4.029 Y16.604 A618.2051
G1 X3.113 Y15.688 A618.24593
G1 X3.113 Y16.152 A618.26055
G1 X4.02 Y17.06 A618.301
G1 X4.011 Y17.516 A618.31538
G1 X3.112 Y16.617 A618.35545
G1 X3.112 Y17.081 A618.37007
G1 X4.002 Y17.971 A618.40974
G1 X3.993 Y18.427 A618.42412
G1 X3.111 Y17.545 A618.46343
G1 X3.111 Y18.009 A618.47805
G1 X3.984 Y18.882 A618.51696
G1 X3.975 Y19.338 A618.53134
G1 X3.11 Y18.473 A618.5699
G1 X3.11 Y18.938 A618.58456
G1 X3.966 Y19.794 A618.62271
G1 X3.958 Y20.251 A618.63712
G1 X3.11 Y19.402 A618.67494
G1 X3.109 Y19.866 A618.68956
G1 X3.951 Y20.708 A618.72709
G1 X3.944 Y21.165 A618.7415
G1 X3.109 Y20.33 A618.77872
G1 X3.109 Y20.795 A618.79338
G1 X3.936 Y21.622 A618.83024
G1 X3.929 Y22.08 A618.84468
G1 X3.11 Y21.26 A618.88121
G1 X3.11 Y21.726 A618.8959
G1 X3.922 Y22.537 A618.93207
G1 X3.914 Y22.994 A618.94648
G1 X3.111 Y22.191 A618.98227
G1 X3.111 Y22.656 A618.99693
G1 X3.907 Y23.451 A619.03239
G1 X3.896 Y23.906 A619.04673
G1 X3.111 Y23.121 A619.08172
G1 X3.112 Y23.585 A619.09634
G1 X3.886 Y24.36 A619.13086
G1 X3.875 Y24.814 A619.14517
G1 X3.111 Y24.05 A619.17922
G1 X3.11 Y24.514 A619.19384
G1 X3.868 Y25.271 A619.2276
G1 X3.862 Y25.73 A619.24207
G1 X3.11 Y24.978 A619.27559
G1 X3.109 Y25.442 A619.29021
G1 X3.856 Y26.188 A619.32348
G1 X3.85 Y26.647 A619.33795
G1 X3.109 Y25.906 A619.37098
G1 X3.108 Y26.37 A619.3856
G1 X3.844 Y27.106 A619.41841
G1 X3.835 Y27.561 A619.43275
G1 X3.108 Y26.834 A619.46515
G1 X3.108 Y27.299 A619.47981
G1 X3.825 Y28.016 A619.51177
G1 X3.816 Y28.472 A619.52615
G1 X3.107 Y27.763 A619.55775
G1 X3.107 Y28.227 A619.57237
G1 X3.811 Y28.931 A619.60375
G1 X3.805 Y29.39 A619.61822
G1 X3.106 Y28.691 A619.64938
G1 X3.106 Y29.155 A619.664
G1 X3.8 Y29.849 A619.69493
G1 X3.794 Y30.308 A619.7094
G1 X3.105 Y29.619 A619.74011
G1 X3.105 Y30.083 A619.75473
G1 X3.789 Y30.767 A619.78522
G1 X3.78 Y31.223 A619.7996
G1 X3.105 Y30.548 A619.82969
G1 X3.104 Y31.012 A619.84431
G1 X3.771 Y31.678 A619.87402
G1 X3.761 Y32.134 A619.8884
G1 X3.104 Y31.476 A619.91771
G1 X3.103 Y31.94 A619.93233
G1 X3.755 Y32.592 A619.96139
G1 X3.75 Y33.051 A619.97586
G1 X3.103 Y32.405 A620.00468
G1 X3.102 Y32.869 A620.0193
G1 X3.745 Y33.511 A620.04794
G1 X3.74 Y33.971 A620.06244
G1 X3.102 Y33.333 A620.09088
G1 X3.101 Y33.797 A620.1055
G1 X3.735 Y34.43 A620.13374
G1 X3.73 Y34.89 A620.14824
G1 X3.101 Y34.261 A620.17628
G1 X3.1 Y34.725 A620.1909
G1 X3.725 Y35.35 A620.21876
G1 X3.72 Y35.809 A620.23323
G1 X3.1 Y35.189 A620.26087
G1 X3.099 Y35.653 A620.27549
G1 X3.715 Y36.269 A620.30295
G1 X3.71 Y36.729 A620.31745
G1 X3.098 Y36.117 A620.34473
G1 X3.098 Y36.581 A620.35935
G1 X3.705 Y37.188 A620.38641
G1 X3.7 Y37.648 A620.40091
G1 X3.098 Y37.046 A620.42774
G1 X3.098 Y37.51 A620.44236
G1 X3.695 Y38.107 A620.46897
G1 X3.687 Y38.565 A620.48341
G1 X3.098 Y37.975 A620.50969
G1 X3.097 Y38.439 A620.52431
G1 X3.681 Y39.023 A620.55034
G1 X3.676 Y39.483 A620.56484
G1 X3.097 Y38.903 A620.59067
G1 X3.096 Y39.367 A620.60529
G1 X3.672 Y39.943 A620.63096
G1 X3.668 Y40.403 A620.64546
G1 X3.096 Y39.831 A620.67096
G1 X3.095 Y40.296 A620.68562
G1 X3.663 Y40.863 A620.71092
G1 X3.659 Y41.324 A620.72545
G1 X3.095 Y40.76 A620.75059
G1 X3.094 Y41.224 A620.76521
G1 X3.654 Y41.784 A620.79017
G1 X3.65 Y42.244 A620.80467
G1 X3.094 Y41.688 A620.82945
G1 X3.093 Y42.152 A620.84407
G1 X3.645 Y42.704 A620.86867
G1 X3.641 Y43.165 A620.8832
G1 X3.092 Y42.616 A620.90767
G1 X3.092 Y43.08 A620.92229
G1 X3.637 Y43.625 A620.94658
G1 X3.633 Y44.086 A620.96111
G1 X3.091 Y43.544 A620.98527
G1 X3.091 Y44.008 A620.99989
G1 X3.629 Y44.546 A621.02387
G1 X3.625 Y45.007 A621.0384
G1 X3.09 Y44.472 A621.06225
G1 X3.09 Y44.936 A621.07687
G1 X3.621 Y45.467 A621.10054
G1 X3.617 Y45.928 A621.11507
G1 X3.089 Y45.401 A621.13858
G1 X3.089 Y45.865 A621.1532
G1 X3.613 Y46.388 A621.17653
G1 X3.61 Y46.851 A621.19112
G1 X3.089 Y46.33 A621.21434
G1 X3.089 Y46.794 A621.22896
G1 X3.607 Y47.312 A621.25205
G1 X3.603 Y47.773 A621.26658
G1 X3.089 Y47.259 A621.28949
G1 X3.088 Y47.723 A621.30411
G1 X3.599 Y48.234 A621.32689
G1 X3.596 Y48.695 A621.34142
G1 X3.088 Y48.187 A621.36406
G1 X3.087 Y48.651 A621.37868
G1 X3.592 Y49.155 A621.40117
G1 X3.588 Y49.616 A621.4157
G1 X3.087 Y49.115 A621.43803
G1 X3.086 Y49.579 A621.45265
G1 X3.584 Y50.077 A621.47485
G1 X3.58 Y50.538 A621.48938
G1 X3.086 Y50.043 A621.51142
G1 X3.085 Y50.507 A621.52604
G1 X3.576 Y50.999 A621.54795
G1 X3.573 Y51.459 A621.56245
G1 X3.085 Y50.971 A621.5842
G1 X3.084 Y51.436 A621.59886
G1 X3.569 Y51.92 A621.62046
G1 X3.565 Y52.381 A621.63499
G1 X3.084 Y51.9 A621.65643
G1 X3.083 Y52.364 A621.67105
G1 X3.561 Y52.842 A621.69236
G1 X3.557 Y53.303 A621.70689
G1 X3.083 Y52.828 A621.72804
G1 X3.082 Y53.292 A621.74266
G1 X3.554 Y53.763 A621.76368
G1 X3.55 Y54.224 A621.77821
G1 X3.081 Y53.756 A621.79909
G1 X3.081 Y54.22 A621.81371
G1 X3.548 Y54.687 A621.83453
G1 X3.546 Y55.15 A621.84912
G1 X3.081 Y54.685 A621.86985
G1 X3.081 Y55.15 A621.88451
G1 X3.544 Y55.612 A621.90513
G1 X3.542 Y56.075 A621.91972
G1 X3.081 Y55.614 A621.94027
G1 X3.081 Y56.079 A621.95493
G1 X3.54 Y56.537 A621.97537
G1 X3.537 Y56.999 A621.98993
G1 X3.081 Y56.543 A622.01026
G1 X3.081 Y57.008 A622.02492
G1 X3.535 Y57.462 A622.04516
G1 X3.532 Y57.924 A622.05972
G1 X3.081 Y57.472 A622.07984
G1 X3.081 Y57.937 A622.0945
G1 X3.53 Y58.386 A622.11451
G1 X3.528 Y58.848 A622.12907
G1 X3.08 Y58.401 A622.14902
G1 X3.08 Y58.866 A622.16368
G1 X3.525 Y59.311 A622.18352
G1 X3.523 Y59.773 A622.19808
G1 X3.08 Y59.33 A622.21783
G1 X3.08 Y59.795 A622.23249
G1 X3.521 Y60.235 A622.25212
G1 X3.518 Y60.697 A622.26668
G1 X3.08 Y60.26 A622.28618
G1 X3.081 Y60.724 A622.3008
G1 X3.516 Y61.159 A622.32019
G1 X3.513 Y61.621 A622.33475
G1 X3.081 Y61.189 A622.35401
G1 X3.081 Y61.654 A622.36867
G1 X3.51 Y62.083 A622.38779
G1 X3.507 Y62.545 A622.40235
G1 X3.081 Y62.119 A622.42134
G1 X3.082 Y62.584 A622.436
G1 X3.505 Y63.007 A622.45485
G1 X3.502 Y63.469 A622.46941
G1 X3.082 Y63.049 A622.48813
G1 X3.082 Y63.514 A622.50279
G1 X3.499 Y63.931 A622.52138
G1 X3.497 Y64.393 A622.53594
G1 X3.082 Y63.979 A622.55442
G1 X3.099 Y64.46 A622.56959
G1 X3.494 Y64.855 A622.5872
G1 X3.491 Y65.317 A622.60176
G1 X3.239 Y65.064 A622.61301
G1 X3.237 Y65.527 A622.6276
G1 X3.489 Y65.779 A622.63883
G1 X3.486 Y66.241 A622.65339
G1 X3.235 Y65.989 A622.6646
G1 X3.233 Y66.452 A622.67919
G1 X3.483 Y66.702 A622.69033
G1 X3.48 Y67.164 A622.70489
G1 X3.231 Y66.915 A622.71599
G1 X3.229 Y67.378 A622.73058
G1 X3.478 Y67.626 A622.74166
G1 X3.475 Y68.088 A622.75622
G1 X3.228 Y67.841 A622.76723
G1 X3.226 Y68.304 A622.78182
G1 X3.472 Y68.55 A622.79279
G1 X3.47 Y69.012 A622.80735
G1 X3.224 Y68.766 A622.81832
G1 X3.222 Y69.229 A622.83291
G1 X3.467 Y69.474 A622.84383
G1 X3.464 Y69.936 A622.85839
G1 X3.22 Y69.692 A622.86927
G1 X3.219 Y70.155 A622.88386
G1 X3.462 Y70.398 A622.89469
G1 X3.459 Y70.86 A622.90925
G1 X3.217 Y70.618 A622.92004
G1 X3.215 Y71.081 A622.93463
G1 X3.456 Y71.322 A622.94537
G1 X3.453 Y71.784 A622.95993
G1 X3.215 Y71.545 A622.97056
G1 X3.215 Y72.01 A622.98522
G1 X3.451 Y72.246 A622.99574
G1 X3.448 Y72.707 A623.01027
G1 X3.215 Y72.475 A623.02063
G1 X3.215 Y72.94 A623.03529
G1 X3.474 Y73.198 A623.04681
G1 X4.247 Y28.781 F7800
;TYPE:Support material
G1 F3600
G1 X4.213 Y40.098 A623.4035
G1 X3.98 Y47.721 A623.64387
G1 X4.173 Y48.458 A623.66788
G1 X4.155 Y56.242 A623.91322
G1 X3.906 Y66.679 A624.24227
G1 X4.106 Y67.421 A624.26649
G1 X4.097 Y72.385 A624.42295
G1 X4.083 Y73.039 A624.44357
G1 X3.785 Y73.039 A624.45296
G1 X3.951 Y46.442 A625.29126
G1 X4.155 Y28.539 A625.85557
G1 X4.231 Y28.74 A625.86234
G1 A625.56234 F2400
;WIPE_START
G1 F6240
G1 X4.155 Y28.539 A625.48382
G1 X4.12 Y31.608 A624.36234
;WIPE_END
G1 X4.271 Y23.953 F7800
G1 A625.86234 F2400
G1 F3600
G1 X4.209 Y25.13 A625.89949
G1 X4.279 Y21.426 A626.01625
G1 X4.271 Y23.909 A626.09451
G1 A625.79451 F2400
;WIPE_START
G1 F6240
G1 X4.279 Y21.426 A624.88726
G1 X4.264 Y22.227 A624.59451
;WIPE_END
G1 X-3.24 Y7.012 F7800
G1 A626.09451 F2400
;TYPE:Support material interface
G1 F3600
G1 X-3.929 Y6.323 A626.12522
G1 X-4.28 Y6.436 A626.13684
G1 X-3.316 Y7.401 A626.17983
G1 X-3.668 Y7.514 A626.19148
G1 X-4.631 Y6.55 A626.23443
G1 X-4.982 Y6.664 A626.24606
G1 X-4.02 Y7.626 A626.28894
G1 X-4.381 Y7.729 A626.30077
G1 X-5.333 Y6.777 A626.3432
G1 X-5.684 Y6.891 A626.35483
G1 X-4.771 Y7.805 A626.39555
G1 X-5.16 Y7.88 A626.40804
G1 X-6.035 Y7.005 A626.44704
G1 X-6.386 Y7.119 A626.45867
G1 X-5.543 Y7.961 A626.49622
G1 X-5.907 Y8.062 A626.50813
G1 X-6.737 Y7.232 A626.54513
G1 X-7.088 Y7.346 A626.55676
G1 X-6.272 Y8.162 A626.59313
G1 X-6.636 Y8.263 A626.60504
G1 X-7.439 Y7.46 A626.64083
G1 X-7.79 Y7.573 A626.65245
G1 X-7 Y8.363 A626.68766
G1 X-7.364 Y8.464 A626.69957
G1 X-8.141 Y7.687 A626.7342
G1 X-8.492 Y7.801 A626.74583
G1 X-7.726 Y8.566 A626.77995
G1 X-8.083 Y8.674 A626.79171
G1 X-8.843 Y7.914 A626.82559
G1 X-9.193 Y8.028 A626.83719
G1 X-8.439 Y8.782 A626.8708
G1 X-8.796 Y8.89 A626.88256
G1 X-9.544 Y8.142 A626.9159
G1 X-9.895 Y8.255 A626.92752
G1 X-9.152 Y8.998 A626.96064
G1 X-9.509 Y9.107 A626.9724
G1 X-10.246 Y8.369 A627.00527
G1 X-10.597 Y8.483 A627.0169
G1 X-9.865 Y9.215 A627.04953
G1 X-10.222 Y9.323 A627.06129
G1 X-10.948 Y8.596 A627.09367
G1 X-11.299 Y8.71 A627.1053
G1 X-10.578 Y9.431 A627.13744
G1 X-10.935 Y9.539 A627.1492
G1 X-11.65 Y8.824 A627.18107
G1 X-12.001 Y8.938 A627.1927
G1 X-11.291 Y9.647 A627.22432
G1 X-11.648 Y9.755 A627.23608
G1 X-12.352 Y9.051 A627.26746
G1 X-12.703 Y9.165 A627.27909
G1 X-12.005 Y9.863 A627.3102
G1 X-12.361 Y9.971 A627.32193
G1 X-13.054 Y9.279 A627.3528
G1 X-13.405 Y9.392 A627.36442
G1 X-12.718 Y10.079 A627.39504
G1 X-13.074 Y10.188 A627.40677
G1 X-13.756 Y9.506 A627.43717
G1 X-14.106 Y9.62 A627.44877
G1 X-13.43 Y10.296 A627.4789
G1 X-13.786 Y10.405 A627.49063
G1 X-14.457 Y9.734 A627.52054
G1 X-14.807 Y9.848 A627.53214
G1 X-14.141 Y10.515 A627.56185
G1 X-14.496 Y10.624 A627.57355
G1 X-15.158 Y9.962 A627.60306
G1 X-15.508 Y10.077 A627.61467
G1 X-14.852 Y10.733 A627.64391
G1 X-15.207 Y10.842 A627.65561
G1 X-15.858 Y10.191 A627.68463
G1 X-16.209 Y10.305 A627.69626
G1 X-15.563 Y10.951 A627.72505
G1 X-15.918 Y11.061 A627.73676
G1 X-16.559 Y10.419 A627.76535
G1 X-16.91 Y10.534 A627.77699
G1 X-16.273 Y11.17 A627.80536
G1 X-16.629 Y11.279 A627.81709
G1 X-17.261 Y10.647 A627.84526
G1 X-17.612 Y10.761 A627.85689
G1 X-16.986 Y11.386 A627.88477
G1 X-17.344 Y11.493 A627.89655
G1 X-17.963 Y10.874 A627.92414
G1 X-18.314 Y10.988 A627.93577
G1 X-17.701 Y11.6 A627.96307
G1 X-18.059 Y11.707 A627.97485
G1 X-18.665 Y11.102 A628.00184
G1 X-19.016 Y11.215 A628.01346
G1 X-18.414 Y11.817 A628.04029
G1 X-18.768 Y11.927 A628.05197
G1 X-19.367 Y11.329 A628.07865
G1 X-19.718 Y11.442 A628.09027
G1 X-19.123 Y12.037 A628.11679
G1 X-19.477 Y12.148 A628.12848
G1 X-20.069 Y11.556 A628.15487
G1 X-20.419 Y11.67 A628.16647
G1 X-19.832 Y12.258 A628.19266
G1 X-20.186 Y12.368 A628.20434
G1 X-20.77 Y11.784 A628.23037
G1 X-21.121 Y11.897 A628.24199
G1 X-20.543 Y12.475 A628.26775
G1 X-20.9 Y12.583 A628.27951
G1 X-21.472 Y12.011 A628.30501
G1 X-21.823 Y12.125 A628.31664
G1 X-21.258 Y12.69 A628.34182
G1 X-21.612 Y12.801 A628.35351
G1 X-22.174 Y12.238 A628.37858
G1 X-22.525 Y12.352 A628.39021
G1 X-21.966 Y12.911 A628.41513
G1 X-22.321 Y13.021 A628.42684
G1 X-22.877 Y12.465 A628.45162
G1 X-23.228 Y12.579 A628.46325
G1 X-22.675 Y13.132 A628.4879
G1 X-23.029 Y13.242 A628.49958
G1 X-23.578 Y12.693 A628.52405
G1 X-23.929 Y12.807 A628.53568
G1 X-23.383 Y13.353 A628.56002
G1 X-23.738 Y13.463 A628.57173
G1 X-24.28 Y12.92 A628.59591
G1 X-24.631 Y13.034 A628.60754
G1 X-24.094 Y13.571 A628.63148
G1 X-24.451 Y13.678 A628.64323
G1 X-24.982 Y13.148 A628.66688
G1 X-25.333 Y13.261 A628.6785
G1 X-24.808 Y13.786 A628.7019
G1 X-25.164 Y13.895 A628.71363
G1 X-25.684 Y13.375 A628.73681
G1 X-26.035 Y13.488 A628.74843
G1 X-25.518 Y14.005 A628.77147
G1 X-25.872 Y14.116 A628.78316
G1 X-26.386 Y13.602 A628.80607
G1 X-26.737 Y13.716 A628.8177
G1 X-26.226 Y14.227 A628.84048
G1 X-26.58 Y14.338 A628.85217
G1 X-27.088 Y13.829 A628.87484
G1 X-27.439 Y13.943 A628.88647
G1 X-26.934 Y14.448 A628.90898
G1 X-27.288 Y14.559 A628.92067
G1 X-27.79 Y14.056 A628.94307
G1 X-28.141 Y14.17 A628.9547
G1 X-27.641 Y14.67 A628.97699
G1 X-27.995 Y14.781 A628.98868
G1 X-28.492 Y14.284 A629.01083
G1 X-28.843 Y14.397 A629.02245
G1 X-28.349 Y14.891 A629.04447
G1 X-28.703 Y15.002 A629.05616
G1 X-29.194 Y14.511 A629.07805
G1 X-29.545 Y14.624 A629.08967
G1 X-29.057 Y15.113 A629.11144
G1 X-29.411 Y15.224 A629.12313
G1 X-29.896 Y14.738 A629.14477
G1 X-30.247 Y14.852 A629.1564
G1 X-29.765 Y15.334 A629.17788
G1 X-30.119 Y15.445 A629.18957
G1 X-30.597 Y14.966 A629.2109
G1 X-30.948 Y15.08 A629.22253
G1 X-30.472 Y15.556 A629.24375
G1 X-30.827 Y15.666 A629.25546
G1 X-31.299 Y15.194 A629.2765
G1 X-31.65 Y15.307 A629.28812
G1 X-31.183 Y15.775 A629.30896
G1 X-31.537 Y15.885 A629.32064
G1 X-32.001 Y15.421 A629.34132
G1 X-32.352 Y15.534 A629.35294
G1 X-31.891 Y15.996 A629.37351
G1 X-32.244 Y16.107 A629.38517
G1 X-32.703 Y15.648 A629.40563
G1 X-33.054 Y15.762 A629.41726
G1 X-32.598 Y16.218 A629.43759
G1 X-32.951 Y16.329 A629.44925
G1 X-33.405 Y15.875 A629.46949
G1 X-33.756 Y15.989 A629.48112
G1 X-33.305 Y16.44 A629.50122
G1 X-33.658 Y16.551 A629.51288
G1 X-34.107 Y16.103 A629.53287
G1 X-34.458 Y16.216 A629.54449
G1 X-34.012 Y16.663 A629.56439
G1 X-34.366 Y16.774 A629.57608
G1 X-34.809 Y16.33 A629.59585
G1 X-35.16 Y16.443 A629.60747
G1 X-34.719 Y16.885 A629.62715
G1 X-35.072 Y16.996 A629.63881
G1 X-35.511 Y16.557 A629.65838
G1 X-35.862 Y16.671 A629.67001
G1 X-35.426 Y17.107 A629.68944
G1 X-35.779 Y17.219 A629.70111
G1 X-36.213 Y16.784 A629.72048
G1 X-36.565 Y16.898 A629.73214
G1 X-36.132 Y17.33 A629.75142
G1 X-36.486 Y17.441 A629.76311
G1 X-36.916 Y17.011 A629.78228
G1 X-37.267 Y17.125 A629.79391
G1 X-36.839 Y17.553 A629.81299
G1 X-37.192 Y17.664 A629.82465
G1 X-37.618 Y17.239 A629.84362
G1 X-37.968 Y17.352 A629.85521
G1 X-37.545 Y17.775 A629.87406
G1 X-37.899 Y17.887 A629.88576
G1 X-38.319 Y17.466 A629.9045
G1 X-38.67 Y17.58 A629.91613
G1 X-38.252 Y17.998 A629.93476
G1 X-38.605 Y18.109 A629.94642
G1 X-39.02 Y17.694 A629.96492
G1 X-39.371 Y17.808 A629.97655
G1 X-38.957 Y18.222 A629.995
G1 X-39.31 Y18.334 A630.00667
G1 X-39.722 Y17.922 A630.02503
G1 X-40.073 Y18.035 A630.03665
G1 X-39.663 Y18.445 A630.05493
G1 X-40.016 Y18.557 A630.0666
G1 X-40.424 Y18.149 A630.08479
G1 X-40.775 Y18.263 A630.09642
G1 X-40.369 Y18.668 A630.11449
G1 X-40.722 Y18.78 A630.12616
G1 X-41.126 Y18.376 A630.14417
G1 X-41.477 Y18.49 A630.1558
G1 X-41.075 Y18.891 A630.1737
G1 X-41.429 Y19.003 A630.1854
G1 X-41.828 Y18.603 A630.20321
G1 X-42.179 Y18.717 A630.21484
G1 X-41.782 Y19.114 A630.23254
G1 X-42.135 Y19.226 A630.24421
G1 X-42.53 Y18.831 A630.26182
G1 X-42.881 Y18.944 A630.27344
G1 X-42.488 Y19.337 A630.29096
G1 X-42.841 Y19.449 A630.30263
G1 X-43.232 Y19.058 A630.32006
G1 X-43.583 Y19.171 A630.33168
G1 X-43.194 Y19.56 A630.34902
G1 X-43.547 Y19.672 A630.36069
G1 X-43.934 Y19.285 A630.37794
G1 X-44.285 Y19.399 A630.38957
G1 X-43.9 Y19.783 A630.40671
G1 X-44.254 Y19.895 A630.41841
G1 X-44.636 Y19.512 A630.43546
G1 X-44.987 Y19.626 A630.44709
G1 X-44.607 Y20.007 A630.46405
G1 X-44.96 Y20.118 A630.47571
G1 X-45.338 Y19.739 A630.49258
G1 X-45.689 Y19.853 A630.50421
G1 X-45.313 Y20.23 A630.52099
G1 X-45.666 Y20.341 A630.53265
G1 X-46.04 Y19.967 A630.54932
G1 X-46.391 Y20.081 A630.56095
G1 X-46.019 Y20.453 A630.57753
G1 X-46.371 Y20.565 A630.58917
G1 X-46.742 Y20.195 A630.60568
G1 X-47.092 Y20.309 A630.61728
G1 X-46.723 Y20.678 A630.63373
G1 X-47.075 Y20.791 A630.64538
G1 X-47.443 Y20.422 A630.66181
G1 X-47.794 Y20.536 A630.67344
G1 X-47.427 Y20.904 A630.68982
G1 X-47.779 Y21.016 A630.70146
G1 X-48.145 Y20.65 A630.71777
G1 X-48.495 Y20.764 A630.72937
G1 X-48.131 Y21.128 A630.74559
G1 X-48.483 Y21.241 A630.75724
G1 X-48.846 Y20.878 A630.77342
G1 X-49.197 Y20.992 A630.78505
G1 X-48.835 Y21.353 A630.80116
G1 X-49.188 Y21.466 A630.81284
G1 X-49.548 Y21.106 A630.82889
G1 X-49.898 Y21.219 A630.84048
G1 X-49.54 Y21.578 A630.85646
G1 X-49.892 Y21.691 A630.86811
G1 X-50.249 Y21.333 A630.88404
G1 X-50.6 Y21.447 A630.89567
G1 X-50.244 Y21.803 A630.91154
G1 X-50.596 Y21.916 A630.92319
G1 X-50.951 Y21.561 A630.93901
G1 X-51.302 Y21.675 A630.95064
G1 X-50.948 Y22.028 A630.9664
G1 X-51.301 Y22.14 A630.97807
G1 X-51.652 Y21.789 A630.99372
G1 X-52.003 Y21.903 A631.00535
G1 X-51.653 Y22.253 A631.02095
G1 X-52.005 Y22.365 A631.03259
G1 X-52.353 Y22.017 A631.0481
G1 X-52.704 Y22.131 A631.05973
G1 X-52.357 Y22.478 A631.0752
G1 X-52.71 Y22.59 A631.08687
G1 X-53.054 Y22.245 A631.10223
G1 X-53.405 Y22.359 A631.11386
G1 X-53.062 Y22.702 A631.12915
G1 X-53.414 Y22.814 A631.14079
G1 X-53.755 Y22.474 A631.15597
G1 X-54.106 Y22.588 A631.1676
G1 X-53.767 Y22.927 A631.18271
G1 X-54.119 Y23.039 A631.19435
G1 X-54.456 Y22.702 A631.20937
G1 X-54.807 Y22.816 A631.221
G1 X-54.472 Y23.151 A631.23593
G1 X-54.824 Y23.263 A631.24757
G1 X-55.157 Y22.93 A631.26241
G1 X-55.508 Y23.044 A631.27404
G1 X-55.176 Y23.376 A631.28884
G1 X-55.529 Y23.488 A631.30051
G1 X-55.883 Y23.166 A631.31559
G1 X-56.132 Y23.349 A631.32533
G1 X-55.881 Y23.6 A631.33652
G1 X-56.234 Y23.712 A631.34819
G1 X-56.436 Y23.51 A631.35719
G1 X-56.788 Y23.623 A631.36884
G1 X-56.586 Y23.824 A631.37782
G1 X-56.938 Y23.937 A631.38947
G1 X-57.14 Y23.735 A631.39847
G1 X-57.492 Y23.848 A631.41012
G1 X-57.291 Y24.049 A631.41908
G1 X-57.643 Y24.161 A631.43072
G1 X-57.843 Y23.961 A631.43963
G1 X-58.195 Y24.074 A631.45128
G1 X-57.996 Y24.273 A631.46015
G1 X-58.348 Y24.386 A631.4718
G1 X-58.547 Y24.186 A631.48069
G1 X-58.899 Y24.299 A631.49234
G1 X-58.7 Y24.498 A631.50121
G1 X-59.053 Y24.61 A631.51288
G1 X-59.251 Y24.412 A631.52171
G1 X-59.602 Y24.525 A631.53333
G1 X-59.405 Y24.722 A631.54211
G1 X-59.758 Y24.834 A631.55378
G1 X-59.954 Y24.638 A631.56252
G1 X-60.306 Y24.751 A631.57417
G1 X-60.11 Y24.947 A631.58291
G1 X-60.462 Y25.059 A631.59455
G1 X-60.658 Y24.863 A631.60329
G1 X-61.01 Y24.976 A631.61494
G1 X-60.815 Y25.171 A631.62363
G1 X-61.167 Y25.283 A631.63527
G1 X-61.362 Y25.089 A631.64394
G1 X-61.713 Y25.202 A631.65556
G1 X-61.52 Y25.396 A631.66418
G1 X-61.872 Y25.508 A631.67582
G1 X-62.065 Y25.315 A631.68442
G1 X-62.417 Y25.428 A631.69607
G1 X-62.224 Y25.62 A631.70465
G1 X-62.577 Y25.732 A631.71632
G1 X-62.767 Y25.542 A631.72479
G1 X-63.118 Y25.656 A631.73642
G1 X-62.929 Y25.844 A631.74482
G1 X-63.282 Y25.957 A631.7565
G1 X-63.468 Y25.77 A631.76481
G1 X-63.819 Y25.884 A631.77644
G1 X-63.516 Y26.187 A631.78995
G1 X-21.627 Y13.26 F7800
;TYPE:Support material
G1 F3600
G1 X-32.4 Y16.724 A632.14662
G1 X-39.722 Y18.859 A632.38701
G1 X-40.363 Y19.27 A632.41101
G1 X-47.772 Y21.658 A632.65636
G1 X-57.775 Y24.646 A632.9854
G1 X-58.419 Y25.066 A633.00963
G1 X-63.143 Y26.592 A633.1661
G1 X-63.769 Y26.78 A633.1867
G1 X-63.861 Y26.497 A633.19608
G1 X-38.515 Y18.436 A634.03437
G1 X-21.425 Y13.097 A634.59869
G1 X-21.593 Y13.232 A634.60548
G1 A634.30548 F2400
;WIPE_START
G1 F6240
G1 X-21.425 Y13.097 A634.22673
G1 X-24.354 Y14.012 A633.10548
;WIPE_END
G1 X-17.028 Y11.79 F7800
G1 A634.60548 F2400
G1 F3600
G1 X-18.166 Y12.095 A634.64261
G1 X-14.622 Y11.017 A634.75936
G1 X-16.986 Y11.777 A634.83762
G1 A634.53762 F2400
;WIPE_START
G1 F6240
G1 X-14.622 Y11.017 A633.63031
G1 X-15.388 Y11.25 A633.33762
;WIPE_END
G1 X-3.307 Y-.489 F7800
G1 A634.83762 F2400
;TYPE:Support material interface
G1 F3600
G1 X-4.274 Y-1.456 A634.88072
G1 X-4.876 Y-2.522 A634.91931
G1 X-3.211 Y-.858 A634.9935
G1 X-3.004 Y-1.115 A635.0039
G1 X-5.779 Y-3.89 A635.12759
G1 X-6.797 Y-5.372 A635.18426
G1 X-2.746 Y-1.39 A635.3633
G1 X-3.792 Y-2.833 A635.41947
G1 X-7.864 Y-6.904 A635.60095
G1 X-8.931 Y-8.436 A635.65979
G1 X-5.018 Y-4.523 A635.83421
G1 X-6.245 Y-6.214 A635.90006
G1 X-10.015 Y-9.985 A636.06812
G1 X-11.111 Y-11.545 A636.12821
G1 X-7.471 Y-7.905 A636.29046
G1 X-8.697 Y-9.596 A636.35629
G1 X-12.17 Y-13.068 A636.51107
G1 X-13.281 Y-14.644 A636.57184
G1 X-9.936 Y-11.3 A636.72092
G1 X-11.174 Y-13.002 A636.78725
G1 X-14.36 Y-16.188 A636.92926
G1 X-15.488 Y-17.78 A636.99076
G1 X-12.397 Y-14.69 A637.12851
G1 X-13.624 Y-16.381 A637.19436
G1 X-16.564 Y-19.321 A637.32541
G1 X-17.702 Y-20.924 A637.38737
G1 X-14.848 Y-18.07 A637.51458
G1 X-16.074 Y-19.761 A637.58041
G1 X-18.84 Y-22.526 A637.70368
G1 X-19.977 Y-24.128 A637.7656
G1 X-17.298 Y-21.449 A637.88501
G1 X-18.521 Y-23.137 A637.95071
G1 X-21.105 Y-25.721 A638.06589
G1 X-22.252 Y-27.333 A638.12825
G1 X-19.752 Y-24.832 A638.23971
G1 X-20.975 Y-26.52 A638.30541
G1 X-23.406 Y-28.951 A638.41377
G1 X-24.561 Y-30.57 A638.47645
G1 X-22.199 Y-28.208 A638.58173
G1 X-23.422 Y-29.896 A638.64743
G1 X-25.729 Y-32.203 A638.75026
G1 X-26.888 Y-33.827 A638.81314
G1 X-24.654 Y-31.593 A638.91272
G1 X-25.878 Y-33.281 A638.97844
G1 X-28.048 Y-35.451 A639.07516
G1 X-29.207 Y-37.075 A639.13804
G1 X-27.101 Y-34.97 A639.23189
G1 X-28.325 Y-36.658 A639.29761
G1 X-30.401 Y-38.734 A639.39014
G1 X-31.588 Y-40.386 A639.45425
G1 X-29.556 Y-38.353 A639.54485
G1 X-30.788 Y-40.05 A639.61095
G1 X-32.776 Y-42.038 A639.69956
G1 X-33.958 Y-43.685 A639.76346
G1 X-32.019 Y-41.746 A639.84989
G1 X-33.259 Y-43.45 A639.91631
G1 X-35.139 Y-45.33 A640.00011
G1 X-36.32 Y-46.976 A640.06396
G1 X-34.499 Y-45.154 A640.14515
G1 X-34.867 Y-45.66 A640.16487
G1 X-35.348 Y-46.057 A640.18453
G1 X-36.407 Y-47.528 A640.24166
G1 X-37.501 Y-48.621 A640.2904
G1 X-38.682 Y-50.267 A640.35425
G1 X-37.606 Y-49.191 A640.40221
G1 X-38.805 Y-50.855 A640.46685
G1 X-39.862 Y-51.912 A640.51396
G1 X-40.233 Y-52.429 A640.53402
G1 X-40.049 Y-52.563 A640.54119
G1 X-39.368 Y-51.882 A640.57154
G1 X-33.391 Y-42.312 F7800
;TYPE:Support material
G1 F3600
G1 X-14.644 Y-16.002 A641.58976
G1 X-14.86 Y-16.144 A641.59791
G1 X-21.485 Y-25.319 A641.9546
G1 X-25.777 Y-31.624 A642.195
G1 X-26.366 Y-32.106 A642.21899
G1 X-30.927 Y-38.414 A642.46433
G1 X-36.86 Y-47.005 A642.7934
G1 X-37.458 Y-47.487 A642.81761
G1 X-40.742 Y-52.046 A642.9947
G1 X-40.501 Y-52.221 A643.00409
G1 X-33.417 Y-42.348 A643.38708
G1 X-12.591 Y-13.081 F7800
G1 F3600
G1 X-10.563 Y-10.174 A643.4988
G1 X-12.683 Y-13.212 A643.61556
G1 X-12.616 Y-13.117 A643.61922
G1 A643.31922 F2400
;WIPE_START
G1 F6240
G1 X-12.683 Y-13.212 A643.27674
G1 X-10.87 Y-10.614 A642.11922
;WIPE_END
G1 X4.011 Y-2.928 F7800
G1 A643.61922 F2400
;TYPE:Support material interface
G1 F3600
G1 X3.749 Y-3.19 A643.6309
G1 X3.946 Y-3.458 A643.64138
G1 X4.504 Y-2.9 A643.66625
G1 X4.908 Y-2.716 A643.68024
G1 X5.011 Y-2.857 A643.68574
G1 X4.143 Y-3.726 A643.72445
G1 X4.339 Y-3.994 A643.73491
G1 X5.207 Y-3.126 A643.7736
G1 X5.402 Y-3.395 A643.78407
G1 X4.552 Y-4.246 A643.82198
G1 X4.776 Y-4.486 A643.83233
G1 X5.598 Y-3.664 A643.86897
G1 X5.794 Y-3.933 A643.87946
G1 X5 Y-4.726 A643.91483
G1 X5.225 Y-4.967 A643.92522
G1 X5.989 Y-4.202 A643.9593
G1 X6.185 Y-4.471 A643.96979
G1 X5.432 Y-5.224 A644.00335
G1 X5.638 Y-5.482 A644.01376
G1 X6.381 Y-4.74 A644.04686
G1 X6.577 Y-5.009 A644.05735
G1 X5.844 Y-5.741 A644.09
G1 X6.051 Y-5.999 A644.10043
G1 X6.772 Y-5.277 A644.13259
G1 X6.968 Y-5.546 A644.14308
G1 X6.257 Y-6.258 A644.17479
G1 X6.463 Y-6.516 A644.1852
G1 X7.164 Y-5.815 A644.21645
G1 X7.36 Y-6.084 A644.22694
G1 X6.669 Y-6.775 A644.25774
G1 X6.869 Y-7.04 A644.2682
G1 X7.555 Y-6.353 A644.2988
G1 X7.751 Y-6.622 A644.30929
G1 X7.069 Y-7.304 A644.33969
G1 X7.269 Y-7.568 A644.35013
G1 X7.947 Y-6.891 A644.38033
G1 X8.142 Y-7.16 A644.3908
G1 X7.469 Y-7.833 A644.4208
G1 X7.67 Y-8.097 A644.43126
G1 X8.338 Y-7.429 A644.46104
G1 X8.534 Y-7.698 A644.47153
G1 X7.87 Y-8.362 A644.50113
G1 X8.07 Y-8.626 A644.51157
G1 X8.73 Y-7.966 A644.54099
G1 X8.925 Y-8.235 A644.55146
G1 X8.27 Y-8.89 A644.58066
G1 X8.47 Y-9.155 A644.59112
G1 X9.121 Y-8.504 A644.62014
G1 X9.317 Y-8.773 A644.63063
G1 X8.671 Y-9.419 A644.65942
G1 X8.871 Y-9.684 A644.66988
G1 X9.513 Y-9.042 A644.6985
G1 X9.708 Y-9.311 A644.70897
G1 X9.071 Y-9.948 A644.73736
G1 X9.271 Y-10.212 A644.7478
G1 X9.904 Y-9.58 A644.77599
G1 X10.1 Y-9.849 A644.78648
G1 X9.472 Y-10.477 A644.81447
G1 X9.672 Y-10.741 A644.82491
G1 X10.295 Y-10.118 A644.85268
G1 X10.491 Y-10.386 A644.86314
G1 X9.872 Y-11.006 A644.89075
G1 X10.072 Y-11.27 A644.90119
G1 X10.687 Y-10.655 A644.9286
G1 X10.883 Y-10.924 A644.93909
G1 X10.272 Y-11.535 A644.96632
G1 X10.471 Y-11.8 A644.97677
G1 X11.078 Y-11.193 A645.00383
G1 X11.274 Y-11.462 A645.01432
G1 X10.671 Y-12.065 A645.0412
G1 X10.87 Y-12.331 A645.05167
G1 X11.469 Y-11.732 A645.07837
G1 X11.664 Y-12.001 A645.08884
G1 X11.069 Y-12.596 A645.11536
G1 X11.269 Y-12.861 A645.12582
G1 X11.86 Y-12.27 A645.15216
G1 X12.055 Y-12.54 A645.16266
G1 X11.468 Y-13.127 A645.18882
G1 X11.667 Y-13.392 A645.19927
G1 X12.25 Y-12.809 A645.22526
G1 X12.446 Y-13.078 A645.23575
G1 X11.867 Y-13.657 A645.26156
G1 X12.066 Y-13.922 A645.27201
G1 X12.641 Y-13.348 A645.29762
G1 X12.836 Y-13.617 A645.30809
G1 X12.265 Y-14.188 A645.33354
G1 X12.466 Y-14.452 A645.344
G1 X13.032 Y-13.886 A645.36923
G1 X13.227 Y-14.155 A645.3797
G1 X12.667 Y-14.716 A645.40468
G1 X12.868 Y-14.979 A645.41511
G1 X13.423 Y-14.424 A645.43985
G1 X13.619 Y-14.693 A645.45034
G1 X13.069 Y-15.243 A645.47486
G1 X13.27 Y-15.506 A645.48529
G1 X13.815 Y-14.961 A645.50958
G1 X14.011 Y-15.23 A645.52007
G1 X13.468 Y-15.773 A645.54427
G1 X13.667 Y-16.039 A645.55474
G1 X14.206 Y-15.499 A645.57879
G1 X14.402 Y-15.768 A645.58928
G1 X13.865 Y-16.305 A645.61322
G1 X14.064 Y-16.571 A645.62369
G1 X14.598 Y-16.037 A645.64749
G1 X14.794 Y-16.306 A645.65798
G1 X14.263 Y-16.837 A645.68165
G1 X14.461 Y-17.103 A645.6921
G1 X14.989 Y-16.575 A645.71563
G1 X15.185 Y-16.844 A645.72612
G1 X14.661 Y-17.368 A645.74948
G1 X14.862 Y-17.632 A645.75994
G1 X15.381 Y-17.113 A645.78307
G1 X15.576 Y-17.381 A645.79352
G1 X15.062 Y-17.896 A645.81645
G1 X15.263 Y-18.16 A645.82691
G1 X15.772 Y-17.65 A645.84962
G1 X15.968 Y-17.919 A645.86011
G1 X15.461 Y-18.426 A645.88271
G1 X15.66 Y-18.692 A645.89318
G1 X16.164 Y-18.188 A645.91564
G1 X16.36 Y-18.457 A645.92613
G1 X15.858 Y-18.958 A645.94848
G1 X16.056 Y-19.225 A645.95896
G1 X16.555 Y-18.726 A645.9812
G1 X16.751 Y-18.994 A645.99166
G1 X16.255 Y-19.491 A646.01379
G1 X16.453 Y-19.757 A646.02424
G1 X16.947 Y-19.263 A646.04626
G1 X17.143 Y-19.532 A646.05675
G1 X16.652 Y-20.023 A646.07864
G1 X16.851 Y-20.289 A646.08911
G1 X17.338 Y-19.801 A646.11084
G1 X17.534 Y-20.07 A646.12133
G1 X17.051 Y-20.553 A646.14286
G1 X17.252 Y-20.817 A646.15332
G1 X17.73 Y-20.339 A646.17463
G1 X17.925 Y-20.608 A646.1851
G1 X17.452 Y-21.082 A646.20621
G1 X17.652 Y-21.346 A646.21665
G1 X18.121 Y-20.877 A646.23755
G1 X18.317 Y-21.146 A646.24804
G1 X17.85 Y-21.612 A646.26883
G1 X18.049 Y-21.879 A646.27933
G1 X18.513 Y-21.414 A646.30003
G1 X18.709 Y-21.683 A646.31052
G1 X18.247 Y-22.145 A646.33111
G1 X18.445 Y-22.412 A646.34159
G1 X18.904 Y-21.952 A646.36207
G1 X19.1 Y-22.221 A646.37256
G1 X18.643 Y-22.678 A646.39293
G1 X18.841 Y-22.945 A646.40341
G1 X19.296 Y-22.49 A646.42369
G1 X19.492 Y-22.759 A646.43418
G1 X19.039 Y-23.211 A646.45435
G1 X19.237 Y-23.478 A646.46483
G1 X19.688 Y-23.027 A646.48493
G1 X19.883 Y-23.296 A646.4954
G1 X19.435 Y-23.744 A646.51537
G1 X19.633 Y-24.011 A646.52585
G1 X20.079 Y-23.565 A646.54573
G1 X20.275 Y-23.834 A646.55622
G1 X19.831 Y-24.277 A646.57599
G1 X20.03 Y-24.544 A646.58649
G1 X20.471 Y-24.103 A646.60615
G1 X20.667 Y-24.372 A646.61664
G1 X20.228 Y-24.811 A646.63621
G1 X20.426 Y-25.077 A646.64666
G1 X20.862 Y-24.64 A646.66612
G1 X21.058 Y-24.91 A646.67664
G1 X20.624 Y-25.344 A646.69598
G1 X20.822 Y-25.61 A646.70643
G1 X21.253 Y-25.179 A646.72564
G1 X21.449 Y-25.448 A646.73613
G1 X21.02 Y-25.877 A646.75525
G1 X21.218 Y-26.143 A646.7657
G1 X21.644 Y-25.717 A646.78469
G1 X21.84 Y-25.986 A646.79518
G1 X21.418 Y-26.408 A646.81399
G1 X21.617 Y-26.673 A646.82444
G1 X22.036 Y-26.255 A646.84309
G1 X22.232 Y-26.523 A646.85355
G1 X21.815 Y-26.94 A646.87214
G1 X22.013 Y-27.207 A646.88262
G1 X22.428 Y-26.792 A646.90112
G1 X22.623 Y-27.061 A646.91159
G1 X22.211 Y-27.474 A646.92998
G1 X22.409 Y-27.74 A646.94043
G1 X22.819 Y-27.33 A646.95871
G1 X23.015 Y-27.599 A646.9692
G1 X22.606 Y-28.007 A646.98741
G1 X22.804 Y-28.274 A646.99789
G1 X23.211 Y-27.867 A647.01603
G1 X23.407 Y-28.136 A647.02652
G1 X23.002 Y-28.541 A647.04457
G1 X23.2 Y-28.808 A647.05505
G1 X23.602 Y-28.405 A647.07299
G1 X23.798 Y-28.674 A647.08348
G1 X23.398 Y-29.074 A647.10131
G1 X23.595 Y-29.341 A647.11177
G1 X23.994 Y-28.943 A647.12953
G1 X24.19 Y-29.212 A647.14002
G1 X23.793 Y-29.608 A647.15769
G1 X23.991 Y-29.875 A647.16817
G1 X24.386 Y-29.48 A647.18578
G1 X24.581 Y-29.749 A647.19625
G1 X24.189 Y-30.142 A647.21375
G1 X24.386 Y-30.409 A647.22421
G1 X24.777 Y-30.018 A647.24164
G1 X24.973 Y-30.287 A647.25213
G1 X24.584 Y-30.676 A647.26947
G1 X24.781 Y-30.943 A647.27993
G1 X25.169 Y-30.556 A647.2972
G1 X25.365 Y-30.825 A647.30769
G1 X24.979 Y-31.21 A647.32487
G1 X25.177 Y-31.477 A647.33535
G1 X25.56 Y-31.093 A647.35244
G1 X25.756 Y-31.362 A647.36293
G1 X25.374 Y-31.744 A647.37996
G1 X25.572 Y-32.011 A647.39044
G1 X25.952 Y-31.631 A647.40738
G1 X26.147 Y-31.9 A647.41785
G1 X25.77 Y-32.278 A647.43468
G1 X25.967 Y-32.545 A647.44514
G1 X26.343 Y-32.169 A647.4619
G1 X26.538 Y-32.439 A647.4724
G1 X26.164 Y-32.812 A647.48905
G1 X26.361 Y-33.081 A647.49956
G1 X26.734 Y-32.708 A647.51619
G1 X26.929 Y-32.977 A647.52666
G1 X26.558 Y-33.348 A647.5432
G1 X26.756 Y-33.615 A647.55368
G1 X27.125 Y-33.245 A647.57015
G1 X27.321 Y-33.514 A647.58064
G1 X26.953 Y-33.882 A647.59704
G1 X27.151 Y-34.149 A647.60752
G1 X27.517 Y-33.783 A647.62383
G1 X27.713 Y-34.052 A647.63432
G1 X27.348 Y-34.416 A647.65057
G1 X27.546 Y-34.684 A647.66107
G1 X27.908 Y-34.321 A647.67723
G1 X28.104 Y-34.59 A647.68772
G1 X27.743 Y-34.951 A647.70381
G1 X27.941 Y-35.218 A647.71429
G1 X28.3 Y-34.858 A647.73031
G1 X28.496 Y-35.127 A647.7408
G1 X28.138 Y-35.485 A647.75676
G1 X28.336 Y-35.752 A647.76724
G1 X28.692 Y-35.396 A647.78311
G1 X28.887 Y-35.665 A647.79358
G1 X28.533 Y-36.019 A647.80936
G1 X28.731 Y-36.286 A647.81984
G1 X29.083 Y-35.934 A647.83553
G1 X29.279 Y-36.203 A647.84602
G1 X28.928 Y-36.553 A647.86164
G1 X29.126 Y-36.821 A647.87214
G1 X29.475 Y-36.471 A647.88772
G1 X29.671 Y-36.74 A647.89821
G1 X29.323 Y-37.088 A647.91372
G1 X29.521 Y-37.355 A647.9242
G1 X29.866 Y-37.009 A647.9396
G1 X30.062 Y-37.278 A647.95009
G1 X29.718 Y-37.622 A647.96542
G1 X29.916 Y-37.889 A647.9759
G1 X30.258 Y-37.547 A647.99114
G1 X30.454 Y-37.816 A648.00163
G1 X30.113 Y-38.156 A648.01681
G1 X30.311 Y-38.423 A648.02729
G1 X30.65 Y-38.084 A648.0424
G1 X30.845 Y-38.353 A648.05287
G1 X30.508 Y-38.691 A648.06791
G1 X30.706 Y-38.958 A648.07839
G1 X31.041 Y-38.622 A648.09334
G1 X31.237 Y-38.891 A648.10383
G1 X30.902 Y-39.226 A648.11876
G1 X31.099 Y-39.494 A648.12924
G1 X31.432 Y-39.16 A648.14411
G1 X31.628 Y-39.43 A648.15463
G1 X31.295 Y-39.762 A648.16945
G1 X31.491 Y-40.03 A648.17991
G1 X31.823 Y-39.699 A648.19469
G1 X32.019 Y-39.968 A648.20518
G1 X31.688 Y-40.298 A648.21991
G1 X31.885 Y-40.566 A648.23039
G1 X32.214 Y-40.237 A648.24505
G1 X32.41 Y-40.506 A648.25554
G1 X32.082 Y-40.834 A648.27016
G1 X32.278 Y-41.102 A648.28062
G1 X32.605 Y-40.775 A648.2952
G1 X32.801 Y-41.044 A648.30569
G1 X32.475 Y-41.37 A648.32022
G1 X32.672 Y-41.638 A648.3307
G1 X32.997 Y-41.313 A648.34519
G1 X33.192 Y-41.582 A648.35566
G1 X32.868 Y-41.906 A648.3701
G1 X33.065 Y-42.173 A648.38056
G1 X33.388 Y-41.851 A648.39493
G1 X33.583 Y-42.12 A648.4054
G1 X33.262 Y-42.441 A648.41971
G1 X33.459 Y-42.709 A648.43019
G1 X33.779 Y-42.389 A648.44445
G1 X33.975 Y-42.658 A648.45494
G1 X33.655 Y-42.977 A648.46918
G1 X33.852 Y-43.245 A648.47966
G1 X34.17 Y-42.927 A648.49383
G1 X34.366 Y-43.196 A648.50432
G1 X34.049 Y-43.513 A648.51845
G1 X34.246 Y-43.781 A648.52893
G1 X34.561 Y-43.465 A648.54299
G1 X34.756 Y-43.735 A648.55349
G1 X34.442 Y-44.049 A648.56749
G1 X34.639 Y-44.317 A648.57797
G1 X34.952 Y-44.004 A648.59192
G1 X35.147 Y-44.273 A648.60239
G1 X34.836 Y-44.584 A648.61625
G1 X35.033 Y-44.852 A648.62673
G1 X35.343 Y-44.542 A648.64055
G1 X35.538 Y-44.812 A648.65105
G1 X35.23 Y-45.12 A648.66478
G1 X35.427 Y-45.387 A648.67524
G1 X35.733 Y-45.081 A648.68888
G1 X35.929 Y-45.35 A648.69937
G1 X35.624 Y-45.655 A648.71296
G1 X35.821 Y-45.923 A648.72344
G1 X36.124 Y-45.619 A648.73697
G1 X36.319 Y-45.889 A648.74747
G1 X36.017 Y-46.191 A648.76093
G1 X36.214 Y-46.458 A648.77139
G1 X36.515 Y-46.158 A648.78478
G1 X36.71 Y-46.427 A648.79525
G1 X36.411 Y-46.726 A648.80858
G1 X36.608 Y-46.994 A648.81906
G1 X36.906 Y-46.696 A648.83234
G1 X37.093 Y-46.974 A648.8429
G1 X36.805 Y-47.261 A648.85571
G1 X37.002 Y-47.529 A648.86619
G1 X37.216 Y-47.315 A648.87573
G1 X37.38 Y-47.615 A648.88651
G1 X37.199 Y-47.797 A648.8946
G1 X37.396 Y-48.065 A648.90508
G1 X37.577 Y-47.883 A648.91317
G1 X37.774 Y-48.151 A648.92365
G1 X37.593 Y-48.332 A648.93172
G1 X37.79 Y-48.6 A648.9422
G1 X37.97 Y-48.42 A648.95022
G1 X38.167 Y-48.688 A648.9607
G1 X37.987 Y-48.868 A648.96872
G1 X38.184 Y-49.135 A648.97918
G1 X38.363 Y-48.956 A648.98716
G1 X38.559 Y-49.224 A648.99762
G1 X38.38 Y-49.403 A649.0056
G1 X38.577 Y-49.671 A649.01608
G1 X38.756 Y-49.492 A649.02406
G1 X38.952 Y-49.76 A649.03452
G1 X38.774 Y-49.939 A649.04248
G1 X38.971 Y-50.206 A649.05294
G1 X39.149 Y-50.029 A649.06085
G1 X39.345 Y-50.297 A649.07131
G1 X39.168 Y-50.474 A649.0792
G1 X39.365 Y-50.742 A649.08968
G1 X39.542 Y-50.565 A649.09757
G1 X39.738 Y-50.833 A649.10803
G1 X39.562 Y-51.009 A649.11587
G1 X39.759 Y-51.277 A649.12635
G1 X39.935 Y-51.101 A649.13419
G1 X40.131 Y-51.37 A649.14468
G1 X39.956 Y-51.545 A649.15248
G1 X40.153 Y-51.813 A649.16296
G1 X40.327 Y-51.638 A649.17074
G1 X40.524 Y-51.906 A649.18122
G1 X40.35 Y-52.08 A649.18898
G1 X40.546 Y-52.348 A649.19944
G1 X40.72 Y-52.174 A649.2072
G1 X40.917 Y-52.442 A649.21768
G1 X40.743 Y-52.616 A649.22544
G1 X40.94 Y-52.883 A649.2359
G1 X41.112 Y-52.711 A649.24357
G1 X41.308 Y-52.98 A649.25406
G1 X41.137 Y-53.151 A649.26168
G1 X41.334 Y-53.419 A649.27216
G1 X41.503 Y-53.25 A649.27969
G1 X41.699 Y-53.519 A649.29018
G1 X41.531 Y-53.687 A649.29767
G1 X41.728 Y-53.954 A649.30813
G1 X42 Y-53.682 A649.32025
G1 X41.383 Y-54.474 F7800
;TYPE:Support material
G1 F3600
G1 X41.583 Y-54.329 A649.32804
G1 X25.815 Y-32.91 A650.16633
G1 X15.127 Y-18.545 A650.73066
G1 X15.195 Y-18.795 A650.73883
G1 X21.874 Y-27.93 A651.0955
G1 X26.543 Y-33.961 A651.33589
G1 X26.82 Y-34.67 A651.35988
G1 X31.41 Y-40.957 A651.60522
G1 X37.747 Y-49.255 A651.9343
G1 X38.021 Y-49.972 A651.95849
G1 X41.348 Y-54.5 A652.13559
G1 A651.83559 F2400
;WIPE_START
G1 F6240
G1 X39.403 Y-51.853 A650.63559
;WIPE_END
G1 X12.983 Y-15.69 F7800
G1 A652.13559 F2400
G1 F3600
G1 X10.846 Y-12.863 A652.24728
G1 X13.079 Y-15.819 A652.36404
G1 X13.01 Y-15.725 A652.36772
G1 A652.06772 F2400
;WIPE_START
G1 F6240
G1 X13.079 Y-15.819 A652.02511
G1 X11.169 Y-13.291 A650.86772
;WIPE_END
G1 X9.117 Y4.501 F7800
G1 A652.36772 F2400
;TYPE:Support material interface
G1 F3600
G1 X8.565 Y3.949 A652.39232
G1 X8.588 Y3.508 A652.40624
G1 X9.576 Y4.495 A652.45026
G1 X10.265 Y4.72 A652.4731
G1 X8.603 Y3.058 A652.54718
G1 X8.593 Y2.897 A652.55226
G1 X9.06 Y3.051 A652.56776
G1 X10.954 Y4.944 A652.65216
G1 X11.643 Y5.169 A652.675
G1 X9.765 Y3.291 A652.75871
G1 X10.637 Y3.698 A652.78904
G1 X12.333 Y5.394 A652.86464
G1 X13.022 Y5.618 A652.88747
G1 X11.404 Y4.001 A652.95957
G1 X12.148 Y4.28 A652.98461
G1 X13.711 Y5.843 A653.05428
G1 X14.4 Y6.067 A653.07711
G1 X12.892 Y4.559 A653.14433
G1 X13.604 Y4.807 A653.16809
G1 X15.09 Y6.292 A653.2343
G1 X15.779 Y6.517 A653.25714
G1 X14.316 Y5.054 A653.32235
G1 X15.027 Y5.3 A653.34606
G1 X16.468 Y6.741 A653.41029
G1 X17.157 Y6.966 A653.43313
G1 X15.739 Y5.547 A653.49636
G1 X16.45 Y5.794 A653.52008
G1 X17.847 Y7.191 A653.58235
G1 X18.536 Y7.415 A653.60518
G1 X17.161 Y6.041 A653.66645
G1 X17.873 Y6.288 A653.6902
G1 X19.223 Y7.638 A653.75037
G1 X19.91 Y7.861 A653.77314
G1 X18.584 Y6.534 A653.83227
G1 X19.291 Y6.776 A653.85582
G1 X20.598 Y8.083 A653.91408
G1 X21.285 Y8.306 A653.93685
G1 X19.997 Y7.018 A653.99426
G1 X20.704 Y7.261 A654.01782
G1 X21.973 Y8.53 A654.07438
G1 X22.663 Y8.755 A654.09725
G1 X21.411 Y7.503 A654.15306
G1 X22.122 Y7.749 A654.17677
G1 X23.353 Y8.98 A654.23164
G1 X24.042 Y9.205 A654.25448
G1 X22.838 Y8 A654.30817
G1 X23.548 Y8.246 A654.33185
G1 X24.731 Y9.429 A654.38458
G1 X25.42 Y9.653 A654.40741
G1 X24.251 Y8.484 A654.45952
G1 X24.954 Y8.723 A654.48292
G1 X26.11 Y9.878 A654.53442
G1 X26.799 Y10.103 A654.55726
G1 X25.663 Y8.967 A654.6079
G1 X26.377 Y9.216 A654.63173
G1 X27.489 Y10.328 A654.6813
G1 X28.178 Y10.553 A654.70414
G1 X27.079 Y9.454 A654.75313
G1 X27.781 Y9.691 A654.77648
G1 X28.867 Y10.777 A654.82489
G1 X29.556 Y11.002 A654.84773
G1 X28.484 Y9.929 A654.89553
G1 X29.191 Y10.172 A654.91909
G1 X30.246 Y11.227 A654.96611
G1 X30.935 Y11.452 A654.98895
G1 X29.904 Y10.42 A655.03493
G1 X30.609 Y10.661 A655.05841
G1 X31.625 Y11.677 A655.1037
G1 X32.315 Y11.902 A655.12657
G1 X31.31 Y10.897 A655.17137
G1 X32.011 Y11.133 A655.19468
G1 X33.004 Y12.127 A655.23896
G1 X33.694 Y12.351 A655.26182
G1 X32.711 Y11.369 A655.30561
G1 X33.412 Y11.605 A655.32892
G1 X34.383 Y12.576 A655.3722
G1 X35.071 Y12.8 A655.395
G1 X34.113 Y11.841 A655.43772
G1 X34.814 Y12.077 A655.46103
G1 X35.76 Y13.024 A655.50322
G1 X36.449 Y13.249 A655.52606
G1 X35.514 Y12.314 A655.56774
G1 X36.22 Y12.555 A655.59125
G1 X37.139 Y13.474 A655.63221
G1 X37.829 Y13.699 A655.65508
G1 X36.921 Y12.791 A655.69555
G1 X37.621 Y13.026 A655.71882
G1 X38.518 Y13.924 A655.75882
G1 X39.208 Y14.149 A655.78169
G1 X38.32 Y13.261 A655.82127
G1 X39.02 Y13.496 A655.84454
G1 X39.897 Y14.373 A655.88363
G1 X40.587 Y14.598 A655.9065
G1 X39.719 Y13.731 A655.94517
G1 X40.418 Y13.965 A655.9684
G1 X41.277 Y14.823 A656.00667
G1 X41.966 Y15.048 A656.02951
G1 X41.116 Y14.198 A656.0674
G1 X41.815 Y14.432 A656.09063
G1 X42.655 Y15.273 A656.12809
G1 X43.343 Y15.496 A656.15089
G1 X42.513 Y14.666 A656.18789
G1 X43.211 Y14.9 A656.21109
G1 X44.032 Y15.72 A656.24766
G1 X44.721 Y15.945 A656.2705
G1 X43.908 Y15.131 A656.30676
G1 X44.604 Y15.363 A656.32988
G1 X45.411 Y16.17 A656.36585
G1 X46.1 Y16.395 A656.38869
G1 X45.302 Y15.596 A656.42428
G1 X45.999 Y15.829 A656.44744
G1 X46.79 Y16.62 A656.4827
G1 X47.479 Y16.845 A656.50554
G1 X46.697 Y16.062 A656.54042
G1 X47.395 Y16.296 A656.56362
G1 X48.169 Y17.07 A656.59812
G1 X48.859 Y17.295 A656.62099
G1 X48.093 Y16.529 A656.65513
G1 X48.791 Y16.762 A656.67832
G1 X49.548 Y17.52 A656.71208
G1 X50.238 Y17.744 A656.73494
G1 X49.488 Y16.995 A656.76835
G1 X50.186 Y17.228 A656.79154
G1 X50.927 Y17.969 A656.82457
G1 X51.615 Y18.192 A656.84737
G1 X50.884 Y17.461 A656.87995
G1 X51.578 Y17.69 A656.90298
G1 X52.303 Y18.416 A656.93532
G1 X52.992 Y18.64 A656.95815
G1 X52.27 Y17.918 A656.99033
G1 X52.964 Y18.148 A657.01337
G1 X53.68 Y18.864 A657.04528
G1 X54.369 Y19.088 A657.06811
G1 X53.658 Y18.377 A657.0998
G1 X54.352 Y18.607 A657.12284
G1 X55.058 Y19.312 A657.15429
G1 X55.746 Y19.536 A657.17709
G1 X55.046 Y18.836 A657.20829
G1 X55.74 Y19.065 A657.23132
G1 X56.434 Y19.759 A657.26225
G1 X57.122 Y19.982 A657.28505
G1 X56.434 Y19.295 A657.31569
G1 X57.129 Y19.524 A657.33875
G1 X57.809 Y20.205 A657.36908
G1 X58.497 Y20.428 A657.39188
G1 X57.823 Y19.755 A657.4219
G1 X58.518 Y19.985 A657.44497
G1 X59.185 Y20.651 A657.47468
G1 X59.872 Y20.874 A657.49745
G1 X59.213 Y20.215 A657.52682
G1 X59.908 Y20.445 A657.54989
G1 X60.553 Y21.09 A657.57864
G1 X61.041 Y21.114 A657.59404
G1 X60.603 Y20.676 A657.61356
G1 X61.298 Y20.906 A657.63663
G1 X61.697 Y21.305 A657.65441
G1 X62.39 Y21.533 A657.6774
G1 X61.993 Y21.136 A657.6951
G1 X62.688 Y21.367 A657.71818
G1 X63.083 Y21.761 A657.73576
G1 X63.775 Y21.989 A657.75872
G1 X63.383 Y21.597 A657.77619
G1 X64.078 Y21.827 A657.79926
G1 X64.468 Y22.217 A657.81664
G1 X65.16 Y22.445 A657.8396
G1 X64.773 Y22.058 A657.85685
G1 X65.467 Y22.288 A657.87989
G1 X65.853 Y22.673 A657.89707
G1 X66.546 Y22.901 A657.92006
G1 X66.162 Y22.518 A657.93715
G1 X66.857 Y22.748 A657.96022
G1 X67.237 Y23.128 A657.97716
G1 X67.925 Y23.351 A657.99996
G1 X67.552 Y22.979 A658.01656
G1 X68.247 Y23.209 A658.03963
G1 X68.842 Y23.804 A658.06615
G1 X27.471 Y9.124 F7800
;TYPE:Support material
G1 F3600
G1 X37.756 Y12.5 A658.40733
G1 X44.934 Y15.077 A658.64771
G1 X45.695 Y15.121 A658.67174
G1 X53.092 Y17.543 A658.91706
G1 X62.942 Y21.006 A659.24614
G1 X63.709 Y21.045 A659.27035
G1 X68.427 Y22.587 A659.42679
G1 X69.045 Y22.803 A659.44742
G1 X68.953 Y23.086 A659.4568
G1 X43.71 Y14.709 A660.29508
G1 X26.745 Y8.983 A660.85942
G1 X27.004 Y8.97 A660.86759
G1 X27.429 Y9.11 A660.88169
G1 A660.58169 F2400
;WIPE_START
G1 F6240
G1 X27.004 Y8.97 A660.41819
G1 X26.745 Y8.983 A660.32344
G1 X29.187 Y9.807 A659.38169
;WIPE_END
G1 X22.419 Y7.456 F7800
G1 A660.88169 F2400
G1 F3600
G1 X23.519 Y7.878 A660.91882
G1 X20.018 Y6.667 A661.03558
G1 X22.377 Y7.442 A661.11384
G1 A660.81384 F2400
;WIPE_START
G1 F6240
G1 X20.018 Y6.667 A659.90657
G1 X20.775 Y6.929 A659.61384
;WIPE_END
G1 X7.547 Y5.379 F7800
G1 A661.11384 F2400
;TYPE:External perimeter
;WIDTH:0.544202
;HEIGHT:0.1
G1 F2880
G1 X7.578 Y5.39 A661.11455
;WIDTH:0.541798
G1 X10.521 Y6.33 A661.18139
;WIDTH:0.555582
G1 X68.191 Y25.098 A662.52813
G1 A662.22813 F2400
;WIPE_START
G1 F6240
G1 X65.068 Y24.082 A661.02813
;WIPE_END
G1 X-.222 Y3.214 F7800
G1 A662.52813 F2400
;TYPE:Perimeter
;WIDTH:0.449999
G1 F900
G1 X-.192 Y2.774 A662.53599
G1 X-.003 Y2.224 A662.54635
G1 X.321 Y1.741 A662.55671
G1 X.759 Y1.359 A662.56706
G1 X1.281 Y1.103 A662.57742
G1 X1.852 Y.991 A662.58779
G1 X2.432 Y1.031 A662.59815
G1 X2.982 Y1.219 A662.60851
G1 X3.459 Y1.539 A662.61874
G1 X3.662 Y1.741 A662.62384
G1 X3.954 Y2.152 A662.63282
G1 X4.168 Y2.725 A662.64372
G1 X4.223 Y3.264 A662.65337
G1 X4.144 Y3.807 A662.66315
G1 X3.946 Y4.292 A662.67248
G1 X3.613 Y4.747 A662.68253
G1 X3.224 Y5.07 A662.69154
G1 X2.702 Y5.326 A662.7019
G1 X2.179 Y5.431 A662.7114
G1 X1.852 Y5.437 A662.71723
G1 X1.351 Y5.352 A662.72628
G1 X.889 Y5.155 A662.73523
G1 X.427 Y4.806 A662.74555
G1 X.085 Y4.374 A662.75537
G1 X-.132 Y3.892 A662.76479
G1 X-.231 Y3.354 A662.77454
G1 X-.226 Y3.274 A662.77597
G1 X.201 Y3.215 F7800
G1 F900
G1 X.194 Y3.131 A662.77747
G1 X.277 Y2.668 A662.78585
G1 X.476 Y2.243 A662.79421
G1 X.78 Y1.884 A662.80259
G1 X1.165 Y1.615 A662.81096
G1 X1.609 Y1.456 A662.81936
G1 X2.076 Y1.416 A662.82771
G1 X2.538 Y1.499 A662.83607
G1 X2.856 Y1.632 A662.84221
G1 X3.265 Y1.937 A662.8513
G1 X3.571 Y2.345 A662.86039
G1 X3.749 Y2.818 A662.86939
G1 X3.79 Y3.298 A662.87797
G1 X3.689 Y3.803 A662.88715
G1 X3.507 Y4.186 A662.89471
G1 X3.204 Y4.545 A662.90308
G1 X2.781 Y4.829 A662.91216
G1 X2.376 Y4.973 A662.91982
G1 X1.908 Y5.013 A662.92819
G1 X1.445 Y4.93 A662.93657
G1 X1.02 Y4.73 A662.94494
G1 X.661 Y4.427 A662.95331
G1 X.39 Y4.035 A662.9618
G1 X.233 Y3.599 A662.97006
G1 X.206 Y3.274 A662.97587
G1 X.622 Y3.215 F7800
;TYPE:External perimeter
G1 F900
G1 X.618 Y3.186 A662.97639
G1 X.672 Y2.832 A662.98277
G1 X.816 Y2.504 A662.98915
G1 X1.04 Y2.224 A662.99554
G1 X1.329 Y2.011 A663.00194
G1 X1.665 Y1.881 A663.00836
G1 X2.02 Y1.841 A663.01472
G1 X2.374 Y1.895 A663.0211
G1 X2.667 Y2.017 A663.02675
G1 X2.982 Y2.263 A663.03387
G1 X3.195 Y2.552 A663.04027
G1 X3.325 Y2.886 A663.04666
G1 X3.355 Y3.317 A663.05436
G1 X3.282 Y3.666 A663.06071
G1 X3.167 Y3.925 A663.06576
G1 X2.943 Y4.205 A663.07215
G1 X2.617 Y4.433 A663.07924
G1 X2.32 Y4.548 A663.08491
G1 X1.964 Y4.588 A663.09129
G1 X1.609 Y4.534 A663.09769
G1 X1.281 Y4.39 A663.10407
G1 X1.001 Y4.166 A663.11046
G1 X.786 Y3.871 A663.11696
G1 X.658 Y3.543 A663.12323
G1 X.628 Y3.274 A663.12805
G1 A662.82805 F2400
;WIPE_START
G1 F6240
G1 X.622 Y3.215 A662.80638
G1 X.618 Y3.186 A662.79568
G1 X.672 Y2.832 A662.66484
G1 X.816 Y2.504 A662.53395
G1 X1.04 Y2.224 A662.40293
G1 X1.329 Y2.011 A662.27175
G1 X1.665 Y1.881 A662.14011
G1 X2.02 Y1.841 A662.00958
G1 X2.374 Y1.895 A661.87874
G1 X2.667 Y2.017 A661.76277
G1 X2.958 Y2.244 A661.62805
;WIPE_END
G1 X43.261 Y-52.983 F7800
G1 A663.12805 F2400
;WIDTH:0.555578
G1 F2880
G1 X7.59 Y-3.934 A664.47481
;WIDTH:0.5418
G1 X5.787 Y-1.426 A664.54163
;WIDTH:0.544984
G1 X5.764 Y-1.396 A664.54245
G1 A664.24245 F2400
;WIPE_START
G1 F6240
G1 X5.787 Y-1.426 A664.22864
G1 X7.59 Y-3.934 A663.10003
G1 X7.683 Y-4.061 A663.04245
;WIPE_END
G1 X-38.702 Y-53.401 F7800
G1 A664.54245 F2400
;WIDTH:0.555584
G1 F2880
G1 X-3.077 Y-4.319 A665.88922
;WIDTH:0.541798
G1 X-1.249 Y-1.829 A665.95604
;WIDTH:0.54498
G1 X-1.228 Y-1.798 A665.95685
G1 A665.65685 F2400
;WIPE_START
G1 F6240
G1 X-1.249 Y-1.829 A665.64317
G1 X-3.077 Y-4.319 A664.51451
G1 X-3.17 Y-4.447 A664.45685
;WIPE_END
G1 X-3.775 Y4.729 F7800
G1 A665.95685 F2400
;WIDTH:0.544206
G1 F2880
G1 X-3.807 Y4.738 A665.95757
;WIDTH:0.541798
G1 X-6.74 Y5.707 A666.02439
;WIDTH:0.555578
G1 X-64.428 Y24.421 A667.37113
G1 A667.07113 F2400
;WIPE_START
G1 F6240
G1 X-61.304 Y23.408 A665.87113
;WIPE_END
G1 X1.65 Y9.167 F7800
G1 A667.37113 F2400
;WIDTH:0.544182
G1 F2880
G1 X1.649 Y9.2 A667.37185
;WIDTH:0.541802
G1 X1.664 Y12.289 A667.43868
;WIDTH:0.555582
G1 X1.636 Y72.937 A668.78544
G1 A668.48544 F2400
;WIPE_START
G1 F6240
G1 X1.638 Y69.653 A667.28544
;WIPE_END
G1 X4.98 Y-.689 F7800
G1 A668.78544 F2400
;TYPE:Perimeter
;WIDTH:0.449999
G1 F900
G1 X4.984 Y-.687 A668.78552
G1 X5.227 Y-.487 A668.79113
G1 X5.644 Y-.074 A668.80159
G1 X6.177 Y.64 A668.81746
G1 X6.551 Y1.382 A668.83226
G1 X6.799 Y2.191 A668.84734
G1 X6.874 Y2.687 A668.85628
G1 X6.903 Y3.203 A668.86549
G1 X6.864 Y3.832 A668.87672
G1 X6.764 Y4.37 A668.88647
G1 X6.599 Y5.009 A668.89823
G1 X6.301 Y5.576 A668.90964
G1 X5.907 Y6.184 A668.92255
G1 X5.394 Y6.76 A668.93629
G1 X4.742 Y7.287 A668.95123
G1 X4.118 Y7.638 A668.96399
G1 X3.624 Y7.841 A668.97351
G1 X3.073 Y8.01 A668.98378
G1 X2.49 Y8.105 A668.9943
G1 X1.867 Y8.129 A669.00541
G1 X1.565 Y8.113 A669.0108
G1 X.919 Y8.009 A669.02246
G1 X-.04 Y7.688 A669.04048
G1 X-.76 Y7.286 A669.05517
G1 X-1.42 Y6.753 A669.07028
G1 X-1.779 Y6.358 A669.07979
G1 X-2.165 Y5.82 A669.09159
G1 X-2.48 Y5.256 A669.1031
G1 X-2.724 Y4.608 A669.11544
G1 X-2.802 Y4.301 A669.12108
G1 X-2.891 Y3.781 A669.13048
G1 X-2.918 Y3.01 A669.14423
G1 X-2.812 Y2.179 A669.15916
G1 X-2.566 Y1.375 A669.17414
G1 X-2.268 Y.764 A669.18625
G1 X-1.948 Y.287 A669.19648
G1 X-1.623 Y-.113 A669.20566
G1 X-1.142 Y-.553 A669.21727
G1 X-.586 Y-.979 A669.22975
G1 X-.104 Y-1.216 A669.23932
G1 X.461 Y-1.454 A669.25024
G1 X1.156 Y-1.628 A669.263
G1 X1.992 Y-1.7 A669.27795
G1 X2.721 Y-1.637 A669.29099
G1 X3.195 Y-1.537 A669.29962
G1 X3.898 Y-1.314 A669.31276
G1 X4.441 Y-1.047 A669.32354
G1 X4.93 Y-.722 A669.334
G1 X5.409 Y-.946 F7800
G1 F900
G1 X5.528 Y-.792 A669.33747
G1 X5.968 Y-.356 A669.34851
G1 X6.543 Y.414 A669.36563
G1 X6.95 Y1.222 A669.38175
G1 X7.218 Y2.096 A669.39804
G1 X7.298 Y2.623 A669.40754
G1 X7.336 Y3.127 A669.41655
G1 X7.305 Y3.796 A669.42848
G1 X7.202 Y4.397 A669.43934
G1 X7.053 Y4.923 A669.44908
G1 X7.025 Y5.175 A669.4536
G1 X6.899 Y5.332 A669.45719
G1 X6.675 Y5.787 A669.46623
G1 X6.249 Y6.445 A669.4802
G1 X5.691 Y7.072 A669.49515
G1 X5.099 Y7.549 A669.5087
G1 X4.612 Y7.851 A669.51891
G1 X4.089 Y8.123 A669.52941
G1 X3.385 Y8.369 A669.5427
G1 X2.892 Y8.473 A669.55168
G1 X2.376 Y8.538 A669.56095
G1 X1.692 Y8.595 A669.57318
G1 X1.495 Y8.536 A669.57684
G1 X.816 Y8.427 A669.58909
G1 X-.214 Y8.082 A669.60844
G1 X-1.001 Y7.642 A669.6245
G1 X-1.713 Y7.067 A669.64081
G1 X-2.109 Y6.631 A669.6513
G1 X-2.417 Y6.221 A669.66044
G1 X-2.74 Y5.69 A669.67151
G1 X-3.218 Y4.593 A669.69283
G1 X-3.225 Y4.373 A669.69675
G1 X-3.318 Y3.825 A669.70665
G1 X-3.348 Y2.99 A669.72154
G1 X-3.232 Y2.089 A669.73773
G1 X-2.966 Y1.218 A669.75396
G1 X-2.641 Y.55 A669.7672
G1 X-2.261 Y-.016 A669.77935
G1 X-1.926 Y-.416 A669.78865
G1 X-.923 Y-1.323 A669.81274
G1 X-.76 Y-1.371 A669.81577
G1 X-.294 Y-1.601 A669.82503
G1 X.334 Y-1.864 A669.83716
G1 X1.085 Y-2.053 A669.85096
G1 X1.992 Y-2.13 A669.86718
G1 X2.758 Y-2.064 A669.88088
G1 X3.298 Y-1.953 A669.8907
G1 X3.846 Y-1.793 A669.90087
G1 X4.414 Y-1.538 A669.91196
G1 X5.362 Y-.982 A669.93154
G1 X5.802 Y-1.138 F7800
;TYPE:External perimeter
G1 F900
G1 X6.293 Y-.638 A669.94403
G1 X6.909 Y.187 A669.96237
G1 X7.349 Y1.062 A669.97982
G1 X7.505 Y1.569 A669.98927
G1 X7.671 Y2.225 A670.00133
G1 X7.743 Y2.764 A670.01102
G1 X7.751 Y3.427 A670.02283
G1 X7.709 Y3.977 A670.03266
G1 X7.588 Y4.604 A670.04404
G1 X7.45 Y5.094 A670.05311
;WIDTH:0.497101
G1 X7.499 Y5.236 A670.05608
;WIDTH:0.544202
G1 X7.547 Y5.379 A670.05936
G1 X7.431 Y5.429 A670.06211
;WIDTH:0.497101
G1 X7.316 Y5.479 A670.06459
;WIDTH:0.449999
G1 X7.048 Y5.999 A670.07501
G1 X6.591 Y6.705 A670.08999
G1 X5.988 Y7.383 A670.10616
G1 X5.225 Y7.999 A670.12363
G1 X4.538 Y8.385 A670.13767
G1 X3.995 Y8.617 A670.14819
G1 X3.497 Y8.783 A670.15754
G1 X2.962 Y8.896 A670.16728
G1 X2.393 Y8.966 A670.17749
G1 X1.891 Y8.986 A670.18644
;WIDTH:0.497091
G1 X1.77 Y9.077 A670.18943
;WIDTH:0.544182
G1 X1.65 Y9.167 A670.19269
G1 X1.567 Y9.072 A670.19543
;WIDTH:0.497091
G1 X1.483 Y8.978 A670.19792
;WIDTH:0.449999
G1 X.714 Y8.844 A670.21183
G1 X-.388 Y8.475 A670.23254
G1 X-1.242 Y7.998 A670.24997
G1 X-2.006 Y7.381 A670.26747
G1 X-2.44 Y6.904 A670.27896
G1 X-2.778 Y6.452 A670.28902
G1 X-3.093 Y5.941 A670.29972
G1 X-3.308 Y5.489 A670.30864
G1 X-3.529 Y4.902 A670.31981
;WIDTH:0.497103
G1 X-3.652 Y4.816 A670.32278
;WIDTH:0.544206
G1 X-3.775 Y4.729 A670.32605
G1 X-3.711 Y4.62 A670.3288
;WIDTH:0.497103
G1 X-3.646 Y4.512 A670.33129
;WIDTH:0.449999
G1 X-3.745 Y3.868 A670.3429
G1 X-3.777 Y2.97 A670.35891
G1 X-3.653 Y1.998 A670.37637
G1 X-3.366 Y1.06 A670.39385
G1 X-3.013 Y.336 A670.4082
G1 X-2.607 Y-.27 A670.4212
G1 X-2.229 Y-.719 A670.43166
G1 X-1.742 Y-1.169 A670.44347
G1 X-1.318 Y-1.516 A670.45323
;WIDTH:0.49749
G1 X-1.273 Y-1.657 A670.45616
;WIDTH:0.54498
G1 X-1.228 Y-1.798 A670.45938
G1 X-1.109 Y-1.772 A670.46203
;WIDTH:0.49749
G1 X-.989 Y-1.746 A670.46446
;WIDTH:0.449999
G1 X-.317 Y-2.067 A670.47773
G1 X.207 Y-2.274 A670.48777
G1 X1.015 Y-2.477 A670.50261
G1 X1.992 Y-2.56 A670.52008
G1 X2.794 Y-2.491 A670.53442
G1 X3.402 Y-2.369 A670.54547
G1 X3.998 Y-2.193 A670.55654
G1 X4.464 Y-1.991 A670.56559
G1 X4.988 Y-1.713 A670.57616
G1 X5.466 Y-1.396 A670.58638
;WIDTH:0.497492
G1 X5.615 Y-1.396 A670.58933
;WIDTH:0.544984
G1 X5.764 Y-1.396 A670.59257
G1 X5.777 Y-1.273 A670.59526
;WIDTH:0.497492
G1 X5.786 Y-1.193 A670.59685
G1 A670.29685 F2400
;WIPE_START
G1 F6240
G1 X5.802 Y-1.138 A670.27592
G1 X6.293 Y-.638 A670.01987
G1 X6.909 Y.187 A669.64367
G1 X7.349 Y1.062 A669.28581
G1 X7.501 Y1.556 A669.09685
;WIPE_END
G1 X-1.541 Y1.026 F7800
G1 A670.59685 F2400
;TYPE:Solid infill
;WIDTH:0.449999
G1 F3600
G1 X-1.321 Y.699 A670.60387
G1 X-.852 Y.179 A670.61635
G1 X-.269 Y-.305 A670.62985
G1 X.394 Y-.626 A670.64297
G1 X.888 Y-.788 A670.65223
G1 X1.926 Y.251 A670.6784
G1 X1.34 Y.311 A670.6889
G1 X.897 Y.47 A670.69729
G1 X.351 Y.73 A670.70806
G1 X-.172 Y1.17 A670.72024
G1 X-.546 Y1.658 A670.73119
G1 X-.667 Y1.899 A670.73599
G1 X-1.389 Y1.177 A670.75418
G1 X-1.02 Y.975 A670.76167
;WIDTH:0.400434
G1 X-.548 Y.45 A670.77279
;WIDTH:0.403447
G1 X-.141 Y.116 A670.78115
G1 X.177 Y-.072 A670.78702
;WIDTH:0.40882
G1 X.766 Y-.332 A670.79739
G1 X1.065 Y-.034 A670.80419
;WIDTH:0.410485
G1 X.735 Y.095 A670.80992
G1 X.099 Y.413 A670.82142
;WIDTH:0.403447
G1 X-.323 Y.752 A670.83002
;WIDTH:0.400434
G1 X-.744 Y1.252 A670.84032
G1 X-.869 Y1.127 A670.84311
G1 A670.54311 F2400
;WIPE_START
G1 F6240
G1 X-.744 Y1.252 A670.47852
G1 X-.323 Y.752 A670.23969
G1 X.099 Y.413 A670.04191
G1 X.735 Y.095 A669.7821
G1 X1.065 Y-.034 A669.65264
G1 X.766 Y-.332 A669.4984
G1 X.377 Y-.16 A669.34311
;WIPE_END
G1 X-1.811 Y6.022 F7800
G1 A670.84311 F2400
;WIDTH:0.36146
G1 F3600
G1 X-1.272 Y6.597 A670.85425
G1 X-.665 Y7.143 A670.86579
;WIDTH:0.449999
G1 X.127 Y7.428 A670.88079
;WIDTH:0.36146
G1 X.108 Y7.499 A670.88183
G1 X.179 Y7.48 A670.88287
G1 X.168 Y7.439 A670.88347
;WIDTH:0.40573
G1 X.001 Y7.344 A670.88654
;WIDTH:0.449999
G1 X-.165 Y7.25 A670.88994
G1 X-2.078 Y5.337 A670.93814
G1 X-2.48 Y4.329 F7800
G1 F3600
G1 X.832 Y7.641 A671.02159
G1 X.917 Y7.748 A671.02402
;WIDTH:0.40573
G1 X1.002 Y7.856 A671.02622
;WIDTH:0.36146
G1 X1.454 Y7.941 A671.03272
;WIDTH:0.449999
G1 X1.595 Y7.798 A671.0363
G1 X-2.575 Y3.628 A671.14137
G1 X-2.594 Y3.003 A671.15251
G1 X2.2 Y7.797 A671.2733
G1 X3.038 Y7.787 A671.28823
;WIDTH:0.36146
G1 X3.019 Y7.858 A671.28927
G1 X3.09 Y7.839 A671.29031
G1 X3.079 Y7.798 A671.29091
;WIDTH:0.40573
G1 X2.913 Y7.768 A671.2936
;WIDTH:0.449999
G1 X2.746 Y7.737 A671.29663
G1 X-2.525 Y2.466 A671.42944
G1 X-2.413 Y1.972 A671.43846
G1 X-.448 Y3.937 A671.48797
G1 X-.35 Y4.088 A671.49118
;WIDTH:0.40573
G1 X-.252 Y4.24 A671.49407
;WIDTH:0.36146
G1 X.309 Y4.918 A671.50651
G1 X.779 Y5.328 A671.51533
G1 X.967 Y5.451 A671.51851
;WIDTH:0.449999
G1 X1.27 Y5.655 A671.52502
G1 X3.245 Y7.63 A671.57478
G1 X3.692 Y7.471 A671.58323
G1 X1.983 Y5.762 A671.62629
G1 X2.689 Y5.667 A671.63898
G1 X3.404 Y5.336 A671.65302
G1 X3.867 Y4.943 A671.66384
G1 X4.256 Y4.388 A671.67592
G1 X4.488 Y3.734 A671.68828
G1 X4.542 Y3.145 A671.69882
G1 X4.434 Y2.479 A671.71084
G1 X4.127 Y1.837 A671.72352
G1 X6.408 Y4.127 A671.78111
G1 X6.484 Y4.147 A671.78251
G1 X6.291 Y4.889 A671.79617
G1 X6.022 Y5.416 A671.80671
G1 X5.651 Y5.989 A671.81887
G1 X5.172 Y6.527 A671.8317
G1 X4.561 Y7.02 A671.84569
G1 X4.104 Y7.277 A671.85503
G1 X2.678 Y5.851 A671.89096
G1 X3.297 Y5.863 A671.90199
G1 X3.678 Y5.666 A671.90963
G1 X4.085 Y5.328 A671.91906
G1 X4.343 Y5.014 A671.9263
G1 X4.659 Y4.535 A671.93652
G1 X4.878 Y3.932 A671.94795
G1 X4.964 Y3.289 A671.95951
G1 X6 Y4.324 A671.9856
G1 X5.889 Y4.734 A671.99317
G1 X5.65 Y5.202 A672.00253
G1 X5.334 Y5.69 A672.01289
G1 X5.047 Y6.023 A672.02072
G1 X4.61 Y6.429 A672.03135
G1 X4.177 Y6.744 A672.04089
G1 X3.448 Y6.015 A672.05926
G1 X3.959 Y5.956 A672.06842
;WIDTH:0.400617
G1 X4.343 Y5.639 A672.07627
;WIDTH:0.406694
G1 X4.674 Y5.251 A672.08444
G1 X5.039 Y4.673 A672.09539
;WIDTH:0.417382
G1 X5.239 Y4.146 A672.10467
G1 X5.54 Y4.447 A672.11168
G1 X5.296 Y5.008 A672.12175
;WIDTH:0.406694
G1 X4.974 Y5.492 A672.13106
G1 X4.622 Y5.894 A672.13962
;WIDTH:0.398852
G1 X4.225 Y6.222 A672.1477
;WIDTH:0.398707
G1 X4.111 Y6.107 A672.15024
G1 A671.85024 F2400
;WIPE_START
G1 F6240
G1 X4.225 Y6.222 A671.79107
G1 X4.622 Y5.894 A671.60291
G1 X4.974 Y5.492 A671.40767
G1 X5.296 Y5.008 A671.19526
G1 X5.54 Y4.447 A670.97173
G1 X5.239 Y4.146 A670.81619
G1 X5.078 Y4.571 A670.65024
;WIPE_END
G1 X-.558 Y3.221 F7800
G1 A672.15024 F2400
;WIDTH:0.449999
G1 F3600
G1 X-2.27 Y1.508 A672.19339
G1 A671.89339 F2400
;WIPE_START
G1 F6240
G1 X-.558 Y3.221 A671.00849
;WIPE_END
G1 A670.69339 F2400
G1 X3.098 Y.831 F7800
G1 A672.19339 F2400
;WIDTH:0.454472
G1 F3600
G1 X2.913 Y.632 A672.19828
;WIDTH:0.449999
G1 X1.094 Y-1.188 A672.24412
G1 X1.094 Y-1.282 A672.24579
G1 X.556 Y-1.147 A672.25567
G1 X-.186 Y-.821 A672.27011
G1 X-.598 Y-.588 A672.27854
G1 X-1.15 Y-.131 A672.29131
G1 X-1.66 Y.434 A672.30487
G1 X-1.989 Y.925 A672.3154
G1 X-2.074 Y1.099 A672.31885
G1 X-.5 Y2.672 A672.3585
G1 X-.235 Y1.971 A672.37185
G1 X.168 Y1.431 A672.38385
G1 X.618 Y1.066 A672.39417
G1 X1.384 Y.737 A672.40902
G1 X2.072 Y.667 A672.42134
G1 X2.753 Y.783 A672.43365
;WIDTH:0.456928
G1 X3.244 Y.988 A672.44328
;WIDTH:0.457998
G1 X3.519 Y1.215 A672.44975
;WIDTH:0.417404
G1 X3.749 Y1.416 A672.45478
;WIDTH:0.401908
G1 X3.923 Y1.607 A672.45887
;WIDTH:0.427006
G1 X4.096 Y1.798 A672.46322
;WIDTH:0.42891
G1 X4.105 Y1.809 A672.46346
G1 A672.16346 F2400
;WIPE_START
G1 F6240
G1 X4.096 Y1.798 A672.15827
G1 X3.923 Y1.607 A672.06411
G1 X3.749 Y1.416 A671.9697
G1 X3.519 Y1.215 A671.85809
G1 X3.244 Y.988 A671.7278
G1 X2.753 Y.783 A671.53339
G1 X2.072 Y.667 A671.28098
G1 X1.384 Y.737 A671.0283
G1 X1.221 Y.807 A670.96346
;WIPE_END
G1 X6.56 Y3.672 F7800
G1 A672.46346 F2400
;WIDTH:0.449999
G1 F3600
G1 X1.548 Y-1.339 A672.58973
G1 X2.128 Y-1.365 A672.60007
G1 X6.582 Y3.088 A672.71228
G1 X6.507 Y2.407 A672.72449
G1 X2.794 Y-1.306 A672.81804
G1 X3.628 Y-1.068 F7800
;WIDTH:0.434996
G1 F3600
G1 X4.297 Y-.767 A672.83065
G1 X4.933 Y-.347 A672.84375
G1 X5.416 Y.143 A672.85558
;WIDTH:0.433037
G1 X5.675 Y.466 A672.86266
;WIDTH:0.403612
G1 X5.935 Y.79 A672.86926
;WIDTH:0.374187
G1 X6.285 Y1.484 A672.88066
G1 X6.352 Y1.7 A672.88398
G1 X5.66 Y1.008 A672.89833
;WIDTH:0.403612
G1 X5.382 Y.709 A672.90482
;WIDTH:0.433037
G1 X5.105 Y.411 A672.91178
;WIDTH:0.434996
G1 X3.779 Y-.916 A672.94403
M106 P204
;LAYER_CHANGE
;Z:2.1
;HEIGHT:0.0999999
G1 A672.64403 F2400
;WIPE_START
G1 F6240
G1 X5.105 Y.411 A671.95859
G1 X5.382 Y.709 A671.80993
G1 X5.66 Y1.008 A671.66075
G1 X6.079 Y1.427 A671.44403
;WIPE_END
G1 Z2.1 F7800
G1 X-.225 Y3.214
G1 A672.94403 F2400
;TYPE:Perimeter
;WIDTH:0.449999
G1 F900
G1 X-.182 Y2.713 A672.95299
G1 X-.003 Y2.224 A672.96227
G1 X.321 Y1.741 A672.97263
G1 X.745 Y1.37 A672.98267
G1 X1.041 Y1.204 A672.98872
G1 X1.583 Y1.027 A672.99888
G1 X2.083 Y.986 A673.00782
G1 X2.654 Y1.085 A673.01815
G1 X3.153 Y1.309 A673.0279
G1 X3.554 Y1.62 A673.03694
G1 X3.903 Y2.062 A673.04697
G1 X4.137 Y2.6 A673.05742
G1 X4.222 Y3.149 A673.06732
G1 X4.175 Y3.655 A673.07637
G1 X3.987 Y4.205 A673.08673
G1 X3.662 Y4.687 A673.09709
G1 X3.224 Y5.07 A673.10746
G1 X2.702 Y5.326 A673.11782
G1 X2.39 Y5.403 A673.12355
G1 X1.798 Y5.43 A673.13411
G1 X1.281 Y5.326 A673.14351
G1 X.781 Y5.086 A673.15339
G1 X.388 Y4.767 A673.16241
G1 X.047 Y4.31 A673.17257
G1 X-.148 Y3.849 A673.18149
G1 X-.227 Y3.274 A673.19183
G1 X.209 Y3.215 F7800
G1 F900
G1 X.201 Y3.077 A673.19429
G1 X.277 Y2.668 A673.2017
G1 X.476 Y2.243 A673.21006
G1 X.78 Y1.884 A673.21844
G1 X1.189 Y1.606 A673.22725
G1 X1.661 Y1.449 A673.23611
G1 X2.076 Y1.416 A673.24353
G1 X2.538 Y1.499 A673.25189
G1 X2.963 Y1.699 A673.26026
G1 X3.322 Y2.002 A673.26863
G1 X3.591 Y2.388 A673.27701
G1 X3.75 Y2.83 A673.28538
G1 X3.79 Y3.298 A673.29375
G1 X3.697 Y3.785 A673.30258
G1 X3.507 Y4.186 A673.31049
G1 X3.204 Y4.545 A673.31886
G1 X2.781 Y4.829 A673.32794
G1 X2.35 Y4.976 A673.33605
G1 X1.854 Y5.006 A673.3449
G1 X1.445 Y4.93 A673.35231
G1 X1.02 Y4.73 A673.36068
G1 X.661 Y4.427 A673.36905
G1 X.379 Y4.009 A673.37803
G1 X.23 Y3.573 A673.38624
G1 X.212 Y3.274 A673.39158
G1 X.632 Y3.215 F7800
;TYPE:External perimeter
G1 F900
G1 X.625 Y3.133 A673.39305
G1 X.672 Y2.832 A673.39848
G1 X.816 Y2.504 A673.40486
G1 X1.04 Y2.224 A673.41125
G1 X1.337 Y2.008 A673.41779
G1 X1.717 Y1.874 A673.42497
G1 X2.02 Y1.841 A673.4304
G1 X2.374 Y1.895 A673.43678
G1 X2.786 Y2.103 A673.445
G1 X2.982 Y2.263 A673.44951
G1 X3.195 Y2.552 A673.45591
G1 X3.325 Y2.886 A673.4623
G1 X3.354 Y3.326 A673.47016
G1 X3.301 Y3.621 A673.4755
G1 X3.167 Y3.925 A673.48142
G1 X2.943 Y4.205 A673.48781
G1 X2.617 Y4.433 A673.4949
G1 X2.311 Y4.549 A673.50073
G1 X1.91 Y4.581 A673.5079
G1 X1.609 Y4.534 A673.51333
G1 X1.281 Y4.39 A673.51971
G1 X1.001 Y4.166 A673.5261
G1 X.775 Y3.845 A673.53309
G1 X.657 Y3.534 A673.53902
G1 X.637 Y3.274 A673.54367
G1 A673.24367 F2400
;WIPE_START
G1 F6240
G1 X.632 Y3.215 A673.22204
G1 X.625 Y3.133 A673.19197
G1 X.672 Y2.832 A673.08066
G1 X.816 Y2.504 A672.94977
G1 X1.04 Y2.224 A672.81875
G1 X1.337 Y2.008 A672.68457
G1 X1.717 Y1.874 A672.53734
G1 X2.02 Y1.841 A672.42597
G1 X2.374 Y1.895 A672.29513
G1 X2.786 Y2.103 A672.12649
G1 X2.962 Y2.247 A672.04367
;WIPE_END
G1 X7.607 Y5.23 F7800
G1 A673.54367 F2400
;WIDTH:0.562106
G1 F2880
G1 X7.628 Y5.238 A673.54418
;WIDTH:0.560984
G1 X10.568 Y6.181 A673.61344
;WIDTH:0.573626
G1 X68.234 Y24.938 A675.00551
G1 A674.70551 F2400
;WIPE_START
G1 F6240
G1 X65.111 Y23.922 A673.50551
;WIPE_END
G1 X43.122 Y-53.073 F7800
G1 A675.00551 F2400
;WIDTH:0.573618
G1 F2880
G1 X7.464 Y-4.026 A676.39755
;WIDTH:0.56098
G1 X5.658 Y-1.521 A676.46682
;WIDTH:0.56359
G1 X5.637 Y-1.494 A676.46759
G1 A676.16759 F2400
;WIPE_START
G1 F6240
G1 X5.658 Y-1.521 A676.15509
G1 X7.464 Y-4.026 A675.02673
G1 X7.559 Y-4.157 A674.96759
;WIPE_END
G1 X-38.831 Y-53.297 F7800
G1 A676.46759 F2400
;WIDTH:0.57363
G1 F2880
G1 X-3.203 Y-4.228 A677.85966
;WIDTH:0.560982
G1 X-1.379 Y-1.735 A677.92895
;WIDTH:0.5636
G1 X-1.36 Y-1.707 A677.92971
G1 A677.62971 F2400
;WIPE_START
G1 F6240
G1 X-1.379 Y-1.735 A677.61735
G1 X-3.203 Y-4.228 A676.48867
G1 X-3.298 Y-4.359 A676.42971
;WIPE_END
G1 X-3.736 Y4.884 F7800
G1 A677.92971 F2400
;WIDTH:0.562094
G1 F2880
G1 X-3.758 Y4.891 A677.93023
;WIDTH:0.560984
G1 X-6.692 Y5.855 A677.9995
;WIDTH:0.573624
G1 X-64.368 Y24.576 A679.39153
G1 A679.09153 F2400
;WIPE_START
G1 F6240
G1 X-61.244 Y23.562 A677.89153
;WIPE_END
G1 X1.81 Y9.177 F7800
G1 A679.39153 F2400
;WIDTH:0.562104
G1 F2880
G1 X1.809 Y9.2 A679.39205
;WIDTH:0.560982
G1 X1.82 Y12.289 A679.46134
;WIDTH:0.573624
G1 X1.801 Y72.928 A680.85339
G1 A680.55339 F2400
;WIPE_START
G1 F6240
G1 X1.802 Y69.644 A679.35339
;WIPE_END
G1 X4.881 Y-.767 F7800
G1 A680.85339 F2400
;TYPE:Perimeter
;WIDTH:0.449999
G1 F900
G1 X4.908 Y-.749 A680.85397
G1 X5.122 Y-.573 A680.85891
G1 X5.652 Y-.064 A680.872
G1 X6.177 Y.64 A680.88765
G1 X6.5 Y1.28 A680.90042
G1 X6.685 Y1.82 A680.91059
G1 X6.831 Y2.396 A680.92118
G1 X6.907 Y3.139 A680.93449
G1 X6.878 Y3.751 A680.94541
G1 X6.793 Y4.251 A680.95445
G1 X6.649 Y4.877 A680.96589
G1 X6.555 Y5.034 A680.96915
G1 X6.305 Y5.567 A680.97964
G1 X5.91 Y6.18 A680.99263
G1 X5.394 Y6.76 A681.00646
G1 X4.742 Y7.287 A681.0214
G1 X4.117 Y7.638 A681.03417
G1 X3.63 Y7.839 A681.04356
G1 X3.063 Y8.012 A681.05412
G1 X2.488 Y8.106 A681.0645
G1 X1.962 Y8.135 A681.07389
G1 X1.7 Y8.12 A681.07857
G1 X.895 Y8.003 A681.09306
G1 X-.04 Y7.688 A681.11064
G1 X-.76 Y7.286 A681.12533
G1 X-1.18 Y6.947 A681.13495
G1 X-1.568 Y6.595 A681.14428
G1 X-1.964 Y6.133 A681.15512
G1 X-2.255 Y5.682 A681.16468
G1 X-2.512 Y5.178 A681.17476
G1 X-2.698 Y4.707 A681.18378
G1 X-2.768 Y4.43 A681.18887
G1 X-2.89 Y3.78 A681.20065
G1 X-2.918 Y3.009 A681.2144
G1 X-2.812 Y2.179 A681.22931
G1 X-2.566 Y1.375 A681.24429
G1 X-2.312 Y.852 A681.25465
G1 X-2.041 Y.424 A681.26368
G1 X-1.673 Y-.062 A681.27454
G1 X-1.271 Y-.462 A681.28464
G1 X-.877 Y-.784 A681.29371
G1 X-.177 Y-1.191 A681.30814
G1 X.465 Y-1.454 A681.3205
G1 X1.157 Y-1.628 A681.33321
G1 X1.992 Y-1.7 A681.34814
G1 X2.828 Y-1.628 A681.36309
G1 X3.519 Y-1.457 A681.37577
G1 X3.993 Y-1.268 A681.38486
G1 X4.444 Y-1.046 A681.39382
G1 X4.83 Y-.799 A681.40198
G1 X5.301 Y-1.03 F7800
G1 F900
G1 X5.419 Y-.882 A681.40535
G1 X5.974 Y-.349 A681.41906
G1 X6.543 Y.414 A681.43602
G1 X6.95 Y1.222 A681.45214
G1 X7.218 Y2.096 A681.46843
G1 X7.296 Y2.605 A681.4776
G1 X7.336 Y3.136 A681.48709
G1 X7.31 Y3.696 A681.49708
G1 X7.229 Y4.277 A681.50753
G1 X7.089 Y4.821 A681.51754
G1 X7.08 Y5.036 A681.52137
G1 X6.943 Y5.215 A681.52539
G1 X6.681 Y5.775 A681.53641
G1 X6.252 Y6.44 A681.55051
G1 X5.691 Y7.072 A681.56557
G1 X5.099 Y7.549 A681.57912
G1 X4.613 Y7.851 A681.58931
G1 X4.091 Y8.122 A681.59979
G1 X3.509 Y8.335 A681.61083
G1 X2.964 Y8.462 A681.6208
G1 X1.842 Y8.603 A681.64095
G1 X1.636 Y8.544 A681.64477
G1 X.795 Y8.421 A681.65991
G1 X-.214 Y8.082 A681.67887
G1 X-1.001 Y7.642 A681.69493
G1 X-1.714 Y7.066 A681.71126
G1 X-2.109 Y6.631 A681.72173
G1 X-2.416 Y6.223 A681.73083
G1 X-2.74 Y5.69 A681.74194
G1 X-3.18 Y4.737 A681.76064
G1 X-3.189 Y4.509 A681.76471
G1 X-3.317 Y3.827 A681.77707
G1 X-3.348 Y2.99 A681.79199
G1 X-3.232 Y2.089 A681.80818
G1 X-2.966 Y1.217 A681.82442
G1 X-2.645 Y.557 A681.8375
G1 X-2.275 Y.001 A681.8494
G1 X-1.923 Y-.419 A681.85916
G1 X-1.055 Y-1.233 A681.88036
G1 X-.837 Y-1.315 A681.88451
G1 X-.363 Y-1.578 A681.89417
G1 X.33 Y-1.863 A681.90752
G1 X1.086 Y-2.053 A681.92141
G1 X1.992 Y-2.13 A681.93761
G1 X2.759 Y-2.064 A681.95133
G1 X3.296 Y-1.954 A681.9611
G1 X3.84 Y-1.79 A681.97122
G1 X4.319 Y-1.591 A681.98046
G1 X5.257 Y-1.07 A681.99958
G1 X5.687 Y-1.233 F7800
;TYPE:External perimeter
G1 F900
G1 X6.297 Y-.634 A682.01481
G1 X6.909 Y.187 A682.03305
G1 X7.349 Y1.062 A682.0505
G1 X7.637 Y2.001 A682.068
G1 X7.72 Y2.54 A682.07772
G1 X7.765 Y3.133 A682.08832
G1 X7.732 Y3.839 A682.10091
G1 X7.649 Y4.364 A682.11038
G1 X7.502 Y4.937 A682.12092
;WIDTH:0.487368
G1 X7.537 Y5.035 A682.12294
;WIDTH:0.524737
G1 X7.572 Y5.133 A682.12512
;WIDTH:0.562106
G1 X7.607 Y5.23 A682.12744
G1 X7.528 Y5.266 A682.12939
;WIDTH:0.524737
G1 X7.45 Y5.302 A682.13119
;WIDTH:0.487368
G1 X7.371 Y5.339 A682.13288
;WIDTH:0.449999
G1 X7.057 Y5.983 A682.14565
G1 X6.595 Y6.7 A682.16085
G1 X5.987 Y7.383 A682.17714
G1 X5.225 Y7.999 A682.1946
G1 X4.396 Y8.465 A682.21154
G1 X3.728 Y8.72 A682.22428
G1 X3.245 Y8.851 A682.2332
G1 X2.58 Y8.959 A682.2452
G1 X2.056 Y8.987 A682.25455
;WIDTH:0.487368
G1 X1.974 Y9.051 A682.25656
;WIDTH:0.524736
G1 X1.892 Y9.114 A682.25872
;WIDTH:0.562104
G1 X1.81 Y9.177 A682.26104
G1 X1.751 Y9.114 A682.26298
;WIDTH:0.524736
G1 X1.692 Y9.05 A682.2648
;WIDTH:0.487368
G1 X1.634 Y8.987 A682.26646
;WIDTH:0.449999
G1 X.695 Y8.84 A682.28339
G1 X-.388 Y8.475 A682.30375
G1 X-1.242 Y7.998 A682.32118
G1 X-1.887 Y7.478 A682.33594
G1 X-2.296 Y7.071 A682.34622
G1 X-2.657 Y6.64 A682.35624
G1 X-3.036 Y6.052 A682.3687
G1 X-3.271 Y5.59 A682.37793
G1 X-3.479 Y5.059 A682.38809
;WIDTH:0.487364
G1 X-3.565 Y5.001 A682.3901
;WIDTH:0.524729
G1 X-3.65 Y4.943 A682.39225
;WIDTH:0.562094
G1 X-3.736 Y4.884 A682.39459
G1 X-3.694 Y4.809 A682.39652
;WIDTH:0.524729
G1 X-3.651 Y4.733 A682.39835
;WIDTH:0.487364
G1 X-3.609 Y4.658 A682.40002
;WIDTH:0.449999
G1 X-3.745 Y3.875 A682.41418
G1 X-3.777 Y2.97 A682.43031
G1 X-3.653 Y1.998 A682.44777
G1 X-3.366 Y1.06 A682.46525
G1 X-3.017 Y.343 A682.47946
G1 X-2.675 Y-.17 A682.49044
G1 X-2.311 Y-.637 A682.50099
G1 X-1.844 Y-1.101 A682.51272
G1 X-1.453 Y-1.418 A682.52169
;WIDTH:0.487866
G1 X-1.422 Y-1.515 A682.52366
;WIDTH:0.525733
G1 X-1.391 Y-1.611 A682.52577
;WIDTH:0.5636
G1 X-1.36 Y-1.707 A682.52804
G1 X-1.277 Y-1.694 A682.52993
;WIDTH:0.525733
G1 X-1.195 Y-1.68 A682.53167
;WIDTH:0.487866
G1 X-1.112 Y-1.666 A682.5333
;WIDTH:0.449999
G1 X-.548 Y-1.965 A682.54467
G1 X.196 Y-2.271 A682.559
G1 X1.015 Y-2.477 A682.57405
G1 X1.992 Y-2.56 A682.59152
G1 X2.969 Y-2.477 A682.60899
G1 X3.782 Y-2.275 A682.62392
G1 X4.424 Y-2.019 A682.63623
G1 X4.872 Y-1.79 A682.64519
G1 X5.333 Y-1.494 A682.65495
;WIDTH:0.487863
G1 X5.434 Y-1.494 A682.65691
;WIDTH:0.525726
G1 X5.536 Y-1.494 A682.65905
;WIDTH:0.56359
G1 X5.637 Y-1.494 A682.66133
G1 X5.649 Y-1.411 A682.66322
;WIDTH:0.525726
G1 X5.662 Y-1.328 A682.66498
;WIDTH:0.487863
G1 X5.668 Y-1.287 A682.66578
G1 A682.36578 F2400
;WIPE_START
G1 F6240
G1 X5.687 Y-1.233 A682.34486
G1 X6.297 Y-.634 A682.03248
G1 X6.909 Y.187 A681.65832
G1 X7.349 Y1.062 A681.30046
G1 X7.457 Y1.414 A681.16578
;WIPE_END
G1 X-.691 Y-.704 F7800
G1 A682.66578 F2400
;TYPE:Solid infill
;WIDTH:0.36146
G1 F3600
G1 X-1.128 Y-.303 A682.67416
G1 X-1.772 Y.369 A682.68732
G1 X-2.247 Y1.386 F7800
G1 F3600
G1 X-2.318 Y1.367 A682.68836
G1 X-2.299 Y1.438 A682.6894
G1 X-2.258 Y1.427 A682.69
;WIDTH:0.40573
G1 X-2.165 Y1.26 A682.69305
;WIDTH:0.449999
G1 X-2.072 Y1.094 A682.69644
G1 X-.122 Y-.856 A682.74557
G1 X.847 Y-1.219 F7800
G1 F3600
G1 X-2.443 Y2.071 A682.82847
G1 X-2.549 Y2.156 A682.83089
;WIDTH:0.40573
G1 X-2.655 Y2.242 A682.83307
;WIDTH:0.36146
G1 X-2.7 Y2.545 A682.8374
;WIDTH:0.449999
G1 X-2.568 Y2.802 A682.84255
G1 X1.576 Y-1.342 A682.94696
G1 X1.5 Y-1.417 A682.94886
;WIDTH:0.40573
G1 X1.425 Y-1.493 A682.95057
;WIDTH:0.36146
G1 X1.017 Y-1.428 A682.95641
G1 X2.199 Y-1.359 F7800
;WIDTH:0.449999
G1 F3600
G1 X-2.582 Y3.422 A683.07687
G1 X-2.584 Y4.268 A683.09194
;WIDTH:0.36146
G1 X-2.655 Y4.249 A683.09298
G1 X-2.636 Y4.32 A683.09402
G1 X-2.595 Y4.309 A683.09462
;WIDTH:0.40573
G1 X-2.562 Y4.142 A683.09734
;WIDTH:0.449999
G1 X-2.53 Y3.976 A683.10035
G1 X2.758 Y-1.312 A683.23359
G1 A682.93359 F2400
;WIPE_START
G1 F6240
G1 X.436 Y1.01 A681.73359
;WIPE_END
G1 X-.454 Y2.507 F7800
G1 A683.23359 F2400
G1 F3600
G1 X-2.439 Y4.491 A683.28359
G1 X-2.268 Y4.926 A683.29192
G1 X-.554 Y3.212 A683.33511
G1 X-.486 Y3.812 A683.34587
G1 X-.172 Y4.566 A683.36042
G1 X.173 Y5.004 A683.37035
G1 X.625 Y5.365 A683.38066
G1 X1.284 Y5.664 A683.39355
G1 X1.965 Y5.76 A683.4058
G1 X2.555 Y5.699 A683.41637
;WIDTH:0.46798
G1 X3.276 Y5.43 A683.43066
G1 X3.236 Y5.471 A683.43172
;WIDTH:0.465384
G1 X2.737 Y5.981 A683.44489
;WIDTH:0.449999
G1 X1.092 Y7.626 A683.48634
G1 X1.075 Y7.705 A683.48778
G1 X.971 Y7.689 A683.48965
G1 X.091 Y7.393 A683.50619
G1 X-.579 Y7.019 A683.51986
G1 X-1.113 Y6.587 A683.5321
G1 X-1.376 Y6.316 A683.53883
G1 X-1.738 Y5.891 A683.54878
G1 X-2.074 Y5.338 A683.56031
G1 X-.65 Y3.914 A683.59619
G1 X-.658 Y4.528 A683.60713
G1 X-.511 Y4.828 A683.61308
G1 X-.098 Y5.336 A683.62474
G1 X.443 Y5.753 A683.63691
G1 X1.221 Y6.088 A683.652
G1 X1.928 Y6.184 A683.66471
G1 X.9 Y7.213 A683.69062
G1 X.265 Y7 A683.70255
G1 X-.339 Y6.662 A683.71488
G1 X-.862 Y6.24 A683.72685
G1 X-1.207 Y5.859 A683.73601
G1 X-1.539 Y5.409 A683.74597
G1 X-.81 Y4.68 A683.76434
G1 X-.745 Y5.184 A683.77339
;WIDTH:0.398837
G1 X-.353 Y5.647 A683.78291
G1 X.104 Y6.018 A683.79215
;WIDTH:0.407958
G1 X.592 Y6.273 A683.801
G1 X1.085 Y6.461 A683.80948
;WIDTH:0.393601
G1 X.792 Y6.754 A683.81589
;WIDTH:0.407958
G1 X.416 Y6.617 A683.82232
G1 X-.182 Y6.271 A683.83342
;WIDTH:0.399008
G1 X-.632 Y5.904 A683.84253
G1 X-1.021 Y5.461 A683.85178
;WIDTH:0.398411
G1 X-.896 Y5.336 A683.85455
G1 A683.55455 F2400
;WIPE_START
G1 F6240
G1 X-1.021 Y5.461 A683.48996
G1 X-.632 Y5.904 A683.27455
G1 X-.182 Y6.271 A683.06238
G1 X.416 Y6.617 A682.80994
G1 X.792 Y6.754 A682.66372
G1 X1.085 Y6.461 A682.51232
G1 X.681 Y6.307 A682.35455
;WIPE_END
G1 X-.265 Y2.444 F7800
G1 A683.85455 F2400
;WIDTH:0.36146
G1 F3600
G1 X-.254 Y2.204 A683.85795
G1 X-.06 Y1.929 A683.86271
G1 X.309 Y1.515 A683.87055
G1 X.964 Y.977 A683.88253
;WIDTH:0.40573
G1 X1.116 Y.881 A683.8854
;WIDTH:0.449999
G1 X1.267 Y.785 A683.88859
G1 X3.246 Y-1.194 A683.93845
G1 X3.698 Y-1.04 A683.94696
G1 X1.993 Y.666 A683.98993
G1 A683.68993 F2400
;WIPE_START
G1 F6240
G1 X3.698 Y-1.04 A682.80864
G1 X3.246 Y-1.194 A682.63416
G1 X2.967 Y-.915 A682.48993
;WIPE_END
G1 X3.961 Y-.697 F7800
G1 A683.98993 F2400
G1 F3600
G1 X2.522 Y.743 A684.0262
G1 X2.819 Y.804 A684.0316
G1 X3.288 Y1.017 A684.04078
G1 X3.757 Y1.373 A684.05127
G1 X4.105 Y1.791 A684.06096
G1 X4.452 Y2.538 A684.07563
G1 X4.542 Y3.152 A684.08669
G1 X4.467 Y3.833 A684.0989
G1 X4.288 Y4.317 A684.10809
;WIDTH:0.449763
G1 X4.087 Y4.646 A684.11496
;WIDTH:0.449999
G1 X6.41 Y2.309 A684.17367
G1 X6.484 Y2.261 A684.17524
G1 X6.252 Y1.503 A684.18936
G1 X5.903 Y.809 A684.2032
G1 X5.41 Y.149 A684.21788
G1 X4.808 Y-.44 A684.23289
G1 X4.287 Y-.766 A684.24384
G1 X4.113 Y-.849 A684.24727
G1 X4.191 Y-.321 A684.25678
G1 X4.541 Y-.102 A684.26414
G1 X5.086 Y.432 A684.27773
G1 X5.537 Y1.036 A684.29116
G1 X5.83 Y1.617 A684.30275
G1 X5.993 Y2.12 A684.31217
G1 X4.967 Y3.146 A684.33802
G1 X4.876 Y2.476 A684.35007
G1 X4.749 Y2.142 A684.35644
G1 X4.438 Y1.521 A684.36881
G1 X4.016 Y1.031 A684.38033
G1 X3.547 Y.675 A684.39082
G1 X3.316 Y.555 A684.39546
G1 X4.039 Y-.169 A684.41369
G1 X4.25 Y.197 A684.42122
;WIDTH:0.407664
G1 X4.79 Y.711 A684.43319
;WIDTH:0.401748
G1 X5.227 Y1.318 A684.44502
;WIDTH:0.403089
G1 X5.534 Y2.006 A684.45697
G1 X5.241 Y2.299 A684.46354
;WIDTH:0.407893
G1 X5.119 Y1.969 A684.46919
G1 X4.748 Y1.268 A684.48193
;WIDTH:0.393276
G1 X4.357 Y.798 A684.49138
;WIDTH:0.407664
G1 X3.965 Y.481 A684.49947
G1 X4.098 Y.348 A684.50249
G1 A684.20249 F2400
;WIPE_START
G1 F6240
G1 X3.965 Y.481 A684.13376
G1 X4.357 Y.798 A683.94956
G1 X4.748 Y1.268 A683.72617
G1 X5.119 Y1.969 A683.43638
G1 X5.241 Y2.299 A683.30783
G1 X5.534 Y2.006 A683.15643
G1 X5.362 Y1.621 A683.00249
;WIPE_END
G1 X4.087 Y4.646 F7800
G1 A684.50249 F2400
;WIDTH:0.430334
G1 F3600
G1 X3.747 Y5.02 A684.51108
;WIDTH:0.424152
G1 X3.514 Y5.222 A684.51624
;WIDTH:0.46684
G1 X3.281 Y5.425 A684.52196
;WIDTH:0.46798
G1 X3.276 Y5.43 A684.52209
G1 A684.22209 F2400
;WIPE_START
G1 F6240
G1 X3.281 Y5.425 A684.21951
G1 X3.514 Y5.222 A684.1066
G1 X3.747 Y5.02 A683.99393
G1 X4.087 Y4.646 A683.80925
;WIPE_END
G1 A683.02209 F2400
G1 X1.547 Y7.778 F7800
G1 A684.52209 F2400
;WIDTH:0.449999
G1 F3600
G1 X6.562 Y2.763 A684.64845
G1 X6.575 Y3.356 A684.65902
G1 X2.122 Y7.809 A684.77122
G1 X2.809 Y7.728 A684.78354
G1 X6.509 Y4.028 A684.87677
G1 X6.351 Y4.771 A684.8903
;WIDTH:0.411392
G1 X6.036 Y5.426 A684.90208
G1 X5.659 Y6.008 A684.91332
;WIDTH:0.431848
G1 X5.164 Y6.544 A684.92577
G1 X4.578 Y7.044 A684.93891
;WIDTH:0.391755
G1 X3.912 Y7.418 A684.95067
G1 X3.541 Y7.561 A684.95679
G1 X4.343 Y6.759 A684.97425
;WIDTH:0.431848
G1 X4.89 Y6.24 A684.98712
G1 X5.375 Y5.74 A684.99901
;WIDTH:0.411392
G1 X6.198 Y4.921 A685.01783
M106 P150.45
;LAYER_CHANGE
;Z:2.2
;HEIGHT:0.1
G1 A684.71783 F2400
;WIPE_START
G1 F6240
G1 X5.375 Y5.74 A684.29359
G1 X4.89 Y6.24 A684.03907
G1 X4.343 Y6.759 A683.76356
G1 X3.867 Y7.234 A683.51783
;WIPE_END
G1 Z2.2 F7800
G1 X3.774 Y73.198
G1 A685.01783 F2400
;TYPE:Support material interface
;WIDTH:0.35
;HEIGHT:0.2
G1 F3600
G1 X3.934 Y73.037 A685.02363
G1 X3.937 Y72.57 A685.03555
G1 X3.473 Y73.034 A685.05231
G1 X3.473 Y72.569 A685.06418
G1 X3.94 Y72.103 A685.08103
G1 X3.942 Y71.635 A685.09298
G1 X3.472 Y72.105 A685.10995
G1 X3.472 Y71.641 A685.1218
G1 X3.945 Y71.168 A685.13888
G1 X3.948 Y70.7 A685.15083
G1 X3.472 Y71.176 A685.16802
G1 X3.472 Y70.712 A685.17987
G1 X3.95 Y70.233 A685.19715
G1 X3.953 Y69.766 A685.20907
G1 X3.471 Y70.248 A685.22648
G1 X3.471 Y69.783 A685.23835
G1 X3.956 Y69.298 A685.25586
G1 X3.959 Y68.831 A685.26778
G1 X3.471 Y69.319 A685.2854
G1 X3.471 Y68.855 A685.29725
G1 X3.961 Y68.364 A685.31496
G1 X3.964 Y67.896 A685.32691
G1 X3.47 Y68.39 A685.34475
G1 X3.47 Y67.926 A685.3566
G1 X3.967 Y67.429 A685.37455
G1 X3.97 Y66.976 A685.38612
G1 X3.47 Y67.461 A685.40391
G1 X3.47 Y66.997 A685.41576
G1 X3.92 Y66.547 A685.43201
G1 X3.931 Y66.071 A685.44417
G1 X3.469 Y66.533 A685.46085
G1 X3.469 Y66.068 A685.47272
G1 X3.942 Y65.595 A685.4898
G1 X3.954 Y65.119 A685.50196
G1 X3.469 Y65.604 A685.51947
G1 X3.468 Y65.14 A685.53132
G1 X3.965 Y64.643 A685.54927
G1 X3.976 Y64.167 A685.56143
G1 X3.468 Y64.675 A685.57977
G1 X3.469 Y64.21 A685.59164
G1 X3.988 Y63.691 A685.61038
G1 X3.996 Y63.218 A685.62246
G1 X3.471 Y63.744 A685.64144
G1 X3.472 Y63.277 A685.65336
G1 X4.003 Y62.747 A685.67252
G1 X4.01 Y62.275 A685.68457
G1 X3.474 Y62.811 A685.70393
G1 X3.476 Y62.344 A685.71585
G1 X4.022 Y61.799 A685.73555
G1 X4.034 Y61.322 A685.74773
G1 X3.478 Y61.878 A685.76781
G1 X3.48 Y61.412 A685.77971
G1 X4.047 Y60.845 A685.80018
G1 X4.059 Y60.368 A685.81236
G1 X3.481 Y60.945 A685.83321
G1 X3.483 Y60.479 A685.84511
G1 X4.071 Y59.891 A685.86634
G1 X4.079 Y59.419 A685.87839
G1 X3.485 Y60.012 A685.89982
G1 X3.487 Y59.546 A685.91172
G1 X4.085 Y58.947 A685.93333
G1 X4.092 Y58.476 A685.94536
G1 X3.488 Y59.08 A685.96717
G1 X3.49 Y58.613 A685.97909
G1 X4.099 Y58.004 A686.00108
G1 X4.106 Y57.533 A686.01311
G1 X3.492 Y58.147 A686.03528
G1 X3.494 Y57.68 A686.0472
G1 X4.113 Y57.061 A686.06955
G1 X4.125 Y56.585 A686.08171
G1 X3.496 Y57.214 A686.10442
G1 X3.497 Y56.747 A686.11634
G1 X4.137 Y56.108 A686.13943
G1 X4.15 Y55.631 A686.15161
G1 X3.499 Y56.281 A686.1751
G1 X3.501 Y55.815 A686.187
G1 X4.162 Y55.154 A686.21087
G1 X4.169 Y54.682 A686.22292
G1 X3.502 Y55.349 A686.24701
G1 X3.502 Y54.884 A686.25888
G1 X4.17 Y54.216 A686.283
G1 X4.171 Y53.751 A686.29487
G1 X3.503 Y54.419 A686.31899
G1 X3.504 Y53.954 A686.33086
G1 X4.172 Y53.285 A686.355
G1 X4.173 Y52.819 A686.3669
G1 X3.504 Y53.488 A686.39106
G1 X3.505 Y53.023 A686.40293
G1 X4.175 Y52.353 A686.42712
G1 X4.176 Y51.888 A686.43899
G1 X3.506 Y52.557 A686.46317
G1 X3.508 Y52.091 A686.47507
G1 X4.177 Y51.422 A686.49923
G1 X4.178 Y50.956 A686.51113
G1 X3.51 Y51.625 A686.53527
G1 X3.511 Y51.158 A686.54719
G1 X4.179 Y50.491 A686.57129
G1 X4.18 Y50.025 A686.58319
G1 X3.513 Y50.692 A686.60728
G1 X3.515 Y50.225 A686.6192
G1 X4.181 Y49.559 A686.64325
G1 X4.182 Y49.094 A686.65512
G1 X3.516 Y49.759 A686.67915
G1 X3.518 Y49.293 A686.69105
G1 X4.183 Y48.627 A686.71508
G1 X4.184 Y48.456 A686.71945
G1 X4.102 Y48.245 A686.72523
G1 X3.52 Y48.826 A686.74623
G1 X3.522 Y48.36 A686.75813
G1 X4.016 Y47.866 A686.77597
G1 X4 Y47.417 A686.78744
G1 X3.523 Y47.894 A686.80466
G1 X3.525 Y47.427 A686.81658
G1 X4.015 Y46.938 A686.83426
G1 X4.029 Y46.459 A686.8465
G1 X3.527 Y46.961 A686.86463
G1 X3.527 Y46.496 A686.8765
G1 X4.044 Y45.979 A686.89517
G1 X4.057 Y45.501 A686.90738
G1 X3.528 Y46.031 A686.9265
G1 X3.528 Y45.565 A686.9384
G1 X4.067 Y45.027 A686.95785
G1 X4.077 Y44.552 A686.96998
G1 X3.529 Y45.1 A686.98977
G1 X3.53 Y44.635 A687.00164
G1 X4.087 Y44.078 A687.02175
G1 X4.097 Y43.603 A687.03388
G1 X3.531 Y44.169 A687.05432
G1 X3.533 Y43.703 A687.06622
G1 X4.11 Y43.125 A687.08707
G1 X4.129 Y42.642 A687.09941
G1 X3.534 Y43.236 A687.12088
G1 X3.536 Y42.77 A687.13278
G1 X4.147 Y42.16 A687.15483
G1 X4.165 Y41.677 A687.16717
G1 X3.538 Y42.303 A687.18979
G1 X3.54 Y41.837 A687.20169
G1 X4.183 Y41.194 A687.22491
G1 X4.201 Y40.712 A687.23723
G1 X3.542 Y41.371 A687.26103
G1 X3.543 Y40.904 A687.27295
G1 X4.219 Y40.229 A687.29734
G1 X4.224 Y39.759 A687.30934
G1 X3.545 Y40.438 A687.33386
G1 X3.547 Y39.971 A687.34578
G1 X4.226 Y39.293 A687.37028
G1 X4.227 Y38.827 A687.38218
G1 X3.549 Y39.505 A687.40666
G1 X3.55 Y39.039 A687.41856
G1 X4.228 Y38.361 A687.44304
G1 X4.229 Y37.895 A687.45494
G1 X3.552 Y38.572 A687.47939
G1 X3.554 Y38.106 A687.49129
G1 X4.231 Y37.429 A687.51574
G1 X4.232 Y36.963 A687.52764
G1 X3.554 Y37.641 A687.55212
G1 X3.555 Y37.176 A687.56399
G1 X4.234 Y36.497 A687.58851
G1 X4.235 Y36.031 A687.60041
G1 X3.556 Y36.71 A687.62493
G1 X3.557 Y36.245 A687.6368
G1 X4.236 Y35.565 A687.66134
G1 X4.238 Y35.099 A687.67324
G1 X3.558 Y35.778 A687.69778
G1 X3.56 Y35.312 A687.70968
G1 X4.239 Y34.633 A687.7342
G1 X4.24 Y34.167 A687.7461
G1 X3.562 Y34.846 A687.7706
G1 X3.564 Y34.379 A687.78252
G1 X4.241 Y33.701 A687.80698
G1 X4.243 Y33.236 A687.81885
G1 X3.566 Y33.913 A687.8433
G1 X3.567 Y33.446 A687.85522
G1 X4.244 Y32.769 A687.87967
G1 X4.246 Y32.303 A687.89157
G1 X3.569 Y32.98 A687.91602
G1 X3.571 Y32.513 A687.92794
G1 X4.248 Y31.837 A687.95237
G1 X4.249 Y31.371 A687.96427
G1 X3.573 Y32.047 A687.98868
G1 X3.575 Y31.58 A688.0006
G1 X4.251 Y30.905 A688.02499
G1 X4.252 Y30.439 A688.03689
G1 X3.577 Y31.114 A688.06126
G1 X3.578 Y30.648 A688.07316
G1 X4.253 Y29.973 A688.09753
G1 X4.255 Y29.507 A688.10943
G1 X3.579 Y30.183 A688.13384
G1 X3.58 Y29.717 A688.14574
G1 X4.256 Y29.04 A688.17017
G1 X4.257 Y28.779 A688.17683
G1 X4.201 Y28.631 A688.18087
G1 X3.582 Y29.25 A688.20322
G1 X3.584 Y28.784 A688.21512
G1 X4.106 Y28.261 A688.23399
G1 X4.078 Y27.825 A688.24515
G1 X3.586 Y28.317 A688.26292
G1 X3.587 Y27.851 A688.27482
G1 X4.104 Y27.334 A688.29349
G1 X4.13 Y26.844 A688.30602
G1 X3.589 Y27.384 A688.32554
G1 X3.591 Y26.918 A688.33744
G1 X4.155 Y26.354 A688.35781
G1 X4.181 Y25.863 A688.37036
G1 X3.591 Y26.453 A688.39167
G1 X3.593 Y25.987 A688.40357
G1 X4.207 Y25.373 A688.42574
G1 X4.23 Y24.885 A688.43821
G1 X3.595 Y25.52 A688.46114
G1 X3.597 Y25.054 A688.47304
G1 X4.254 Y24.396 A688.49678
G1 X4.281 Y23.904 A688.50936
G1 X3.599 Y24.587 A688.53401
G1 X3.601 Y24.121 A688.54591
G1 X4.283 Y23.438 A688.57056
G1 X4.284 Y22.972 A688.58246
G1 X3.602 Y23.654 A688.60709
G1 X3.604 Y23.188 A688.61899
G1 X4.286 Y22.506 A688.64362
G1 X4.287 Y22.04 A688.65552
G1 X3.604 Y22.723 A688.68018
G1 X3.605 Y22.258 A688.69205
G1 X4.289 Y21.574 A688.71675
G1 X4.29 Y21.108 A688.72865
G1 X3.605 Y21.793 A688.75339
G1 X3.606 Y21.327 A688.76529
G1 X4.292 Y20.641 A688.79006
G1 X4.294 Y20.175 A688.80196
G1 X3.608 Y20.861 A688.82673
G1 X3.61 Y20.394 A688.83865
G1 X4.296 Y19.709 A688.8634
G1 X4.297 Y19.242 A688.87532
G1 X3.613 Y19.926 A688.90002
G1 X3.616 Y19.459 A688.91194
G1 X4.299 Y18.776 A688.9366
G1 X4.3 Y18.31 A688.9485
G1 X3.619 Y18.992 A688.97311
G1 X3.622 Y18.524 A688.98506
G1 X4.302 Y17.844 A689.00961
G1 X4.304 Y17.378 A689.02151
G1 X3.624 Y18.057 A689.04605
G1 X3.627 Y17.589 A689.058
G1 X4.305 Y16.911 A689.08248
G1 X4.307 Y16.445 A689.09438
G1 X3.63 Y17.122 A689.11883
G1 X3.633 Y16.654 A689.13078
G1 X4.309 Y15.978 A689.15519
G1 X4.311 Y15.512 A689.16709
G1 X3.636 Y16.187 A689.19146
G1 X3.639 Y15.719 A689.20341
G1 X4.313 Y15.045 A689.22775
G1 X4.314 Y14.579 A689.23965
G1 X3.641 Y15.252 A689.26395
G1 X3.644 Y14.784 A689.2759
G1 X4.316 Y14.113 A689.30015
G1 X4.318 Y13.647 A689.31205
G1 X3.647 Y14.317 A689.33626
G1 X3.65 Y13.85 A689.34818
G1 X4.319 Y13.18 A689.37236
G1 X4.321 Y12.714 A689.38426
G1 X3.653 Y13.382 A689.40838
G1 X3.656 Y12.915 A689.4203
G1 X4.322 Y12.248 A689.44437
G1 X4.324 Y11.781 A689.45629
G1 X3.658 Y12.447 A689.48034
G1 X3.661 Y11.98 A689.49226
G1 X4.326 Y11.315 A689.51627
G1 X4.328 Y10.849 A689.52817
G1 X3.664 Y11.512 A689.55213
G1 X3.667 Y11.045 A689.56405
G1 X4.33 Y10.382 A689.58799
G1 X4.321 Y9.927 A689.59961
G1 X3.67 Y10.577 A689.6231
G1 X3.673 Y10.11 A689.63502
G1 X4.031 Y9.751 A689.64797
G1 A689.34797 F2400
;WIPE_START
G1 F6240
G1 X3.673 Y10.11 A689.16272
G1 X3.67 Y10.577 A688.99208
G1 X4.321 Y9.927 A688.65595
G1 X4.33 Y10.382 A688.48967
G1 X3.669 Y11.043 A688.14797
;WIPE_END
G1 X-4.315 Y7.876 F7800
G1 A689.64797 F2400
G1 F3600
G1 X-3.722 Y7.283 A689.66938
G1 X-3.807 Y6.904 A689.6793
G1 X-4.771 Y7.867 A689.71409
G1 X-5.455 Y8.086 A689.73243
G1 X-4.436 Y7.068 A689.76921
G1 X-5.118 Y7.285 A689.78748
G1 X-6.139 Y8.306 A689.82435
G1 X-6.824 Y8.526 A689.84272
G1 X-5.799 Y7.502 A689.87971
G1 X-6.481 Y7.719 A689.89798
G1 X-7.508 Y8.745 A689.93505
G1 X-8.192 Y8.965 A689.9534
G1 X-7.162 Y7.935 A689.99059
G1 X-7.844 Y8.152 A690.00886
G1 X-8.876 Y9.185 A690.04614
G1 X-9.56 Y9.404 A690.06448
G1 X-8.525 Y8.369 A690.10185
G1 X-9.207 Y8.586 A690.12012
G1 X-10.244 Y9.623 A690.15757
G1 X-10.928 Y9.843 A690.17592
G1 X-9.888 Y8.803 A690.21347
G1 X-10.57 Y9.02 A690.23174
G1 X-11.612 Y10.062 A690.26937
G1 X-12.297 Y10.282 A690.28774
G1 X-11.251 Y9.237 A690.32549
G1 X-11.933 Y9.454 A690.34376
G1 X-12.981 Y10.502 A690.3816
G1 X-13.666 Y10.722 A690.39997
G1 X-12.614 Y9.67 A690.43796
G1 X-13.296 Y9.887 A690.45623
G1 X-14.35 Y10.941 A690.49429
G1 X-15.034 Y11.161 A690.51264
G1 X-13.977 Y10.104 A690.55081
G1 X-14.661 Y10.323 A690.56915
G1 X-15.719 Y11.381 A690.60735
G1 X-16.404 Y11.601 A690.62572
G1 X-15.347 Y10.545 A690.66387
G1 X-16.034 Y10.767 A690.6823
G1 X-17.083 Y11.816 A690.72018
G1 X-17.71 Y11.978 A690.73672
G1 X-16.721 Y10.989 A690.77243
G1 X-17.405 Y11.208 A690.79077
G1 X-18.353 Y12.156 A690.825
G1 X-18.987 Y12.326 A690.84176
G1 X-18.088 Y11.427 A690.87422
G1 X-18.772 Y11.647 A690.89257
G1 X-19.622 Y12.496 A690.92325
G1 X-20.257 Y12.666 A690.94003
G1 X-19.456 Y11.866 A690.96894
G1 X-20.142 Y12.087 A690.98734
G1 X-20.891 Y12.836 A691.01439
G1 X-21.622 Y13.269 A691.03608
G1 X-21.868 Y13.348 A691.04268
G1 X-20.826 Y12.307 A691.08029
G1 X-21.51 Y12.526 A691.09863
G1 X-22.552 Y13.568 A691.13626
G1 X-23.237 Y13.788 A691.15463
G1 X-22.194 Y12.745 A691.19229
G1 X-22.878 Y12.964 A691.21063
G1 X-23.922 Y14.009 A691.24835
G1 X-24.607 Y14.229 A691.26672
G1 X-23.564 Y13.186 A691.30438
G1 X-24.249 Y13.406 A691.32275
G1 X-25.291 Y14.448 A691.36038
G1 X-25.975 Y14.668 A691.37873
G1 X-24.933 Y13.625 A691.41637
G1 X-25.617 Y13.845 A691.43472
G1 X-26.66 Y14.889 A691.4724
G1 X-27.346 Y15.109 A691.49079
G1 X-26.3 Y14.064 A691.52854
G1 X-26.984 Y14.283 A691.54688
G1 X-28.031 Y15.33 A691.58469
G1 X-28.716 Y15.55 A691.60306
G1 X-27.668 Y14.502 A691.6409
G1 X-28.352 Y14.722 A691.65925
G1 X-29.4 Y15.77 A691.69709
G1 X-30.085 Y15.99 A691.71546
G1 X-29.036 Y14.941 A691.75334
G1 X-29.723 Y15.163 A691.77177
G1 X-30.771 Y16.211 A691.80961
G1 X-31.456 Y16.432 A691.82799
G1 X-30.409 Y15.385 A691.8658
G1 X-31.095 Y15.606 A691.8842
G1 X-32.141 Y16.652 A691.92197
G1 X-32.804 Y16.85 A691.93964
G1 X-31.779 Y15.825 A691.97665
G1 X-32.463 Y16.045 A691.995
G1 X-33.453 Y17.035 A692.03075
G1 X-34.102 Y17.219 A692.04797
G1 X-33.147 Y16.264 A692.08246
G1 X-33.831 Y16.484 A692.10081
G1 X-34.751 Y17.404 A692.13403
G1 X-35.4 Y17.588 A692.15125
G1 X-34.515 Y16.703 A692.18321
G1 X-35.199 Y16.922 A692.20155
G1 X-36.063 Y17.786 A692.23275
G1 X-36.728 Y17.987 A692.25049
G1 X-35.883 Y17.142 A692.281
G1 X-36.567 Y17.361 A692.29934
G1 X-37.394 Y18.188 A692.3292
G1 X-38.054 Y18.384 A692.34678
G1 X-37.253 Y17.582 A692.37572
G1 X-37.94 Y17.805 A692.39416
G1 X-38.71 Y18.575 A692.42196
G1 X-39.366 Y18.766 A692.43941
G1 X-38.627 Y18.027 A692.4661
G1 X-39.313 Y18.248 A692.4845
G1 X-40.358 Y19.28 A692.522
G1 X-41.022 Y19.493 A692.53981
G1 X-39.997 Y18.468 A692.57682
G1 X-40.681 Y18.687 A692.59516
G1 X-41.708 Y19.714 A692.63225
G1 X-42.394 Y19.935 A692.65065
G1 X-41.365 Y18.907 A692.68779
G1 X-42.049 Y19.126 A692.70613
G1 X-43.079 Y20.157 A692.74334
G1 X-43.765 Y20.378 A692.76174
G1 X-42.733 Y19.346 A692.79901
G1 X-43.418 Y19.565 A692.81737
G1 X-44.451 Y20.599 A692.85469
G1 X-45.136 Y20.819 A692.87306
G1 X-44.102 Y19.785 A692.9104
G1 X-44.786 Y20.004 A692.92874
G1 X-45.822 Y21.041 A692.96617
G1 X-46.505 Y21.259 A692.98448
G1 X-45.473 Y20.227 A693.02175
G1 X-46.16 Y20.449 A693.04018
G1 X-47.174 Y21.463 A693.0768
G1 X-47.828 Y21.653 A693.09419
G1 X-46.846 Y20.671 A693.12965
G1 X-47.533 Y20.893 A693.14808
G1 X-48.488 Y21.849 A693.18258
G1 X-49.16 Y22.055 A693.20053
G1 X-48.217 Y21.112 A693.23458
G1 X-48.901 Y21.332 A693.25293
G1 X-49.832 Y22.263 A693.28655
G1 X-50.505 Y22.471 A693.30454
G1 X-49.585 Y21.551 A693.33776
G1 X-50.269 Y21.77 A693.3561
G1 X-51.177 Y22.679 A693.38891
G1 X-51.838 Y22.875 A693.40651
G1 X-50.953 Y21.99 A693.43847
G1 X-51.637 Y22.209 A693.45681
G1 X-52.499 Y23.071 A693.48794
G1 X-53.159 Y23.267 A693.50552
G1 X-52.321 Y22.428 A693.5358
G1 X-53.005 Y22.648 A693.55415
G1 X-53.825 Y23.468 A693.58376
G1 X-54.497 Y23.676 A693.60172
G1 X-53.689 Y22.867 A693.63092
G1 X-54.373 Y23.086 A693.64926
G1 X-55.163 Y23.877 A693.67781
G1 X-55.826 Y24.075 A693.69548
G1 X-55.057 Y23.306 A693.72325
G1 X-55.74 Y23.525 A693.74156
G1 X-56.488 Y24.273 A693.76857
G1 X-57.151 Y24.471 A693.78624
G1 X-56.429 Y23.749 A693.81231
G1 X-57.118 Y23.974 A693.83082
G1 X-57.835 Y24.69 A693.85669
G1 X-58.038 Y24.799 A693.86257
G1 X-58.581 Y24.972 A693.87712
G1 X-57.807 Y24.198 A693.90507
G1 X-58.496 Y24.422 A693.92357
G1 X-59.263 Y25.189 A693.95127
G1 X-59.945 Y25.406 A693.96954
G1 X-59.185 Y24.646 A693.99698
G1 X-59.874 Y24.871 A694.01549
G1 X-60.626 Y25.623 A694.04264
G1 X-61.308 Y25.84 A694.06091
G1 X-60.563 Y25.095 A694.08781
G1 X-61.252 Y25.319 A694.10631
G1 X-61.99 Y26.057 A694.13296
G1 X-62.671 Y26.275 A694.15122
G1 X-61.94 Y25.543 A694.17763
G1 X-62.629 Y25.768 A694.19614
G1 X-63.353 Y26.492 A694.22228
G1 X-63.826 Y26.642 A694.23495
G1 X-63.861 Y26.534 A694.23785
G1 X-63.088 Y25.761 A694.26576
G1 A693.96576 F2400
;WIPE_START
G1 F6240
G1 X-63.861 Y26.534 A693.56633
G1 X-63.826 Y26.642 A693.52485
G1 X-63.353 Y26.492 A693.34354
G1 X-62.629 Y25.768 A692.96943
G1 X-62.099 Y25.595 A692.76576
;WIPE_END
G1 X-40.127 Y-52.489 F7800
G1 A694.26576 F2400
G1 F3600
G1 X-40.564 Y-52.053 A694.28152
G1 X-40.37 Y-51.782 A694.29003
G1 X-40.038 Y-52.114 A694.30202
G1 X-39.842 Y-51.845 A694.31052
G1 X-40.176 Y-51.512 A694.32256
G1 X-39.981 Y-51.241 A694.33108
G1 X-39.646 Y-51.576 A694.34318
G1 X-39.451 Y-51.307 A694.35166
G1 X-39.787 Y-50.971 A694.36379
G1 X-39.593 Y-50.7 A694.3723
G1 X-39.255 Y-51.038 A694.38451
G1 X-39.059 Y-50.769 A694.39301
G1 X-39.399 Y-50.43 A694.40527
G1 X-39.205 Y-50.159 A694.41378
G1 X-38.864 Y-50.5 A694.42609
G1 X-38.668 Y-50.231 A694.43459
G1 X-39.011 Y-49.889 A694.44696
G1 X-38.817 Y-49.618 A694.45547
G1 X-38.472 Y-49.962 A694.46791
G1 X-38.277 Y-49.693 A694.47639
G1 X-38.623 Y-49.348 A694.48887
G1 X-38.429 Y-49.077 A694.49738
G1 X-38.081 Y-49.425 A694.50995
G1 X-37.885 Y-49.156 A694.51845
G1 X-38.234 Y-48.807 A694.53105
G1 X-38.04 Y-48.536 A694.53956
G1 X-37.69 Y-48.887 A694.55222
G1 X-37.494 Y-48.618 A694.56072
G1 X-37.846 Y-48.266 A694.57343
G1 X-37.652 Y-47.995 A694.58194
G1 X-37.299 Y-48.349 A694.5947
G1 X-37.103 Y-48.08 A694.6032
G1 X-37.458 Y-47.725 A694.61602
G1 X-37.264 Y-47.454 A694.62453
G1 X-36.907 Y-47.811 A694.63742
G1 X-36.712 Y-47.542 A694.6459
G1 X-37.066 Y-47.187 A694.6587
G1 X-36.837 Y-46.952 A694.66708
G1 X-36.516 Y-47.273 A694.67867
G1 X-36.32 Y-47.004 A694.68717
G1 X-36.647 Y-46.677 A694.69898
G1 X-36.457 Y-46.402 A694.70751
G1 X-36.125 Y-46.735 A694.71952
G1 X-35.929 Y-46.466 A694.72802
G1 X-36.267 Y-46.127 A694.74024
G1 X-36.078 Y-45.853 A694.74874
G1 X-35.733 Y-46.197 A694.76118
G1 X-35.538 Y-45.928 A694.76966
G1 X-35.888 Y-45.578 A694.7823
G1 X-35.698 Y-45.303 A694.79083
G1 X-35.342 Y-45.659 A694.80369
G1 X-35.146 Y-45.39 A694.81219
G1 X-35.508 Y-45.028 A694.82526
G1 X-35.318 Y-44.753 A694.83379
G1 X-34.952 Y-45.12 A694.84702
G1 X-34.757 Y-44.85 A694.85552
G1 X-35.129 Y-44.479 A694.86893
G1 X-34.937 Y-44.205 A694.87747
G1 X-34.563 Y-44.58 A694.89099
G1 X-34.368 Y-44.31 A694.89949
G1 X-34.745 Y-43.933 A694.9131
G1 X-34.553 Y-43.66 A694.92162
G1 X-34.173 Y-44.04 A694.93534
G1 X-33.979 Y-43.77 A694.94383
G1 X-34.361 Y-43.388 A694.95762
G1 X-34.171 Y-43.113 A694.96615
G1 X-33.784 Y-43.5 A694.98012
G1 X-33.59 Y-43.23 A694.98861
G1 X-33.982 Y-42.837 A695.00278
G1 X-33.793 Y-42.562 A695.0113
G1 X-33.395 Y-42.96 A695.02567
G1 X-33.2 Y-42.69 A695.03417
G1 X-33.603 Y-42.287 A695.04872
G1 X-33.414 Y-42.011 A695.05726
G1 X-33.006 Y-42.42 A695.07201
G1 X-32.811 Y-42.15 A695.08051
G1 X-33.225 Y-41.736 A695.09546
G1 X-33.035 Y-41.461 A695.10399
G1 X-32.617 Y-41.88 A695.1191
G1 X-32.422 Y-41.61 A695.1276
G1 X-32.844 Y-41.187 A695.14286
G1 X-32.652 Y-40.915 A695.15136
G1 X-32.227 Y-41.339 A695.16669
G1 X-32.033 Y-41.069 A695.17518
G1 X-32.46 Y-40.642 A695.1906
G1 X-32.268 Y-40.37 A695.1991
G1 X-31.838 Y-40.799 A695.21461
G1 X-31.644 Y-40.529 A695.2231
G1 X-32.076 Y-40.097 A695.2387
G1 X-31.884 Y-39.825 A695.2472
G1 X-31.449 Y-40.259 A695.26289
G1 X-31.254 Y-39.989 A695.27139
G1 X-31.692 Y-39.552 A695.28719
G1 X-31.5 Y-39.279 A695.29571
G1 X-31.06 Y-39.719 A695.3116
G1 X-30.865 Y-39.449 A695.3201
G1 X-31.309 Y-39.006 A695.33611
G1 X-31.119 Y-38.731 A695.34464
G1 X-30.671 Y-39.179 A695.36082
G1 X-30.476 Y-38.909 A695.36932
G1 X-30.93 Y-38.455 A695.38571
G1 X-30.741 Y-38.18 A695.39423
G1 X-30.281 Y-38.639 A695.41082
G1 X-30.087 Y-38.369 A695.41931
G1 X-30.551 Y-37.905 A695.43607
G1 X-30.362 Y-37.63 A695.44459
G1 X-29.892 Y-38.1 A695.46156
G1 X-29.696 Y-37.83 A695.47008
G1 X-30.172 Y-37.355 A695.48725
G1 X-30.095 Y-37.244 A695.4907
G1 X-29.978 Y-37.084 A695.49576
G1 X-29.501 Y-37.561 A695.51298
G1 X-29.306 Y-37.292 A695.52146
G1 X-29.783 Y-36.814 A695.5387
G1 X-29.588 Y-36.545 A695.54718
G1 X-29.111 Y-37.022 A695.5644
G1 X-28.915 Y-36.753 A695.5729
G1 X-29.393 Y-36.275 A695.59016
G1 X-29.198 Y-36.005 A695.59866
G1 X-28.72 Y-36.483 A695.61592
G1 X-28.525 Y-36.214 A695.6244
G1 X-29.003 Y-35.736 A695.64166
G1 X-28.809 Y-35.466 A695.65015
G1 X-28.33 Y-35.944 A695.66743
G1 X-28.135 Y-35.674 A695.67593
G1 X-28.614 Y-35.196 A695.69321
G1 X-28.419 Y-34.927 A695.70169
G1 X-27.941 Y-35.404 A695.71893
G1 X-27.746 Y-35.134 A695.72743
G1 X-28.224 Y-34.657 A695.74467
G1 X-28.029 Y-34.387 A695.75317
G1 X-27.551 Y-34.864 A695.77041
G1 X-27.357 Y-34.594 A695.7789
G1 X-27.834 Y-34.118 A695.79611
G1 X-27.639 Y-33.848 A695.80461
G1 X-27.162 Y-34.324 A695.82182
G1 X-26.968 Y-34.054 A695.83031
G1 X-27.444 Y-33.578 A695.8475
G1 X-27.249 Y-33.309 A695.85598
G1 X-26.773 Y-33.784 A695.87315
G1 X-26.578 Y-33.514 A695.88165
G1 X-27.054 Y-33.039 A695.89882
G1 X-26.859 Y-32.769 A695.90732
G1 X-26.384 Y-33.245 A695.92449
G1 X-26.189 Y-32.975 A695.93299
G1 X-26.664 Y-32.5 A695.95014
G1 X-26.469 Y-32.23 A695.95864
G1 X-25.994 Y-32.705 A695.97579
G1 X-25.8 Y-32.435 A695.98428
G1 X-26.229 Y-32.005 A695.99979
G1 X-25.972 Y-31.798 A696.00822
G1 X-25.605 Y-32.165 A696.02147
G1 X-25.41 Y-31.895 A696.02997
G1 X-25.746 Y-31.559 A696.0421
G1 X-25.558 Y-31.282 A696.05065
G1 X-25.216 Y-31.625 A696.06302
G1 X-25.021 Y-31.355 A696.07152
G1 X-25.37 Y-31.006 A696.08412
G1 X-25.182 Y-30.73 A696.09265
G1 X-24.826 Y-31.085 A696.10549
G1 X-24.631 Y-30.816 A696.11397
G1 X-24.993 Y-30.453 A696.12706
G1 X-24.805 Y-30.177 A696.13559
G1 X-24.436 Y-30.546 A696.14891
G1 X-24.24 Y-30.277 A696.15741
G1 X-24.617 Y-29.9 A696.17102
G1 X-24.427 Y-29.626 A696.17953
G1 X-24.045 Y-30.007 A696.19331
G1 X-23.85 Y-29.738 A696.20179
G1 X-24.236 Y-29.352 A696.21573
G1 X-24.045 Y-29.078 A696.22426
G1 X-23.655 Y-29.469 A696.23836
G1 X-23.46 Y-29.199 A696.24686
G1 X-23.855 Y-28.804 A696.26112
G1 X-23.664 Y-28.53 A696.26965
G1 X-23.265 Y-28.929 A696.28406
G1 X-23.07 Y-28.659 A696.29256
G1 X-23.474 Y-28.256 A696.30713
G1 X-23.284 Y-27.981 A696.31566
G1 X-22.876 Y-28.389 A696.33039
G1 X-22.681 Y-28.119 A696.33889
G1 X-23.097 Y-27.703 A696.35391
G1 X-22.911 Y-27.425 A696.36245
G1 X-22.487 Y-27.849 A696.37776
G1 X-22.292 Y-27.579 A696.38626
G1 X-22.724 Y-27.147 A696.40186
G1 X-22.537 Y-26.869 A696.41041
G1 X-22.097 Y-27.309 A696.4263
G1 X-21.903 Y-27.039 A696.43479
G1 X-22.351 Y-26.591 A696.45097
G1 X-22.164 Y-26.313 A696.45952
G1 X-21.708 Y-26.769 A696.47599
G1 X-21.514 Y-26.499 A696.48448
G1 X-21.978 Y-26.035 A696.50124
G1 X-21.791 Y-25.757 A696.50979
G1 X-21.319 Y-26.229 A696.52683
G1 X-21.124 Y-25.959 A696.53533
G1 X-21.605 Y-25.479 A696.55268
G1 X-21.494 Y-25.313 A696.55778
G1 X-21.415 Y-25.204 A696.56122
G1 X-20.93 Y-25.689 A696.57873
G1 X-20.735 Y-25.419 A696.58723
G1 X-21.22 Y-24.934 A696.60474
G1 X-21.025 Y-24.665 A696.61322
G1 X-20.541 Y-25.149 A696.6307
G1 X-20.346 Y-24.879 A696.6392
G1 X-20.83 Y-24.395 A696.65668
G1 X-20.635 Y-24.125 A696.66518
G1 X-20.151 Y-24.609 A696.68266
G1 X-19.957 Y-24.339 A696.69115
G1 X-20.44 Y-23.855 A696.70861
G1 X-20.245 Y-23.586 A696.71709
G1 X-19.762 Y-24.069 A696.73453
G1 X-19.567 Y-23.8 A696.74301
G1 X-20.051 Y-23.316 A696.76049
G1 X-19.856 Y-23.046 A696.76899
G1 X-19.371 Y-23.53 A696.78649
G1 X-19.176 Y-23.261 A696.79497
G1 X-19.661 Y-22.776 A696.81248
G1 X-19.466 Y-22.506 A696.82098
G1 X-18.981 Y-22.991 A696.83849
G1 X-18.786 Y-22.722 A696.84697
G1 X-19.271 Y-22.236 A696.8645
G1 X-19.077 Y-21.967 A696.87297
G1 X-18.591 Y-22.452 A696.8905
G1 X-18.397 Y-22.182 A696.89899
G1 X-18.882 Y-21.697 A696.9165
G1 X-18.687 Y-21.427 A696.925
G1 X-18.202 Y-21.912 A696.94251
G1 X-18.007 Y-21.642 A696.95101
G1 X-18.492 Y-21.157 A696.96852
G1 X-18.297 Y-20.888 A696.977
G1 X-17.813 Y-21.372 A696.99448
G1 X-17.618 Y-21.102 A697.00298
G1 X-18.102 Y-20.618 A697.02046
G1 X-17.907 Y-20.348 A697.02896
G1 X-17.424 Y-20.832 A697.04642
G1 X-17.229 Y-20.562 A697.05492
G1 X-17.713 Y-20.078 A697.0724
G1 X-17.518 Y-19.808 A697.0809
G1 X-17.035 Y-20.292 A697.09836
G1 X-16.84 Y-20.022 A697.10686
G1 X-17.323 Y-19.539 A697.1243
G1 X-17.128 Y-19.269 A697.1328
G1 X-16.645 Y-19.752 A697.15024
G1 X-16.451 Y-19.482 A697.15873
G1 X-16.934 Y-18.999 A697.17617
G1 X-16.739 Y-18.729 A697.18467
G1 X-16.256 Y-19.212 A697.20211
G1 X-16.062 Y-18.941 A697.21062
G1 X-16.544 Y-18.459 A697.22803
G1 X-16.35 Y-18.189 A697.23652
G1 X-15.867 Y-18.671 A697.25394
G1 X-15.672 Y-18.401 A697.26244
G1 X-16.155 Y-17.919 A697.27986
G1 X-15.96 Y-17.649 A697.28836
G1 X-15.478 Y-18.132 A697.30578
G1 X-15.282 Y-17.862 A697.3143
G1 X-15.765 Y-17.379 A697.33174
G1 X-15.57 Y-17.11 A697.34022
G1 X-15.087 Y-17.593 A697.35766
G1 X-14.893 Y-17.323 A697.36615
G1 X-15.376 Y-16.84 A697.38359
G1 X-15.181 Y-16.57 A697.39209
G1 X-14.698 Y-17.053 A697.40953
G1 X-14.503 Y-16.783 A697.41803
G1 X-14.986 Y-16.3 A697.43547
G1 X-14.868 Y-16.136 A697.44063
G1 X-14.758 Y-16.064 A697.44399
G1 X-14.309 Y-16.513 A697.4602
G1 X-14.114 Y-16.243 A697.4687
G1 X-14.496 Y-15.861 A697.48249
G1 X-14.265 Y-15.628 A697.49087
G1 X-13.92 Y-15.972 A697.50331
G1 X-13.725 Y-15.702 A697.51181
G1 X-14.082 Y-15.346 A697.52468
G1 X-13.899 Y-15.064 A697.53326
G1 X-13.531 Y-15.432 A697.54655
G1 X-13.336 Y-15.162 A697.55505
G1 X-13.716 Y-14.782 A697.56877
G1 X-13.533 Y-14.501 A697.57733
G1 X-13.141 Y-14.893 A697.59149
G1 X-12.946 Y-14.624 A697.59997
G1 X-13.35 Y-14.219 A697.61458
G1 X-13.167 Y-13.937 A697.62316
G1 X-12.751 Y-14.353 A697.63818
G1 X-12.556 Y-14.083 A697.64668
G1 X-12.984 Y-13.656 A697.66212
G1 X-12.801 Y-13.374 A697.6707
G1 X-12.362 Y-13.813 A697.68655
G1 X-12.167 Y-13.543 A697.69505
G1 X-12.618 Y-13.093 A697.71132
G1 X-12.431 Y-12.815 A697.71987
G1 X-11.973 Y-13.273 A697.73641
G1 X-11.778 Y-13.003 A697.74491
G1 X-12.25 Y-12.531 A697.76195
G1 X-12.069 Y-12.247 A697.77055
G1 X-11.584 Y-12.733 A697.78808
G1 X-11.389 Y-12.463 A697.79658
G1 X-11.876 Y-11.976 A697.81417
G1 X-11.681 Y-11.706 A697.82267
G1 X-11.195 Y-12.193 A697.84024
G1 X-10.999 Y-11.924 A697.84874
G1 X-11.487 Y-11.436 A697.86636
G1 X-11.292 Y-11.166 A697.87486
G1 X-10.804 Y-11.654 A697.89248
G1 X-10.609 Y-11.385 A697.90096
G1 X-11.097 Y-10.896 A697.9186
G1 X-10.902 Y-10.627 A697.92708
G1 X-10.414 Y-11.115 A697.9447
G1 X-10.219 Y-10.846 A697.95318
G1 X-10.708 Y-10.357 A697.97084
G1 X-10.513 Y-10.087 A697.97934
G1 X-10.023 Y-10.576 A697.99702
G1 X-9.828 Y-10.307 A698.0055
G1 X-10.318 Y-9.817 A698.02319
G1 X-10.124 Y-9.547 A698.03168
G1 X-9.634 Y-10.037 A698.04937
G1 X-9.44 Y-9.766 A698.05788
G1 X-9.929 Y-9.277 A698.07554
G1 X-9.734 Y-9.007 A698.08404
G1 X-9.246 Y-9.496 A698.10168
G1 X-9.052 Y-9.225 A698.11019
G1 X-9.54 Y-8.737 A698.12781
G1 X-9.345 Y-8.467 A698.13631
G1 X-8.858 Y-8.954 A698.1539
G1 X-8.663 Y-8.684 A698.1624
G1 X-9.15 Y-8.197 A698.17999
G1 X-8.955 Y-7.927 A698.18849
G1 X-8.469 Y-8.413 A698.20604
G1 X-8.275 Y-8.143 A698.21453
G1 X-8.761 Y-7.657 A698.23208
G1 X-8.566 Y-7.387 A698.24058
G1 X-8.081 Y-7.872 A698.25809
G1 X-7.887 Y-7.602 A698.26658
G1 X-8.371 Y-7.118 A698.28406
G1 X-8.177 Y-6.848 A698.29255
G1 X-7.693 Y-7.331 A698.31001
G1 X-7.499 Y-7.061 A698.3185
G1 X-7.982 Y-6.578 A698.33594
G1 X-7.787 Y-6.308 A698.34444
G1 X-7.305 Y-6.79 A698.36185
G1 X-7.111 Y-6.52 A698.37034
G1 X-7.593 Y-6.038 A698.38775
G1 X-7.398 Y-5.767 A698.39627
G1 X-6.917 Y-6.249 A698.41366
G1 X-6.723 Y-5.978 A698.42217
G1 X-7.204 Y-5.497 A698.43954
G1 X-7.009 Y-5.227 A698.44804
G1 X-6.529 Y-5.708 A698.46539
G1 X-6.335 Y-5.437 A698.4739
G1 X-6.815 Y-4.957 A698.49123
G1 X-6.62 Y-4.687 A698.49973
G1 X-6.14 Y-5.167 A698.51706
G1 X-5.946 Y-4.896 A698.52557
G1 X-6.425 Y-4.417 A698.54287
G1 X-6.231 Y-4.147 A698.55136
G1 X-5.752 Y-4.626 A698.56866
G1 X-5.558 Y-4.355 A698.57717
G1 X-6.036 Y-3.878 A698.59441
G1 X-5.841 Y-3.608 A698.60291
G1 X-5.364 Y-4.085 A698.62013
G1 X-5.17 Y-3.814 A698.62864
G1 X-5.646 Y-3.338 A698.64583
G1 X-5.452 Y-3.068 A698.65432
G1 X-4.976 Y-3.543 A698.67149
G1 X-4.782 Y-3.273 A698.67998
G1 X-5.257 Y-2.798 A698.69713
G1 X-5.062 Y-2.528 A698.70563
G1 X-4.588 Y-3.002 A698.72275
G1 X-4.394 Y-2.732 A698.73124
G1 X-4.868 Y-2.258 A698.74836
G1 X-4.673 Y-1.988 A698.75686
G1 X-4.2 Y-2.461 A698.77394
G1 X-4.006 Y-2.191 A698.78243
G1 X-4.478 Y-1.718 A698.79949
G1 X-4.284 Y-1.448 A698.80798
G1 X-3.812 Y-1.92 A698.82502
G1 X-3.618 Y-1.65 A698.83351
G1 X-4.089 Y-1.178 A698.85054
G1 X-3.895 Y-.908 A698.85903
G1 X-3.317 Y-1.485 A698.87988
G1 A698.57988 F2400
;WIPE_START
G1 F6240
G1 X-3.895 Y-.908 A698.28147
G1 X-4.089 Y-1.178 A698.15999
G1 X-3.618 Y-1.65 A697.91635
G1 X-3.812 Y-1.92 A697.79487
G1 X-4.284 Y-1.448 A697.55097
G1 X-4.478 Y-1.718 A697.42949
G1 X-4.382 Y-1.814 A697.37988
;WIPE_END
G1 X4.358 Y-3.12 F7800
G1 A698.87988 F2400
G1 F3600
G1 X4.95 Y-3.712 A698.90126
G1 X6.244 Y-5.471 A698.95702
G1 X4.215 Y-3.442 A699.03029
G1 X4.044 Y-3.592 A699.0361
G1 X4.441 Y-4.133 A699.05323
G1 X7.538 Y-7.23 A699.16506
G1 X8.832 Y-8.989 A699.22082
G1 X5.711 Y-5.867 A699.33354
G1 X6.98 Y-7.601 A699.38841
G1 X10.127 Y-10.747 A699.50203
G1 X11.411 Y-12.497 A699.55745
G1 X8.253 Y-9.338 A699.6715
G1 X9.52 Y-11.07 A699.72629
G1 X12.66 Y-14.21 A699.83968
G1 X13.934 Y-15.949 A699.89472
G1 X10.789 Y-12.804 A700.00829
G1 X12.055 Y-14.534 A700.06303
G1 X15.198 Y-17.678 A700.17654
G1 X16.471 Y-19.416 A700.23155
G1 X13.88 Y-16.824 A700.32513
G1 X14.89 Y-18.072 A700.36612
G1 X15.108 Y-18.516 A700.37875
G1 X17.735 Y-21.143 A700.47361
G1 X19.007 Y-22.88 A700.52858
G1 X15.891 Y-19.764 A700.6411
G1 X17.155 Y-21.493 A700.69579
G1 X20.278 Y-24.616 A700.80856
G1 X21.53 Y-26.332 A700.8628
G1 X18.421 Y-23.223 A700.97507
G1 X19.682 Y-24.95 A701.02967
G1 X22.801 Y-28.068 A701.14228
G1 X24.073 Y-29.805 A701.19725
G1 X20.945 Y-26.677 A701.3102
G1 X22.323 Y-28.52 A701.36896
G1 X25.337 Y-31.533 A701.47778
G1 X26.586 Y-33.247 A701.53193
G1 X24.001 Y-30.662 A701.62527
G1 X25.483 Y-32.609 A701.68775
G1 X27.856 Y-34.982 A701.77344
G1 X29.127 Y-36.717 A701.82836
G1 X26.687 Y-34.278 A701.91645
G1 X26.81 Y-34.675 A701.92706
G1 X27.327 Y-35.382 A701.94942
G1 X30.389 Y-38.443 A702.05997
G1 X31.635 Y-40.155 A702.11404
G1 X28.583 Y-37.103 A702.22425
G1 X29.841 Y-38.825 A702.2787
G1 X32.907 Y-41.891 A702.38941
G1 X34.179 Y-43.627 A702.44436
G1 X31.202 Y-40.651 A702.55184
G1 X32.654 Y-42.568 A702.61324
G1 X35.45 Y-45.364 A702.7142
G1 X36.722 Y-47.1 A702.76915
G1 X34.086 Y-44.464 A702.86434
G1 X35.563 Y-46.406 A702.92664
G1 X37.953 Y-48.795 A703.01293
G1 X39.182 Y-50.489 A703.06637
G1 X37.042 Y-48.349 A703.14365
G1 X38.173 Y-49.945 A703.1936
G1 X40.411 Y-52.183 A703.27441
G1 X41.64 Y-53.876 A703.32783
G1 X39.465 Y-51.702 A703.40635
G1 X40.758 Y-53.459 A703.46205
G1 X41.722 Y-54.424 A703.49688
G1 A703.19688 F2400
;WIPE_START
G1 F6240
G1 X40.758 Y-53.459 A702.69849
G1 X39.62 Y-51.912 A701.99688
;WIPE_END
G1 X9.386 Y3.002 F7800
G1 A703.49688 F2400
G1 F3600
G1 X8.928 Y3.46 A703.51342
G1 X8.838 Y3.67 A703.51925
G1 X9.097 Y3.756 A703.52622
G1 X9.618 Y3.235 A703.54503
G1 X9.968 Y3.35 A703.55444
G1 X9.446 Y3.872 A703.57329
G1 X9.795 Y3.987 A703.58267
G1 X10.317 Y3.465 A703.60152
G1 X10.667 Y3.58 A703.61093
G1 X10.144 Y4.103 A703.62982
G1 X10.493 Y4.219 A703.63921
G1 X11.017 Y3.695 A703.65813
G1 X11.366 Y3.81 A703.66751
G1 X10.842 Y4.335 A703.68645
G1 X11.191 Y4.45 A703.69583
G1 X11.716 Y3.925 A703.71479
G1 X12.066 Y4.04 A703.7242
G1 X11.54 Y4.566 A703.74319
G1 X11.889 Y4.682 A703.75258
G1 X12.415 Y4.155 A703.77159
G1 X12.765 Y4.27 A703.781
G1 X12.237 Y4.797 A703.80005
G1 X12.586 Y4.913 A703.80944
G1 X13.115 Y4.385 A703.82852
G1 X13.464 Y4.5 A703.8379
G1 X12.935 Y5.029 A703.857
G1 X13.284 Y5.144 A703.86638
G1 X13.814 Y4.615 A703.8855
G1 X14.164 Y4.73 A703.89491
G1 X13.633 Y5.26 A703.91407
G1 X13.982 Y5.376 A703.92346
G1 X14.513 Y4.845 A703.94263
G1 X14.863 Y4.96 A703.95204
G1 X14.331 Y5.492 A703.97125
G1 X14.68 Y5.607 A703.98063
G1 X15.212 Y5.075 A703.99984
G1 X15.561 Y5.19 A704.00922
G1 X15.029 Y5.723 A704.02845
G1 X15.378 Y5.839 A704.03784
G1 X15.911 Y5.305 A704.0571
G1 X16.261 Y5.42 A704.06651
G1 X15.727 Y5.954 A704.08579
G1 X16.076 Y6.07 A704.09518
G1 X16.61 Y5.535 A704.11448
G1 X16.96 Y5.65 A704.12389
G1 X16.424 Y6.186 A704.14325
G1 X16.773 Y6.302 A704.15264
G1 X17.31 Y5.765 A704.17203
G1 X17.66 Y5.88 A704.18144
G1 X17.122 Y6.417 A704.20085
G1 X17.471 Y6.533 A704.21024
G1 X18.009 Y5.995 A704.22967
G1 X18.359 Y6.11 A704.23908
G1 X17.82 Y6.649 A704.25854
G1 X18.169 Y6.764 A704.26792
G1 X18.709 Y6.225 A704.2874
G1 X19.058 Y6.34 A704.29678
G1 X18.518 Y6.88 A704.31628
G1 X18.867 Y6.996 A704.32567
G1 X19.408 Y6.455 A704.34521
G1 X19.757 Y6.57 A704.35459
G1 X19.216 Y7.112 A704.37414
G1 X19.438 Y7.185 A704.38011
G1 X19.565 Y7.227 A704.38353
G1 X20.107 Y6.685 A704.4031
G1 X20.457 Y6.8 A704.41251
G1 X19.916 Y7.341 A704.43205
G1 X20.266 Y7.455 A704.44145
G1 X20.807 Y6.915 A704.46097
G1 X21.156 Y7.029 A704.47034
G1 X20.616 Y7.57 A704.48986
G1 X20.966 Y7.684 A704.49926
G1 X21.506 Y7.144 A704.51876
G1 X21.856 Y7.259 A704.52817
G1 X21.317 Y7.798 A704.54763
G1 X21.667 Y7.913 A704.55704
G1 X22.206 Y7.374 A704.5765
G1 X22.549 Y7.495 A704.58579
G1 X22.017 Y8.028 A704.60502
G1 X22.366 Y8.143 A704.6144
G1 X22.883 Y7.626 A704.63307
G1 X23.218 Y7.755 A704.64224
G1 X22.716 Y8.258 A704.66039
G1 X23.065 Y8.373 A704.66977
G1 X23.557 Y7.881 A704.68754
G1 X23.893 Y8.01 A704.69673
G1 X23.415 Y8.488 A704.71399
G1 X23.764 Y8.603 A704.72337
G1 X24.229 Y8.139 A704.74014
G1 X24.564 Y8.268 A704.74931
G1 X24.114 Y8.718 A704.76556
G1 X24.463 Y8.834 A704.77495
G1 X24.9 Y8.397 A704.79073
G1 X25.236 Y8.526 A704.79992
G1 X24.813 Y8.948 A704.81518
G1 X25.164 Y9.062 A704.8246
G1 X25.572 Y8.654 A704.83933
G1 X25.907 Y8.783 A704.8485
G1 X25.513 Y9.177 A704.86273
G1 X25.863 Y9.292 A704.87214
G1 X26.247 Y8.908 A704.88601
G1 X26.647 Y8.973 A704.89636
G1 X26.212 Y9.408 A704.91207
G1 X26.562 Y9.523 A704.92148
G1 X27.095 Y8.989 A704.94074
G1 X27.445 Y9.104 A704.95015
G1 X26.911 Y9.638 A704.96943
G1 X27.261 Y9.753 A704.97884
G1 X27.795 Y9.219 A704.99812
G1 X28.144 Y9.334 A705.0075
G1 X27.61 Y9.868 A705.02678
G1 X27.96 Y9.983 A705.03619
G1 X28.494 Y9.449 A705.05547
G1 X28.844 Y9.563 A705.06487
G1 X28.31 Y10.097 A705.08415
G1 X28.66 Y10.212 A705.09356
G1 X29.194 Y9.678 A705.11284
G1 X29.544 Y9.793 A705.12225
G1 X29.01 Y10.327 A705.14153
G1 X29.36 Y10.442 A705.15094
G1 X29.894 Y9.908 A705.17022
G1 X30.243 Y10.023 A705.1796
G1 X29.709 Y10.557 A705.19888
G1 X30.059 Y10.672 A705.20829
G1 X30.593 Y10.138 A705.22757
G1 X30.942 Y10.253 A705.23695
G1 X30.408 Y10.787 A705.25623
G1 X30.758 Y10.902 A705.26564
G1 X31.292 Y10.368 A705.28492
G1 X31.642 Y10.483 A705.29433
G1 X31.107 Y11.017 A705.31363
G1 X31.457 Y11.132 A705.32304
G1 X31.992 Y10.597 A705.34236
G1 X32.342 Y10.712 A705.35177
G1 X31.806 Y11.247 A705.37111
G1 X32.156 Y11.363 A705.38052
G1 X32.691 Y10.827 A705.39986
G1 X33.041 Y10.942 A705.40927
G1 X32.505 Y11.478 A705.42863
G1 X32.855 Y11.593 A705.43804
G1 X33.391 Y11.056 A705.45741
G1 X33.741 Y11.171 A705.46682
G1 X33.205 Y11.708 A705.48619
G1 X33.554 Y11.823 A705.49557
G1 X34.091 Y11.286 A705.51496
G1 X34.441 Y11.401 A705.52437
G1 X33.904 Y11.938 A705.54376
G1 X34.004 Y11.971 A705.54645
G1 X34.254 Y12.052 A705.55316
G1 X34.79 Y11.516 A705.57252
G1 X35.14 Y11.631 A705.58193
G1 X34.604 Y12.167 A705.60129
G1 X34.954 Y12.281 A705.61069
G1 X35.49 Y11.745 A705.63005
G1 X35.84 Y11.86 A705.63946
G1 X35.305 Y12.395 A705.65878
G1 X35.655 Y12.51 A705.66819
G1 X36.19 Y11.975 A705.68751
G1 X36.54 Y12.09 A705.69692
G1 X36.005 Y12.625 A705.71624
G1 X36.354 Y12.74 A705.72562
G1 X36.89 Y12.204 A705.74498
G1 X37.24 Y12.319 A705.75439
G1 X36.704 Y12.855 A705.77375
G1 X37.053 Y12.97 A705.78313
G1 X37.589 Y12.434 A705.80249
G1 X37.934 Y12.553 A705.81181
G1 X37.403 Y13.085 A705.831
G1 X37.753 Y13.2 A705.84041
G1 X38.274 Y12.678 A705.85924
G1 X38.614 Y12.803 A705.86849
G1 X38.102 Y13.315 A705.88698
G1 X38.452 Y13.43 A705.89639
G1 X38.954 Y12.928 A705.91452
G1 X39.294 Y13.052 A705.92376
G1 X38.801 Y13.545 A705.94156
G1 X39.151 Y13.66 A705.95097
G1 X39.634 Y13.177 A705.96841
G1 X39.974 Y13.302 A705.97766
G1 X39.5 Y13.775 A705.99476
G1 X39.85 Y13.89 A706.00417
G1 X40.314 Y13.426 A706.02093
G1 X40.654 Y13.551 A706.03018
G1 X40.199 Y14.005 A706.04659
G1 X40.549 Y14.12 A706.056
G1 X40.996 Y13.673 A706.07214
G1 X41.341 Y13.793 A706.08147
G1 X40.899 Y14.235 A706.09743
G1 X41.248 Y14.35 A706.10681
G1 X41.686 Y13.913 A706.12261
G1 X42.03 Y14.033 A706.13191
G1 X41.598 Y14.466 A706.14753
G1 X41.672 Y14.49 A706.14952
G1 X41.948 Y14.58 A706.15693
G1 X42.375 Y14.153 A706.17235
G1 X42.72 Y14.273 A706.18168
G1 X42.298 Y14.694 A706.1969
G1 X42.649 Y14.809 A706.20633
G1 X43.063 Y14.394 A706.2213
G1 X43.405 Y14.516 A706.23057
G1 X42.999 Y14.923 A706.24525
G1 X43.349 Y15.037 A706.25465
G1 X43.747 Y14.639 A706.26902
G1 X44.089 Y14.762 A706.2783
G1 X43.699 Y15.152 A706.29238
G1 X44.05 Y15.266 A706.3018
G1 X44.431 Y14.885 A706.31556
G1 X44.773 Y15.007 A706.32483
G1 X44.399 Y15.381 A706.33834
G1 X44.749 Y15.496 A706.34775
G1 X45.148 Y15.097 A706.36216
G1 X45.594 Y15.116 A706.37356
G1 X45.099 Y15.611 A706.39143
G1 X45.448 Y15.726 A706.40081
G1 X45.973 Y15.201 A706.41977
G1 X46.323 Y15.316 A706.42918
G1 X45.798 Y15.841 A706.44814
G1 X46.147 Y15.956 A706.45752
G1 X46.673 Y15.43 A706.47651
G1 X47.023 Y15.545 A706.48592
G1 X46.497 Y16.071 A706.50491
G1 X46.847 Y16.186 A706.51432
G1 X47.373 Y15.66 A706.53331
G1 X47.723 Y15.774 A706.54271
G1 X47.196 Y16.301 A706.56174
G1 X47.546 Y16.416 A706.57115
G1 X48.073 Y15.889 A706.59018
G1 X48.423 Y16.003 A706.59958
G1 X47.895 Y16.531 A706.61865
G1 X48.245 Y16.646 A706.62806
G1 X48.773 Y16.118 A706.64713
G1 X49.123 Y16.233 A706.65654
G1 X48.595 Y16.761 A706.67561
G1 X48.944 Y16.876 A706.68499
G1 X49.473 Y16.347 A706.70409
G1 X49.823 Y16.462 A706.7135
G1 X49.294 Y16.991 A706.7326
G1 X49.643 Y17.106 A706.74198
G1 X50.173 Y16.577 A706.7611
G1 X50.523 Y16.691 A706.7705
G1 X49.994 Y17.221 A706.78962
G1 X50.344 Y17.335 A706.79902
G1 X50.873 Y16.806 A706.81812
G1 X51.223 Y16.92 A706.82752
G1 X50.694 Y17.449 A706.84662
G1 X51.045 Y17.563 A706.85604
G1 X51.573 Y17.035 A706.87511
G1 X51.921 Y17.152 A706.88448
G1 X51.395 Y17.678 A706.90347
G1 X51.745 Y17.792 A706.91287
G1 X52.264 Y17.273 A706.93161
G1 X52.608 Y17.394 A706.94092
G1 X52.096 Y17.906 A706.95941
G1 X52.446 Y18.021 A706.96882
G1 X52.951 Y17.516 A706.98706
G1 X53.294 Y17.637 A706.99635
G1 X52.795 Y18.136 A707.01437
G1 X53.145 Y18.251 A707.02378
G1 X53.637 Y17.759 A707.04155
G1 X53.982 Y17.879 A707.05088
G1 X53.494 Y18.366 A707.06848
G1 X53.844 Y18.481 A707.07789
G1 X54.328 Y17.997 A707.09537
G1 X54.675 Y18.115 A707.10473
G1 X54.194 Y18.596 A707.1221
G1 X54.543 Y18.711 A707.13148
G1 X55.021 Y18.233 A707.14874
G1 X55.368 Y18.351 A707.1581
G1 X54.893 Y18.826 A707.17525
G1 X55.242 Y18.941 A707.18463
G1 X55.714 Y18.47 A707.20166
G1 X56.061 Y18.588 A707.21102
G1 X55.592 Y19.056 A707.22794
G1 X55.941 Y19.171 A707.23732
G1 X56.407 Y18.706 A707.25413
G1 X56.751 Y18.826 A707.26343
G1 X56.291 Y19.287 A707.28006
G1 X56.641 Y19.402 A707.28947
G1 X57.094 Y18.948 A707.30585
G1 X57.437 Y19.069 A707.31514
G1 X56.99 Y19.517 A707.3313
G1 X57.34 Y19.632 A707.34071
G1 X57.781 Y19.191 A707.35663
G1 X58.124 Y19.312 A707.36592
G1 X57.689 Y19.747 A707.38163
G1 X58.039 Y19.862 A707.39104
G1 X58.467 Y19.434 A707.4065
G1 X58.811 Y19.555 A707.41581
G1 X58.388 Y19.977 A707.43107
G1 X58.738 Y20.092 A707.44048
G1 X59.157 Y19.673 A707.45561
G1 X59.504 Y19.791 A707.46497
G1 X59.087 Y20.207 A707.48001
G1 X59.437 Y20.322 A707.48942
G1 X59.85 Y19.909 A707.50433
G1 X60.195 Y20.029 A707.51366
G1 X59.787 Y20.437 A707.52839
G1 X60.136 Y20.552 A707.53777
G1 X60.539 Y20.15 A707.5523
G1 X60.882 Y20.271 A707.56159
G1 X60.486 Y20.667 A707.57589
G1 X60.836 Y20.782 A707.5853
G1 X61.226 Y20.392 A707.59938
G1 X61.57 Y20.512 A707.60868
G1 X61.187 Y20.895 A707.62251
G1 X61.538 Y21.009 A707.63193
G1 X61.914 Y20.633 A707.64551
G1 X62.258 Y20.754 A707.65482
G1 X61.889 Y21.123 A707.66814
G1 X62.239 Y21.237 A707.67754
G1 X62.601 Y20.875 A707.69061
G1 X62.945 Y20.996 A707.69992
G1 X62.59 Y21.351 A707.71274
G1 X62.941 Y21.464 A707.72216
G1 X63.338 Y21.068 A707.73648
G1 X63.686 Y21.183 A707.74584
G1 X63.292 Y21.578 A707.76009
G1 X63.643 Y21.692 A707.76951
G1 X64.035 Y21.299 A707.78368
G1 X64.384 Y21.415 A707.79307
G1 X63.994 Y21.806 A707.80717
G1 X64.344 Y21.919 A707.81656
G1 X64.733 Y21.53 A707.83061
G1 X65.082 Y21.646 A707.84
G1 X64.695 Y22.033 A707.85397
G1 X65.046 Y22.147 A707.86339
G1 X65.431 Y21.762 A707.87729
G1 X65.78 Y21.877 A707.88667
G1 X65.397 Y22.261 A707.90052
G1 X65.748 Y22.375 A707.90994
G1 X66.129 Y21.993 A707.92372
G1 X66.478 Y22.109 A707.93311
G1 X66.099 Y22.488 A707.9468
G1 X66.45 Y22.602 A707.95622
G1 X66.827 Y22.224 A707.96985
G1 X67.176 Y22.34 A707.97924
G1 X66.8 Y22.716 A707.99282
G1 X67.151 Y22.83 A708.00224
G1 X67.525 Y22.456 A708.01575
G1 X67.874 Y22.571 A708.02513
G1 X67.502 Y22.943 A708.03856
G1 X67.853 Y23.057 A708.04798
G1 X68.223 Y22.687 A708.06134
G1 X68.572 Y22.803 A708.07073
G1 X68.204 Y23.171 A708.08402
G1 X68.555 Y23.285 A708.09344
G1 X69.038 Y22.801 A708.1109
G1 A707.8109 F2400
;WIPE_START
G1 F6240
G1 X68.555 Y23.285 A707.56106
G1 X68.204 Y23.171 A707.42622
G1 X68.572 Y22.803 A707.23606
G1 X68.223 Y22.687 A707.10168
G1 X67.853 Y23.057 A706.91049
G1 X67.502 Y22.943 A706.77565
G1 X67.821 Y22.624 A706.6109
;WIPE_END
G1 X7.672 Y5.064 F7800
G1 A708.1109 F2400
;TYPE:External perimeter
;WIDTH:0.617316
;HEIGHT:0.1
G1 F2880
G1 X10.623 Y6.015 A708.18771
;WIDTH:0.60982
G1 X68.271 Y24.766 A709.67057
G1 A709.37057 F2400
;WIPE_START
G1 F6240
G1 X65.148 Y23.75 A708.17057
;WIPE_END
G1 X-.234 Y3.215 F7800
G1 A709.67057 F2400
;TYPE:Perimeter
;WIDTH:0.449999
G1 F900
G1 X-.234 Y3.212 A709.67062
G1 X-.182 Y2.713 A709.67956
G1 X-.003 Y2.224 A709.68884
G1 X.321 Y1.741 A709.6992
G1 X.718 Y1.39 A709.70864
G1 X.879 Y1.279 A709.71212
G1 X1.353 Y1.086 A709.72124
G1 X1.852 Y.991 A709.73029
G1 X2.432 Y1.031 A709.74065
G1 X2.982 Y1.219 A709.75101
G1 X3.465 Y1.544 A709.76138
G1 X3.847 Y1.982 A709.77173
G1 X4.103 Y2.504 A709.78209
G1 X4.209 Y3.034 A709.79172
G1 X4.204 Y3.432 A709.79881
G1 X4.103 Y3.925 A709.80778
G1 X3.847 Y4.447 A709.81814
G1 X3.486 Y4.869 A709.82803
G1 X2.982 Y5.21 A709.83887
G1 X2.504 Y5.386 A709.84795
G1 X1.989 Y5.447 A709.85719
G1 X1.483 Y5.387 A709.86627
G1 X1.001 Y5.209 A709.87542
G1 X.732 Y5.048 A709.88101
G1 X.34 Y4.709 A709.89024
G1 X.031 Y4.28 A709.89966
G1 X-.173 Y3.758 A709.90965
G1 X-.227 Y3.275 A709.91831
G1 X.207 Y3.215 F7800
G1 F900
G1 X.199 Y3.089 A709.92056
G1 X.277 Y2.668 A709.92819
G1 X.476 Y2.243 A709.93655
G1 X.78 Y1.884 A709.94493
G1 X1.092 Y1.651 A709.95187
G1 X1.576 Y1.464 A709.96111
G1 X2.076 Y1.416 A709.97006
G1 X2.538 Y1.499 A709.97842
G1 X2.963 Y1.699 A709.98679
G1 X3.322 Y2.002 A709.99516
G1 X3.591 Y2.388 A710.00354
G1 X3.75 Y2.83 A710.01191
G1 X3.79 Y3.298 A710.02028
G1 X3.707 Y3.761 A710.02866
G1 X3.507 Y4.186 A710.03703
G1 X3.204 Y4.545 A710.0454
G1 X2.78 Y4.829 A710.05449
G1 X2.376 Y4.973 A710.06213
G1 X1.908 Y5.013 A710.0705
G1 X1.445 Y4.93 A710.07888
G1 X1.004 Y4.717 A710.08761
G1 X.635 Y4.393 A710.09636
G1 X.374 Y3.997 A710.10481
G1 X.231 Y3.578 A710.1127
G1 X.211 Y3.274 A710.11813
G1 X.63 Y3.215 F7800
;TYPE:External perimeter
G1 F900
G1 X.624 Y3.145 A710.11938
G1 X.672 Y2.832 A710.12502
G1 X.816 Y2.504 A710.1314
G1 X1.102 Y2.176 A710.13915
G1 X1.305 Y2.023 A710.14368
G1 X1.705 Y1.875 A710.15128
G1 X2.02 Y1.841 A710.15692
G1 X2.374 Y1.895 A710.1633
G1 X2.755 Y2.079 A710.17084
G1 X2.982 Y2.263 A710.17605
G1 X3.195 Y2.552 A710.18245
G1 X3.325 Y2.886 A710.18884
G1 X3.355 Y3.321 A710.19661
G1 X3.311 Y3.597 A710.20159
G1 X3.167 Y3.925 A710.20797
G1 X2.943 Y4.205 A710.21436
G1 X2.616 Y4.433 A710.22146
G1 X2.32 Y4.548 A710.22712
G1 X1.903 Y4.58 A710.23457
G1 X1.609 Y4.534 A710.23987
G1 X1.275 Y4.385 A710.24639
G1 X.975 Y4.132 A710.25338
G1 X.77 Y3.833 A710.25984
G1 X.649 Y3.458 A710.26686
G1 X.634 Y3.274 A710.27015
G1 A709.97015 F2400
;WIPE_START
G1 F6240
G1 X.63 Y3.215 A709.94854
G1 X.624 Y3.145 A709.92287
G1 X.672 Y2.832 A709.80717
G1 X.816 Y2.504 A709.67628
G1 X1.102 Y2.176 A709.51727
G1 X1.305 Y2.023 A709.42439
G1 X1.705 Y1.875 A709.26855
G1 X2.02 Y1.841 A709.15279
G1 X2.374 Y1.895 A709.02195
G1 X2.755 Y2.079 A708.86735
G1 X2.962 Y2.247 A708.77015
;WIPE_END
G1 X-1.502 Y-1.6 F7800
G1 A710.27015 F2400
;WIDTH:0.61959
G1 F2880
G1 X-3.345 Y-4.124 A710.34787
;WIDTH:0.609826
G1 X-38.961 Y-53.179 A711.83074
G1 A711.53074 F2400
;WIPE_START
G1 F6240
G1 X-37.031 Y-50.521 A710.33074
;WIPE_END
G1 X5.491 Y-1.597 F7800
G1 A711.83074 F2400
;WIDTH:0.61959
G1 F2880
G1 X5.506 Y-1.617 A711.83136
;WIDTH:0.617316
G1 X7.322 Y-4.129 A711.90815
;WIDTH:0.609818
G1 X42.97 Y-53.161 A713.39101
G1 A713.09101 F2400
;WIPE_START
G1 F6240
G1 X41.039 Y-50.505 A711.89101
;WIPE_END
G1 X1.989 Y9.188 F7800
G1 A713.39101 F2400
;WIDTH:0.617318
G1 F2880
G1 X1.996 Y12.289 A713.46783
;WIDTH:0.60982
G1 X1.976 Y72.909 A714.95067
G1 A714.65067 F2400
;WIPE_START
G1 F6240
G1 X1.977 Y69.625 A713.45067
;WIPE_END
G1 X-3.691 Y5.058 F7800
G1 A714.95067 F2400
;WIDTH:0.617316
G1 F2880
G1 X-6.637 Y6.022 A715.02746
;WIDTH:0.609816
G1 X-64.297 Y24.736 A716.51031
G1 A716.21031 F2400
;WIPE_START
G1 F6240
G1 X-61.173 Y23.722 A715.01031
;WIPE_END
G1 X4.883 Y-.782 F7800
G1 A716.51031 F2400
;TYPE:Perimeter
;WIDTH:0.449999
G1 F900
G1 X5.414 Y-.308 A716.52299
G1 X5.761 Y.064 A716.53205
G1 X6.174 Y.633 A716.54458
G1 X6.5 Y1.28 A716.55749
G1 X6.685 Y1.82 A716.56766
G1 X6.831 Y2.394 A716.57821
G1 X6.907 Y3.147 A716.59169
G1 X6.882 Y3.671 A716.60104
G1 X6.805 Y4.211 A716.61076
G1 X6.698 Y4.748 A716.62052
G1 X6.606 Y4.905 A716.62376
G1 X6.311 Y5.555 A716.63648
G1 X5.914 Y6.175 A716.6496
G1 X5.394 Y6.761 A716.66356
G1 X4.742 Y7.287 A716.67849
G1 X4.032 Y7.686 A716.693
G1 X3.539 Y7.875 A716.70241
G1 X3.053 Y8.014 A716.71142
G1 X1.987 Y8.164 A716.7306
G1 X1.457 Y8.101 A716.74011
G1 X.892 Y8.003 A716.75033
G1 X-.039 Y7.689 A716.76784
G1 X-.76 Y7.286 A716.78256
G1 X-1.408 Y6.762 A716.79741
G1 X-1.77 Y6.35 A716.80718
G1 X-2.161 Y5.829 A716.81879
G1 X-2.442 Y5.328 A716.82902
G1 X-2.649 Y4.846 A716.83837
G1 X-2.78 Y4.364 A716.84727
G1 X-2.889 Y3.805 A716.85742
G1 X-2.918 Y3.009 A716.87161
G1 X-2.812 Y2.179 A716.88652
G1 X-2.566 Y1.374 A716.90152
G1 X-2.315 Y.857 A716.91176
G1 X-2.044 Y.427 A716.92082
G1 X-1.717 Y-.008 A716.93052
G1 X-1.33 Y-.405 A716.9404
G1 X-.938 Y-.757 A716.94979
G1 X-.198 Y-1.18 A716.96498
G1 X.454 Y-1.451 A716.97756
G1 X1.157 Y-1.629 A716.99048
G1 X1.992 Y-1.7 A717.00541
G1 X2.721 Y-1.637 A717.01845
G1 X3.19 Y-1.539 A717.02699
G1 X3.708 Y-1.382 A717.03663
G1 X4.387 Y-1.076 A717.0499
G1 X4.834 Y-.816 A717.05911
G1 X5.254 Y-1.043 F7800
G1 F900
G1 X5.322 Y-.962 A717.06099
G1 X5.713 Y-.615 A717.0703
G1 X6.093 Y-.209 A717.08021
G1 X6.541 Y.41 A717.09382
G1 X6.883 Y1.087 A717.10733
G1 X7.095 Y1.694 A717.11879
G1 X7.254 Y2.328 A717.13044
G1 X7.33 Y3.048 A717.14334
G1 X7.314 Y3.612 A717.15339
G1 X7.245 Y4.171 A717.16343
G1 X7.134 Y4.659 A717.17235
G1 X7.144 Y4.893 A717.17652
G1 X6.996 Y5.082 A717.1808
G1 X6.689 Y5.76 A717.19406
G1 X6.256 Y6.435 A717.20835
G1 X5.691 Y7.072 A717.22352
G1 X5.099 Y7.55 A717.23708
G1 X4.613 Y7.851 A717.24727
G1 X4.094 Y8.121 A717.25769
G1 X3.385 Y8.368 A717.27107
G1 X2.891 Y8.475 A717.28008
G1 X2.252 Y8.547 A717.29154
G1 X2 Y8.614 A717.29619
G1 X1.845 Y8.566 A717.29908
G1 X1.406 Y8.527 A717.30693
G1 X.787 Y8.42 A717.31812
G1 X-.213 Y8.082 A717.33693
G1 X-1.001 Y7.642 A717.35301
G1 X-1.706 Y7.073 A717.36915
G1 X-2.092 Y6.633 A717.37958
G1 X-2.415 Y6.225 A717.38885
G1 X-2.739 Y5.689 A717.40001
G1 X-3.001 Y5.107 A717.41138
G1 X-3.141 Y4.891 A717.41597
G1 X-3.143 Y4.728 A717.41887
G1 X-3.316 Y3.845 A717.4349
G1 X-3.348 Y2.989 A717.45016
G1 X-3.232 Y2.089 A717.46633
G1 X-2.966 Y1.217 A717.48257
G1 X-2.649 Y.564 A717.4955
G1 X-2.288 Y.018 A717.50716
G1 X-1.922 Y-.42 A717.51733
G1 X-1.414 Y-.898 A717.52976
G1 X-1.189 Y-1.148 A717.53575
G1 X-.958 Y-1.239 A717.54017
G1 X-.388 Y-1.565 A717.55187
G1 X.318 Y-1.859 A717.5655
G1 X1.086 Y-2.053 A717.57961
G1 X1.992 Y-2.13 A717.59581
G1 X2.76 Y-2.064 A717.60954
G1 X3.293 Y-1.955 A717.61923
G1 X3.828 Y-1.796 A717.62917
G1 X4.303 Y-1.599 A717.63833
G1 X4.837 Y-1.303 A717.64921
G1 X5.158 Y-1.158 A717.65549
G1 X5.216 Y-1.089 A717.6571
G1 X5.605 Y-1.284 F7800
;TYPE:External perimeter
;WIDTH:0.492397
G1 F900
G1 X5.606 Y-1.283 A717.65713
;WIDTH:0.449999
G1 X6.013 Y-.922 A717.66682
G1 X6.424 Y-.482 A717.67755
G1 X6.908 Y.186 A717.69225
G1 X7.349 Y1.062 A717.70972
G1 X7.637 Y2.001 A717.72722
G1 X7.733 Y2.622 A717.73842
G1 X7.765 Y3.141 A717.74768
G1 X7.739 Y3.711 A717.75785
G1 X7.669 Y4.238 A717.76732
G1 X7.553 Y4.749 A717.77666
;WIDTH:0.491828
G1 X7.583 Y4.827 A717.77829
;WIDTH:0.533658
G1 X7.613 Y4.906 A717.78009
;WIDTH:0.575487
G1 X7.643 Y4.985 A717.78204
;WIDTH:0.617316
G1 X7.672 Y5.064 A717.78412
G1 X7.611 Y5.097 A717.78584
;WIDTH:0.575487
G1 X7.55 Y5.131 A717.78745
;WIDTH:0.533658
G1 X7.489 Y5.164 A717.78893
;WIDTH:0.491828
G1 X7.428 Y5.198 A717.7903
;WIDTH:0.449999
G1 X7.066 Y5.965 A717.80541
G1 X6.599 Y6.694 A717.82083
G1 X5.987 Y7.383 A717.83725
G1 X5.225 Y7.999 A717.85471
G1 X4.537 Y8.385 A717.86877
G1 X4.003 Y8.615 A717.87913
G1 X3.497 Y8.782 A717.88862
G1 X2.959 Y8.898 A717.89843
G1 X2.251 Y8.978 A717.91112
;WIDTH:0.491829
G1 X2.185 Y9.03 A717.91276
;WIDTH:0.533659
G1 X2.12 Y9.083 A717.91455
;WIDTH:0.575488
G1 X2.054 Y9.136 A717.9165
;WIDTH:0.617318
G1 X1.989 Y9.188 A717.91856
G1 X1.938 Y9.141 A717.92028
;WIDTH:0.575488
G1 X1.887 Y9.093 A717.92189
;WIDTH:0.533659
G1 X1.836 Y9.045 A717.92338
;WIDTH:0.491829
G1 X1.786 Y8.998 A717.92472
;WIDTH:0.449999
G1 X1.355 Y8.953 A717.93244
G1 X.681 Y8.836 A717.94463
G1 X-.388 Y8.475 A717.96473
G1 X-1.242 Y7.998 A717.98216
G1 X-2.004 Y7.383 A717.99961
G1 X-2.66 Y6.636 A718.01732
G1 X-2.968 Y6.159 A718.02744
G1 X-3.206 Y5.717 A718.03638
G1 X-3.409 Y5.242 A718.04558
;WIDTH:0.491828
G1 X-3.48 Y5.196 A718.04723
;WIDTH:0.533658
G1 X-3.55 Y5.15 A718.04901
;WIDTH:0.575487
G1 X-3.621 Y5.104 A718.05096
;WIDTH:0.617316
G1 X-3.691 Y5.058 A718.05304
G1 X-3.661 Y4.995 A718.05477
;WIDTH:0.575487
G1 X-3.632 Y4.932 A718.05637
;WIDTH:0.533658
G1 X-3.602 Y4.869 A718.05786
;WIDTH:0.491828
G1 X-3.572 Y4.806 A718.05922
;WIDTH:0.449999
G1 X-3.743 Y3.886 A718.07589
G1 X-3.777 Y2.97 A718.09222
G1 X-3.653 Y1.998 A718.10968
G1 X-3.366 Y1.06 A718.12716
G1 X-3.086 Y.483 A718.13859
G1 X-2.759 Y-.046 A718.14967
G1 X-2.423 Y-.497 A718.15969
G1 X-2.08 Y-.867 A718.16868
G1 X-1.612 Y-1.289 A718.17991
;WIDTH:0.492397
G1 X-1.585 Y-1.367 A718.18153
;WIDTH:0.534795
G1 X-1.557 Y-1.445 A718.1833
;WIDTH:0.577192
G1 X-1.53 Y-1.523 A718.18521
;WIDTH:0.61959
G1 X-1.502 Y-1.6 A718.18725
G1 X-1.42 Y-1.602 A718.18929
;WIDTH:0.577192
G1 X-1.338 Y-1.605 A718.19119
;WIDTH:0.534795
G1 X-1.255 Y-1.607 A718.19296
;WIDTH:0.492397
G1 X-1.173 Y-1.609 A718.19457
;WIDTH:0.449999
G1 X-.577 Y-1.951 A718.20681
G1 X.183 Y-2.266 A718.22147
G1 X1.015 Y-2.477 A718.23676
G1 X1.992 Y-2.56 A718.25423
G1 X2.796 Y-2.491 A718.26861
G1 X3.396 Y-2.371 A718.27951
G1 X4.023 Y-2.18 A718.29119
G1 X4.665 Y-1.896 A718.3037
G1 X5.157 Y-1.608 A718.31386
;WIDTH:0.492397
G1 X5.24 Y-1.605 A718.31549
;WIDTH:0.534795
G1 X5.324 Y-1.602 A718.31728
;WIDTH:0.577192
G1 X5.407 Y-1.599 A718.3192
;WIDTH:0.61959
G1 X5.491 Y-1.597 A718.32129
G1 X5.52 Y-1.518 A718.32338
;WIDTH:0.577192
G1 X5.548 Y-1.44 A718.32529
;WIDTH:0.534795
G1 X5.577 Y-1.361 A718.32709
;WIDTH:0.492397
G1 X5.584 Y-1.341 A718.3275
G1 A718.0275 F2400
;WIPE_START
G1 F6240
G1 X5.605 Y-1.284 A718.0053
G1 X5.606 Y-1.283 A718.00478
G1 X6.013 Y-.922 A717.806
G1 X6.424 Y-.482 A717.586
G1 X6.908 Y.186 A717.28459
G1 X7.349 Y1.062 A716.92624
G1 X7.428 Y1.32 A716.8275
;WIPE_END
G1 X-1.54 Y1.024 F7800
G1 A718.3275 F2400
;TYPE:Solid infill
;WIDTH:0.449999
G1 F3600
G1 X-1.323 Y.699 A718.33446
G1 X-.945 Y.27 A718.34465
G1 X-.52 Y-.127 A718.35501
G1 X-.217 Y-.311 A718.36133
G1 X.319 Y-.583 A718.37204
G1 X.891 Y-.788 A718.38287
G1 X1.929 Y.25 A718.40902
G1 X1.226 Y.341 A718.42165
G1 X.717 Y.526 A718.4313
G1 X.262 Y.797 A718.44074
G1 X-.165 Y1.161 A718.45074
G1 X-.501 Y1.586 A718.46039
G1 X-.665 Y1.899 A718.46669
G1 X-1.389 Y1.175 A718.48493
G1 X-1.005 Y.986 A718.49256
;WIDTH:0.404064
G1 X-.913 Y.836 A718.49536
G1 X-.568 Y.463 A718.50344
;WIDTH:0.409602
G1 X-.185 Y.138 A718.51155
G1 X.305 Y-.141 A718.52065
;WIDTH:0.400664
G1 X.773 Y-.334 A718.52863
G1 X1.074 Y-.033 A718.53534
G1 X.44 Y.214 A718.54607
;WIDTH:0.412332
G1 X.005 Y.478 A718.55434
G1 X-.398 Y.82 A718.56293
;WIDTH:0.404064
G1 X-.747 Y1.243 A718.57165
G1 X-.854 Y1.137 A718.57405
G1 A718.27405 F2400
;WIPE_START
G1 F6240
G1 X-.747 Y1.243 A718.21902
G1 X-.398 Y.82 A718.01865
G1 X.005 Y.478 A717.82552
G1 X.44 Y.214 A717.6396
G1 X1.074 Y-.033 A717.39099
G1 X.773 Y-.334 A717.23545
G1 X.365 Y-.166 A717.07405
;WIPE_END
G1 X-1.824 Y6.005 F7800
G1 A718.57405 F2400
;WIDTH:0.36146
G1 F3600
G1 X-1.259 Y6.607 A718.58572
G1 X-.665 Y7.142 A718.59702
;WIDTH:0.449999
G1 X.133 Y7.43 A718.61214
;WIDTH:0.36146
G1 X.114 Y7.502 A718.61319
G1 X.185 Y7.483 A718.61423
G1 X.174 Y7.441 A718.61484
;WIDTH:0.40573
G1 X.007 Y7.347 A718.6179
;WIDTH:0.449999
G1 X-.159 Y7.253 A718.6213
G1 X-2.079 Y5.334 A718.66966
G1 X-2.456 Y4.35 F7800
G1 F3600
G1 X.84 Y7.646 A718.75271
G1 X.924 Y7.751 A718.75511
;WIDTH:0.40573
G1 X1.009 Y7.857 A718.75728
;WIDTH:0.36146
G1 X1.495 Y7.946 A718.76426
;WIDTH:0.449999
G1 X1.591 Y7.791 A718.76751
G1 X-2.574 Y3.627 A718.87244
G1 X-2.593 Y3.001 A718.8836
G1 X2.215 Y7.809 A719.00474
G1 X3.042 Y7.787 A719.01948
;WIDTH:0.36146
G1 X3.023 Y7.858 A719.02052
G1 X3.094 Y7.839 A719.02156
G1 X3.083 Y7.798 A719.02216
;WIDTH:0.40573
G1 X2.916 Y7.768 A719.02487
;WIDTH:0.449999
G1 X2.75 Y7.738 A719.02788
G1 X-2.524 Y2.464 A719.16077
G1 X-2.412 Y1.97 A719.16979
G1 X-.448 Y3.934 A719.21928
G1 X-.351 Y4.086 A719.22249
;WIDTH:0.40573
G1 X-.253 Y4.237 A719.22537
;WIDTH:0.36146
G1 X.313 Y4.916 A719.23787
G1 X.777 Y5.325 A719.24661
G1 X.972 Y5.453 A719.24991
;WIDTH:0.449999
G1 X1.275 Y5.657 A719.25642
G1 X3.247 Y7.629 A719.30611
G1 X3.695 Y7.471 A719.31457
G1 X1.992 Y5.768 A719.35748
G1 X2.553 Y5.7 A719.36755
G1 X3.276 Y5.419 A719.38137
G1 X3.749 Y5.064 A719.39191
G1 X4.046 Y4.711 A719.40013
G1 X4.288 Y4.317 A719.40837
G1 X4.467 Y3.833 A719.41756
G1 X4.542 Y3.156 A719.4297
G1 X4.434 Y2.48 A719.4419
G1 X4.14 Y1.852 A719.45425
G1 X6.409 Y4.125 A719.51147
G1 X6.48 Y4.125 A719.51273
G1 X6.38 Y4.647 A719.5222
G1 X6.028 Y5.401 A719.53703
G1 X5.656 Y5.981 A719.54931
G1 X5.171 Y6.527 A719.56232
G1 X4.561 Y7.02 A719.57629
G1 X4.106 Y7.276 A719.58559
G1 X2.701 Y5.855 A719.62119
G1 X3.309 Y5.873 A719.63203
G1 X3.534 Y5.761 A719.63651
G1 X4.101 Y5.319 A719.64932
G1 X4.426 Y4.924 A719.65843
G1 X4.688 Y4.471 A719.66775
G1 X4.892 Y3.885 A719.67881
G1 X4.966 Y3.287 A719.68955
G1 X6.005 Y4.327 A719.71574
G1 X5.97 Y4.514 A719.71913
G1 X5.652 Y5.193 A719.73249
G1 X5.339 Y5.682 A719.74283
G1 X5.01 Y6.063 A719.7518
G1 X4.611 Y6.429 A719.76145
G1 X4.179 Y6.743 A719.77097
G1 X3.461 Y6.025 A719.78906
G1 X3.954 Y5.949 A719.79795
;WIDTH:0.397694
G1 X4.427 Y5.554 A719.80759
;WIDTH:0.394621
G1 X4.807 Y5.079 A719.81703
;WIDTH:0.397692
G1 X5.064 Y4.615 A719.82533
;WIDTH:0.405156
G1 X5.244 Y4.14 A719.83343
G1 X5.552 Y4.448 A719.84038
G1 X5.327 Y4.937 A719.84897
;WIDTH:0.398434
G1 X5.041 Y5.4 A719.8575
;WIDTH:0.398202
G1 X4.679 Y5.833 A719.86634
;WIDTH:0.397694
G1 X4.227 Y6.222 A719.87567
G1 X4.105 Y6.1 A719.87837
G1 A719.57837 F2400
;WIPE_START
G1 F6240
G1 X4.227 Y6.222 A719.51533
G1 X4.679 Y5.833 A719.29744
G1 X5.041 Y5.4 A719.09122
G1 X5.327 Y4.937 A718.89237
G1 X5.552 Y4.448 A718.69569
G1 X5.244 Y4.14 A718.53654
G1 X5.09 Y4.545 A718.37837
;WIPE_END
G1 X-.556 Y3.22 F7800
G1 A719.87837 F2400
;WIDTH:0.449999
G1 F3600
G1 X-2.27 Y1.506 A719.92156
G1 A719.62156 F2400
;WIPE_START
G1 F6240
G1 X-.556 Y3.22 A718.73588
;WIPE_END
G1 A718.42156 F2400
G1 X3.102 Y.832 F7800
G1 A719.92156 F2400
;WIDTH:0.454916
G1 F3600
G1 X2.926 Y.642 A719.92623
;WIDTH:0.449999
G1 X1.096 Y-1.188 A719.97234
G1 X1.096 Y-1.282 A719.97401
G1 X.555 Y-1.145 A719.98395
G1 X-.057 Y-.891 A719.99576
G1 X-.719 Y-.523 A720.00925
G1 X-1.155 Y-.126 A720.01976
G1 X-1.563 Y.313 A720.03044
G1 X-1.987 Y.923 A720.04368
G1 X-2.074 Y1.096 A720.04713
G1 X-.5 Y2.671 A720.0868
G1 X-.411 Y2.368 A720.09243
G1 X-.191 Y1.895 A720.10172
G1 X.136 Y1.472 A720.11125
G1 X.53 Y1.131 A720.12053
G1 X.891 Y.918 A720.128
G1 X1.372 Y.744 A720.13711
G1 X2.072 Y.667 A720.14966
G1 X2.769 Y.788 A720.16226
;WIDTH:0.457803
G1 X3.248 Y.989 A720.17168
;WIDTH:0.458978
G1 X3.513 Y1.207 A720.17792
;WIDTH:0.418965
G1 X3.735 Y1.4 A720.18278
;WIDTH:0.405185
G1 X3.921 Y1.605 A720.1872
;WIDTH:0.431418
G1 X4.108 Y1.811 A720.19194
;WIDTH:0.43341
G1 X4.118 Y1.822 A720.19219
G1 A719.89219 F2400
;WIPE_START
G1 F6240
G1 X4.108 Y1.811 A719.88676
G1 X3.921 Y1.605 A719.7851
G1 X3.735 Y1.4 A719.68396
G1 X3.513 Y1.207 A719.57648
G1 X3.248 Y.989 A719.4511
G1 X2.769 Y.788 A719.2613
G1 X2.072 Y.667 A719.00282
G1 X1.372 Y.744 A718.74551
G1 X1.235 Y.794 A718.69219
;WIPE_END
G1 X6.561 Y3.67 F7800
G1 A720.19219 F2400
;WIDTH:0.449999
G1 F3600
G1 X1.551 Y-1.339 A720.31841
G1 X2.131 Y-1.365 A720.32875
G1 X6.581 Y3.085 A720.44087
G1 X6.507 Y2.405 A720.45306
G1 X2.797 Y-1.305 A720.54654
G1 A720.24654 F2400
;WIPE_START
G1 F6240
G1 X5.119 Y1.017 A719.04654
;WIPE_END
G1 X5.377 Y.12 F7800
G1 A720.54654 F2400
;WIDTH:0.430556
G1 F3600
G1 X4.742 Y-.509 A720.56174
;WIDTH:0.420005
G1 X3.926 Y-.966 A720.57724
G1 X3.586 Y-1.101 A720.5833
G1 X4.466 Y-.221 A720.60392
;WIDTH:0.433083
G1 X5.279 Y.603 A720.62373
;WIDTH:0.404035
G1 X5.654 Y.999 A720.6324
;WIDTH:0.374987
G1 X6.35 Y1.695 A720.64687
G1 X6.285 Y1.484 A720.65012
G1 X5.93 Y.781 A720.6617
;WIDTH:0.400134
G1 X5.73 Y.526 A720.6668
;WIDTH:0.42528
G1 X5.53 Y.271 A720.67224
M106 P209.1
;LAYER_CHANGE
;Z:2.3
;HEIGHT:0.0999999
G1 A720.37224 F2400
;WIPE_START
G1 F6240
G1 X5.73 Y.526 A720.25383
G1 X5.93 Y.781 A720.13542
G1 X6.285 Y1.484 A719.84766
G1 X6.35 Y1.695 A719.76699
G1 X5.654 Y.999 A719.40734
G1 X5.279 Y.603 A719.20807
G1 X5.21 Y.533 A719.17224
;WIPE_END
G1 Z2.3 F7800
G1 X-.234 Y3.215
G1 A720.67224 F2400
;TYPE:Perimeter
;WIDTH:0.449999
G1 F900
G1 X-.239 Y3.166 A720.67312
G1 X-.154 Y2.6 A720.68332
G1 X.058 Y2.099 A720.69301
G1 X.424 Y1.625 A720.70368
G1 X.843 Y1.301 A720.71312
G1 X1.307 Y1.101 A720.72212
G1 X1.852 Y.991 A720.73203
G1 X2.432 Y1.031 A720.74239
G1 X2.949 Y1.206 A720.75211
G1 X3.244 Y1.375 A720.75817
G1 X3.666 Y1.747 A720.76819
G1 X3.987 Y2.224 A720.77843
G1 X4.168 Y2.728 A720.78797
G1 X4.223 Y3.265 A720.79759
G1 X4.145 Y3.802 A720.80726
G1 X3.913 Y4.35 A720.81786
G1 X3.59 Y4.765 A720.82723
G1 X3.201 Y5.087 A720.83623
G1 X2.702 Y5.326 A720.84609
G1 X2.132 Y5.437 A720.85644
G1 X1.551 Y5.398 A720.86681
G1 X1.042 Y5.226 A720.87638
G1 X.739 Y5.054 A720.88259
G1 X.347 Y4.718 A720.89179
G1 X.024 Y4.265 A720.9017
G1 X-.173 Y3.758 A720.91139
G1 X-.227 Y3.275 A720.92005
G1 X.2 Y3.215 F7800
G1 F900
G1 X.194 Y3.131 A720.92155
G1 X.277 Y2.668 A720.92993
G1 X.476 Y2.243 A720.93829
G1 X.723 Y1.933 A720.94535
G1 X1.139 Y1.627 A720.95455
G1 X1.631 Y1.453 A720.96385
G1 X2.076 Y1.416 A720.97181
G1 X2.538 Y1.499 A720.98017
G1 X2.975 Y1.709 A720.98881
G1 X3.341 Y2.026 A720.99744
G1 X3.591 Y2.388 A721.00528
G1 X3.75 Y2.83 A721.01365
G1 X3.79 Y3.298 A721.02202
G1 X3.707 Y3.761 A721.0304
G1 X3.498 Y4.198 A721.03903
G1 X3.18 Y4.564 A721.04767
G1 X2.779 Y4.83 A721.05624
G1 X2.376 Y4.973 A721.06386
G1 X1.884 Y5.009 A721.07265
G1 X1.445 Y4.93 A721.0806
G1 X1.008 Y4.72 A721.08924
G1 X.643 Y4.403 A721.09785
G1 X.392 Y4.041 A721.1057
G1 X.227 Y3.555 A721.11484
G1 X.205 Y3.274 A721.11986
G1 X.621 Y3.215 F7800
;TYPE:External perimeter
G1 F900
G1 X.618 Y3.186 A721.12038
G1 X.672 Y2.832 A721.12676
G1 X.816 Y2.504 A721.13314
G1 X1.022 Y2.24 A721.13911
G1 X1.334 Y2.009 A721.14603
G1 X1.693 Y1.877 A721.15284
G1 X2.02 Y1.841 A721.1587
G1 X2.374 Y1.895 A721.16508
G1 X2.707 Y2.042 A721.17157
G1 X3.001 Y2.287 A721.17839
G1 X3.195 Y2.552 A721.18424
G1 X3.325 Y2.886 A721.19063
G1 X3.358 Y3.295 A721.19794
G1 X3.311 Y3.597 A721.20339
G1 X3.108 Y3.999 A721.21141
G1 X2.919 Y4.224 A721.21665
G1 X2.615 Y4.434 A721.22323
G1 X2.32 Y4.548 A721.22886
G1 X1.94 Y4.585 A721.23566
G1 X1.609 Y4.534 A721.24163
G1 X1.277 Y4.387 A721.2481
G1 X.982 Y4.142 A721.25493
G1 X.788 Y3.877 A721.26078
G1 X.652 Y3.5 A721.26792
G1 X.628 Y3.274 A721.27197
G1 A720.97197 F2400
;WIPE_START
G1 F6240
G1 X.621 Y3.215 A720.95026
G1 X.618 Y3.186 A720.93961
G1 X.672 Y2.832 A720.80877
G1 X.816 Y2.504 A720.67788
G1 X1.022 Y2.24 A720.55553
G1 X1.334 Y2.009 A720.41368
G1 X1.693 Y1.877 A720.27392
G1 X2.02 Y1.841 A720.15372
G1 X2.374 Y1.895 A720.02288
G1 X2.707 Y2.042 A719.88988
G1 X2.955 Y2.249 A719.77197
;WIPE_END
G1 X8.184 Y5.037 F7800
G1 A721.27197 F2400
;WIDTH:0.665746
G1 F2880
G1 X10.681 Y5.827 A721.34212
;WIDTH:0.645804
G1 X68.308 Y24.595 A722.91529
G1 A722.61529 F2400
;WIPE_START
G1 F6240
G1 X65.185 Y23.578 A721.41529
;WIPE_END
G1 X5.639 Y-2.111 F7800
G1 A722.91529 F2400
;WIDTH:0.66575
G1 F2880
G1 X7.163 Y-4.245 A722.98553
;WIDTH:0.645804
G1 X42.818 Y-53.249 A724.5586
G1 A724.2586 F2400
;WIPE_START
G1 F6240
G1 X40.886 Y-50.593 A723.0586
;WIPE_END
G1 X-1.946 Y-1.9 F7800
G1 A724.5586 F2400
;WIDTH:0.665752
G1 F2880
G1 X-3.503 Y-4.007 A724.62878
;WIDTH:0.645806
G1 X-39.092 Y-53.062 A726.20192
G1 A725.90192 F2400
;WIPE_START
G1 F6240
G1 X-37.163 Y-50.404 A724.70192
;WIPE_END
G1 X-4.089 Y5.379 F7800
G1 A726.20192 F2400
;WIDTH:0.66575
G1 F2880
G1 X-6.574 Y6.208 A726.27209
;WIDTH:0.6458
G1 X-64.226 Y24.897 A727.84523
G1 A727.54523 F2400
;WIPE_START
G1 F6240
G1 X-61.102 Y23.884 A726.34523
;WIPE_END
G1 X2.171 Y9.667 F7800
G1 A727.84523 F2400
;WIDTH:0.665752
G1 F2880
G1 X2.192 Y12.286 A727.91539
;WIDTH:0.645804
G1 X2.151 Y72.892 A729.48855
G1 A729.18855 F2400
;WIPE_START
G1 F6240
G1 X2.153 Y69.608 A727.98855
;WIPE_END
G1 X4.548 Y-.991 F7800
G1 A729.48855 F2400
;TYPE:Perimeter
;WIDTH:0.449999
G1 F900
G1 X4.743 Y-.892 A729.49245
G1 X5.314 Y-.391 A729.50598
G1 X5.75 Y.05 A729.51703
G1 X6.174 Y.634 A729.52989
G1 X6.415 Y1.111 A729.53941
G1 X6.618 Y1.6 A729.54884
G1 X6.815 Y2.288 A729.56159
G1 X6.886 Y2.817 A729.5711
G1 X6.896 Y3.391 A729.58133
G1 X6.753 Y4.612 A729.60323
G1 X6.648 Y4.799 A729.60705
G1 X6.44 Y5.303 A729.61676
G1 X5.909 Y6.18 A729.63503
G1 X5.393 Y6.761 A729.64887
G1 X4.881 Y7.175 A729.6606
G1 X4.404 Y7.477 A729.67066
G1 X3.942 Y7.721 A729.67997
G1 X3.421 Y7.914 A729.68987
G1 X2.8 Y8.051 A729.7012
G1 X2.179 Y8.154 A729.71242
G1 X1.483 Y8.103 A729.72485
G1 X.698 Y7.955 A729.73908
G1 X-.03 Y7.694 A729.75286
G1 X-.76 Y7.286 A729.76776
G1 X-1.319 Y6.835 A729.78056
G1 X-1.657 Y6.479 A729.78931
G1 X-2.055 Y5.994 A729.80049
G1 X-2.38 Y5.438 A729.81196
G1 X-2.649 Y4.919 A729.82238
G1 X-2.841 Y4.092 A729.83751
G1 X-2.899 Y3.591 A729.8465
G1 X-2.921 Y3.033 A729.85645
G1 X-2.812 Y2.179 A729.87179
G1 X-2.635 Y1.6 A729.88258
G1 X-2.447 Y1.128 A729.89163
G1 X-2.177 Y.62 A729.90188
G1 X-1.795 Y.093 A729.91348
G1 X-1.064 Y-.671 A729.93232
G1 X-.176 Y-1.184 A729.95059
G1 X.42 Y-1.442 A729.96216
G1 X1.158 Y-1.629 A729.97572
G1 X1.878 Y-1.69 A729.98859
G1 X2.419 Y-1.663 A729.99824
G1 X2.932 Y-1.603 A730.00744
G1 X3.659 Y-1.402 A730.02088
G1 X4.125 Y-1.206 A730.02989
G1 X4.495 Y-1.018 A730.03728
G1 X5.063 Y-1.282 F7800
G1 F900
G1 X5.062 Y-1.241 A730.03801
G1 X5.203 Y-1.061 A730.04208
G1 X5.688 Y-.632 A730.05362
G1 X6.081 Y-.223 A730.06373
G1 X6.541 Y.41 A730.07767
G1 X6.883 Y1.087 A730.09118
G1 X7.095 Y1.694 A730.10264
G1 X7.238 Y2.221 A730.11237
G1 X7.311 Y2.736 A730.12164
G1 X7.332 Y3.248 A730.13077
G1 X7.287 Y3.889 A730.14222
G1 X7.176 Y4.57 A730.15451
G1 X7.219 Y4.747 A730.15776
G1 X7.178 Y4.758 A730.15852
G1 X7.044 Y4.962 A730.16287
G1 X6.824 Y5.496 A730.17316
G1 X6.255 Y6.435 A730.19272
G1 X5.69 Y7.072 A730.20789
G1 X5.099 Y7.55 A730.22143
G1 X4.614 Y7.851 A730.2316
G1 X4.096 Y8.121 A730.24201
G1 X3.385 Y8.368 A730.25542
G1 X2.305 Y8.564 A730.27498
G1 X2.15 Y8.659 A730.27822
G1 X2.127 Y8.624 A730.27897
G1 X1.935 Y8.564 A730.28255
G1 X1.429 Y8.529 A730.29159
G1 X.585 Y8.37 A730.30689
G1 X-.208 Y8.085 A730.3219
G1 X-1.001 Y7.642 A730.33808
G1 X-1.706 Y7.073 A730.35422
G1 X-2.232 Y6.473 A730.36844
G1 X-2.518 Y6.067 A730.37729
G1 X-2.999 Y5.166 A730.39549
G1 X-3.138 Y5.047 A730.39875
G1 X-3.112 Y5.014 A730.3995
G1 X-3.122 Y4.776 A730.40374
G1 X-3.273 Y4.124 A730.41566
G1 X-3.327 Y3.611 A730.42485
G1 X-3.35 Y3.004 A730.43567
G1 X-3.232 Y2.089 A730.45211
G1 X-2.965 Y1.217 A730.46836
G1 X-2.696 Y.659 A730.4794
G1 X-2.383 Y.146 A730.49011
G1 X-1.989 Y-.352 A730.50142
G1 X-1.534 Y-.794 A730.51272
G1 X-1.332 Y-1.055 A730.5186
G1 X-1.156 Y-1.124 A730.52197
G1 X-.713 Y-1.391 A730.53119
G1 X-.208 Y-1.642 A730.54124
G1 X.293 Y-1.851 A730.55091
G1 X1.086 Y-2.053 A730.56549
G1 X1.992 Y-2.13 A730.58169
G1 X2.76 Y-2.064 A730.59542
G1 X3.29 Y-1.956 A730.60506
G1 X3.86 Y-1.784 A730.61567
G1 X4.326 Y-1.584 A730.6247
G1 X4.882 Y-1.298 A730.63584
G1 X5.003 Y-1.287 A730.638
G1 X5.457 Y-1.421 F7800
;TYPE:External perimeter
G1 F2880
G1 X5.489 Y-1.38 A730.63893
G1 X6.051 Y-.883 A730.6523
G1 X6.412 Y-.496 A730.66173
G1 X6.908 Y.186 A730.67675
G1 X7.349 Y1.062 A730.69422
G1 X7.505 Y1.569 A730.70367
G1 X7.678 Y2.258 A730.71633
G1 X7.742 Y2.764 A730.72542
G1 X7.752 Y3.431 A730.7373
G1 X7.71 Y3.963 A730.74681
G1 X7.61 Y4.625 A730.75874
G1 X7.668 Y4.663 A730.75998
;WIDTH:0.415853
G1 X7.726 Y4.702 A730.76113
;WIDTH:0.381707
G1 X7.784 Y4.74 A730.76217
;WIDTH:0.393015
G1 X7.841 Y4.783 A730.76327
;WIDTH:0.43847
G1 X7.899 Y4.825 A730.76451
;WIDTH:0.483926
G1 X7.956 Y4.868 A730.76588
;WIDTH:0.529381
G1 X8.013 Y4.91 A730.76738
;WIDTH:0.574836
G1 X8.07 Y4.953 A730.76902
;WIDTH:0.620291
G1 X8.127 Y4.995 A730.77078
;WIDTH:0.665746
G1 X8.184 Y5.037 A730.77268
G1 X8.044 Y5.041 A730.77643
;WIDTH:0.622597
G1 X7.904 Y5.045 A730.77993
;WIDTH:0.579447
G1 X7.764 Y5.049 A730.78318
;WIDTH:0.536298
G1 X7.625 Y5.053 A730.78616
;WIDTH:0.493149
G1 X7.485 Y5.057 A730.78891
;WIDTH:0.449999
G1 X7.44 Y5.125 A730.79036
G1 X7.208 Y5.69 A730.80124
G1 X6.601 Y6.691 A730.8221
G1 X5.987 Y7.383 A730.83858
G1 X5.225 Y7.999 A730.85604
G1 X4.537 Y8.386 A730.8701
G1 X4.007 Y8.615 A730.88039
G1 X3.497 Y8.782 A730.88995
G1 X2.386 Y8.993 A730.9101
G1 X2.368 Y9.061 A730.91135
;WIDTH:0.415854
G1 X2.349 Y9.128 A730.91249
;WIDTH:0.381708
G1 X2.331 Y9.195 A730.91353
;WIDTH:0.393018
G1 X2.308 Y9.262 A730.91462
;WIDTH:0.438474
G1 X2.285 Y9.33 A730.91586
;WIDTH:0.483929
G1 X2.262 Y9.397 A730.91722
;WIDTH:0.529385
G1 X2.24 Y9.465 A730.91873
;WIDTH:0.574841
G1 X2.217 Y9.532 A730.92036
;WIDTH:0.620296
G1 X2.194 Y9.6 A730.92215
;WIDTH:0.665752
G1 X2.171 Y9.667 A730.92405
G1 X2.124 Y9.535 A730.9278
;WIDTH:0.622602
G1 X2.077 Y9.403 A730.9313
;WIDTH:0.579451
G1 X2.03 Y9.272 A730.93453
;WIDTH:0.5363
G1 X1.984 Y9.14 A730.93752
;WIDTH:0.49315
G1 X1.937 Y9.008 A730.94027
;WIDTH:0.449999
G1 X1.375 Y8.955 A730.95033
G1 X.472 Y8.784 A730.9667
G1 X-.386 Y8.476 A730.98294
G1 X-1.242 Y7.998 A731.00041
G1 X-2.004 Y7.383 A731.01786
G1 X-2.406 Y6.925 A731.02872
G1 X-2.774 Y6.461 A731.03927
G1 X-3.081 Y5.957 A731.04978
G1 X-3.382 Y5.375 A731.06145
G1 X-3.452 Y5.379 A731.0627
;WIDTH:0.415853
G1 X-3.522 Y5.382 A731.06385
;WIDTH:0.381707
G1 X-3.592 Y5.385 A731.0649
;WIDTH:0.393016
G1 X-3.663 Y5.384 A731.066
;WIDTH:0.438472
G1 X-3.734 Y5.383 A731.06723
;WIDTH:0.483927
G1 X-3.805 Y5.383 A731.0686
;WIDTH:0.529383
G1 X-3.876 Y5.382 A731.0701
;WIDTH:0.574839
G1 X-3.947 Y5.381 A731.07173
;WIDTH:0.620295
G1 X-4.018 Y5.38 A731.0735
;WIDTH:0.66575
G1 X-4.089 Y5.379 A731.0754
G1 X-3.979 Y5.294 A731.07912
;WIDTH:0.6226
G1 X-3.868 Y5.208 A731.08263
;WIDTH:0.57945
G1 X-3.757 Y5.123 A731.08587
;WIDTH:0.5363
G1 X-3.646 Y5.038 A731.08886
;WIDTH:0.493149
G1 X-3.536 Y4.952 A731.0916
;WIDTH:0.449999
G1 X-3.538 Y4.876 A731.09295
G1 X-3.694 Y4.205 A731.10522
G1 X-3.755 Y3.63 A731.11552
G1 X-3.778 Y2.975 A731.1272
G1 X-3.653 Y1.998 A731.14475
G1 X-3.415 Y1.221 A731.15923
G1 X-3.218 Y.755 A731.16824
G1 X-2.957 Y.249 A731.17838
G1 X-2.655 Y-.201 A731.18804
G1 X-2.205 Y-.74 A731.20055
G1 X-1.724 Y-1.229 A731.21277
G1 X-1.749 Y-1.294 A731.21401
;WIDTH:0.415853
G1 X-1.773 Y-1.359 A731.21515
;WIDTH:0.381707
G1 X-1.798 Y-1.425 A731.21621
;WIDTH:0.393017
G1 X-1.819 Y-1.493 A731.21731
;WIDTH:0.438473
G1 X-1.84 Y-1.561 A731.21854
;WIDTH:0.483929
G1 X-1.862 Y-1.628 A731.2199
;WIDTH:0.529385
G1 X-1.883 Y-1.696 A731.2214
;WIDTH:0.57484
G1 X-1.904 Y-1.764 A731.22304
;WIDTH:0.620296
G1 X-1.925 Y-1.832 A731.22481
;WIDTH:0.665752
G1 X-1.946 Y-1.9 A731.22672
G1 X-1.831 Y-1.821 A731.23046
;WIDTH:0.622602
G1 X-1.715 Y-1.742 A731.23397
;WIDTH:0.579451
G1 X-1.6 Y-1.663 A731.23721
;WIDTH:0.5363
G1 X-1.485 Y-1.584 A731.2402
;WIDTH:0.49315
G1 X-1.369 Y-1.505 A731.24295
;WIDTH:0.449999
G1 X-.94 Y-1.755 A731.2518
G1 X-.39 Y-2.03 A731.26276
G1 X.165 Y-2.261 A731.27347
G1 X1.015 Y-2.477 A731.2891
G1 X1.992 Y-2.56 A731.30657
G1 X2.797 Y-2.491 A731.32096
G1 X3.393 Y-2.372 A731.33179
G1 X4.016 Y-2.183 A731.34339
G1 X4.527 Y-1.963 A731.3533
G1 X5.069 Y-1.693 A731.36409
G1 X5.124 Y-1.736 A731.36533
;WIDTH:0.415854
G1 X5.178 Y-1.78 A731.36647
;WIDTH:0.381709
G1 X5.233 Y-1.823 A731.36752
;WIDTH:0.393018
G1 X5.291 Y-1.864 A731.36862
;WIDTH:0.438474
G1 X5.349 Y-1.906 A731.36986
;WIDTH:0.483929
G1 X5.407 Y-1.947 A731.37123
;WIDTH:0.529384
G1 X5.465 Y-1.988 A731.37273
;WIDTH:0.57484
G1 X5.523 Y-2.029 A731.37436
;WIDTH:0.620295
G1 X5.581 Y-2.07 A731.37613
;WIDTH:0.66575
G1 X5.639 Y-2.111 A731.37803
G1 X5.6 Y-1.977 A731.38177
;WIDTH:0.6226
G1 X5.56 Y-1.843 A731.38527
;WIDTH:0.57945
G1 X5.521 Y-1.709 A731.38851
;WIDTH:0.5363
G1 X5.481 Y-1.575 A731.3915
;WIDTH:0.493149
G1 X5.452 Y-1.474 A731.39356
G1 A731.09356 F2400
;WIPE_START
G1 F6240
G1 X5.457 Y-1.421 A731.07411
G1 X5.489 Y-1.38 A731.05511
G1 X6.051 Y-.883 A730.78099
G1 X6.412 Y-.496 A730.58762
G1 X6.908 Y.186 A730.27949
G1 X7.349 Y1.062 A729.92114
G1 X7.371 Y1.134 A729.89356
;WIPE_END
G1 X-.899 Y-.535 F7800
G1 A731.39356 F2400
;TYPE:Solid infill
;WIDTH:0.36146
G1 F3600
G1 X-1.512 Y.079 A731.40582
G1 X-1.886 Y.5 A731.41378
G1 X-2.247 Y1.385 F7800
G1 F3600
G1 X-2.318 Y1.366 A731.41482
G1 X-2.299 Y1.437 A731.41586
G1 X-2.258 Y1.426 A731.41646
;WIDTH:0.40573
G1 X-2.165 Y1.26 A731.4195
;WIDTH:0.449999
G1 X-2.073 Y1.093 A731.4229
G1 X-.128 Y-.851 A731.47189
G1 X.844 Y-1.217 F7800
G1 F3600
G1 X-2.442 Y2.068 A731.55467
G1 X-2.548 Y2.154 A731.5571
;WIDTH:0.40573
G1 X-2.654 Y2.239 A731.55927
;WIDTH:0.36146
G1 X-2.698 Y2.538 A731.56354
;WIDTH:0.449999
G1 X-2.564 Y2.797 A731.56874
G1 X1.574 Y-1.341 A731.673
G1 X1.502 Y-1.418 A731.67488
;WIDTH:0.40573
G1 X1.429 Y-1.494 A731.67656
;WIDTH:0.36146
G1 X1.014 Y-1.426 A731.6825
G1 X2.198 Y-1.359 F7800
;WIDTH:0.449999
G1 F3600
G1 X-2.585 Y3.423 A731.803
G1 X-2.578 Y4.265 A731.818
;WIDTH:0.36146
G1 X-2.649 Y4.245 A731.81904
G1 X-2.63 Y4.317 A731.82009
G1 X-2.589 Y4.306 A731.82069
;WIDTH:0.40573
G1 X-2.558 Y4.139 A731.8234
;WIDTH:0.449999
G1 X-2.528 Y3.972 A731.82642
G1 X2.756 Y-1.312 A731.95956
G1 X3.245 Y-1.195 A731.96852
G1 X1.272 Y.778 A732.01823
G1 X1.121 Y.876 A732.02144
;WIDTH:0.40573
G1 X.969 Y.973 A732.02432
;WIDTH:0.36146
G1 X.32 Y1.504 A732.03617
G1 X-.075 Y1.946 A732.04455
G1 X-.251 Y2.197 A732.04888
;WIDTH:0.449999
G1 X-.449 Y2.5 A732.05533
G1 X-2.425 Y4.476 A732.10512
G1 X-2.28 Y4.937 A732.11373
G1 X-.555 Y3.212 A732.15719
G1 X-.69 Y4.559 F7800
G1 F3600
G1 X-.439 Y4.927 A732.16513
G1 X-.031 Y5.393 A732.17617
G1 X.443 Y5.757 A732.18682
G1 X.746 Y5.902 A732.1928
G1 X1.408 Y6.133 A732.20529
G1 X1.924 Y6.187 A732.21453
G1 X.886 Y7.225 A732.24068
G1 X.282 Y7.009 A732.25211
G1 X-.339 Y6.662 A732.26478
G1 X-.848 Y6.251 A732.27644
G1 X-1.205 Y5.857 A732.28591
G1 X-1.54 Y5.409 A732.29588
G1 X-.841 Y4.71 A732.31349
G1 X-.748 Y5.187 A732.32215
;WIDTH:0.398983
G1 X-.276 Y5.712 A732.33323
;WIDTH:0.397535
G1 X.199 Y6.076 A732.34259
;WIDTH:0.406534
G1 X.6 Y6.282 A732.34981
G1 X1.074 Y6.463 A732.35793
;WIDTH:0.404069
G1 X.781 Y6.757 A732.36453
;WIDTH:0.406534
G1 X.437 Y6.629 A732.37041
G1 X-.123 Y6.315 A732.38069
;WIDTH:0.403651
G1 X-.618 Y5.915 A732.3908
;WIDTH:0.398983
G1 X-1.019 Y5.458 A732.40034
G1 X-.899 Y5.338 A732.403
G1 A732.103 F2400
;WIPE_START
G1 F6240
G1 X-1.019 Y5.458 A732.04099
G1 X-.618 Y5.915 A731.81884
G1 X-.123 Y6.315 A731.5863
G1 X.437 Y6.629 A731.35171
G1 X.781 Y6.757 A731.2176
G1 X1.074 Y6.463 A731.06594
G1 X.657 Y6.304 A730.903
;WIPE_END
G1 X1.991 Y.666 F7800
G1 A732.403 F2400
;WIDTH:0.449999
G1 F3600
G1 X3.698 Y-1.042 A732.44602
G1 X3.958 Y-.695 A732.45375
G1 X2.521 Y.742 A732.48996
G1 X2.817 Y.804 A732.49535
G1 X3.338 Y1.049 A732.50561
G1 X3.789 Y1.408 A732.51588
G1 X4.115 Y1.804 A732.52502
G1 X4.452 Y2.539 A732.53943
G1 X4.542 Y3.16 A732.55061
G1 X4.46 Y3.859 A732.56315
;WIDTH:0.453348
G1 X4.203 Y4.49 A732.57538
;WIDTH:0.453952
G1 X4.173 Y4.541 A732.57644
G1 X4.658 Y4.059 A732.58873
;WIDTH:0.449999
G1 X6.409 Y2.308 A732.63285
G1 X6.484 Y2.26 A732.63444
G1 X6.252 Y1.503 A732.64855
G1 X5.899 Y.802 A732.66253
G1 X5.501 Y.255 A732.67458
G1 X5.118 Y-.138 A732.68436
G1 X4.604 Y-.603 A732.69671
G1 X4.11 Y-.847 A732.70653
G1 X4.196 Y-.327 A732.71592
G1 X4.334 Y-.259 A732.71866
G1 X4.653 Y.019 A732.7262
G1 X5.17 Y.528 A732.73913
G1 X5.532 Y1.026 A732.7501
G1 X5.83 Y1.617 A732.76189
G1 X5.993 Y2.119 A732.77129
G1 X4.967 Y3.144 A732.79713
G1 X4.876 Y2.477 A732.80912
G1 X4.749 Y2.139 A732.81555
G1 X4.448 Y1.534 A732.82759
G1 X4.059 Y1.076 A732.8383
G1 X3.653 Y.745 A732.84763
G1 X3.308 Y.561 A732.8546
G1 X4.044 Y-.175 A732.87314
G1 X4.245 Y.198 A732.88069
;WIDTH:0.404711
G1 X4.864 Y.796 A732.8944
;WIDTH:0.403842
G1 X5.237 Y1.336 A732.90483
;WIDTH:0.402943
G1 X5.534 Y2.004 A732.91642
G1 X5.241 Y2.298 A732.923
;WIDTH:0.407522
G1 X5.119 Y1.969 A732.92863
G1 X4.76 Y1.282 A732.94107
;WIDTH:0.397533
G1 X4.355 Y.8 A732.95091
;WIDTH:0.404711
G1 X3.966 Y.477 A732.95897
G1 X4.094 Y.349 A732.96185
G1 A732.66185 F2400
;WIPE_START
G1 F6240
G1 X3.966 Y.477 A732.59571
G1 X4.355 Y.8 A732.41096
G1 X4.76 Y1.282 A732.18093
G1 X5.119 Y1.969 A731.8977
G1 X5.241 Y2.298 A731.76949
G1 X5.534 Y2.004 A731.61783
G1 X5.36 Y1.614 A731.46185
;WIPE_END
G1 X4.173 Y4.541 F7800
G1 A732.96185 F2400
;WIDTH:0.453952
G1 F3600
G1 X3.961 Y4.778 A732.96757
;WIDTH:0.419377
G1 X3.749 Y5.015 A732.97283
;WIDTH:0.410489
G1 X3.567 Y5.178 A732.97678
;WIDTH:0.436176
G1 X3.386 Y5.341 A732.98098
;WIDTH:0.437545
G1 X3.354 Y5.365 A732.98167
;WIDTH:0.449999
G1 X1.083 Y7.634 A733.03887
G1 X1.083 Y7.701 A733.04006
G1 X.782 Y7.644 A733.04552
G1 X.104 Y7.4 A733.05836
G1 X-.579 Y7.019 A733.07229
G1 X-1.031 Y6.654 A733.08264
G1 X-1.35 Y6.341 A733.0906
G1 X-1.749 Y5.875 A733.10153
G1 X-2.075 Y5.338 A733.11272
G1 X-.496 Y3.759 A733.15251
G1 X-.305 Y4.316 A733.163
G1 X-.11 Y4.653 A733.16994
G1 X.215 Y5.041 A733.17896
G1 X.621 Y5.353 A733.18808
G1 X.9 Y5.502 A733.19372
G1 X1.453 Y5.707 A733.20423
G1 X2.068 Y5.765 A733.21524
G1 X2.689 Y5.668 A733.22644
G1 X3.159 Y5.454 A733.23564
G1 A732.93564 F2400
;WIPE_START
G1 F6240
G1 X2.689 Y5.668 A732.74695
G1 X2.068 Y5.765 A732.51729
G1 X1.453 Y5.707 A732.29158
G1 X.9 Y5.502 A732.07609
G1 X.621 Y5.353 A731.96052
G1 X.215 Y5.041 A731.77343
G1 X.149 Y4.962 A731.73564
;WIPE_END
G1 X1.538 Y7.785 F7800
G1 A733.23564 F2400
G1 F3600
G1 X6.561 Y2.762 A733.3622
G1 X6.576 Y3.353 A733.37273
G1 X2.093 Y7.836 A733.48569
G1 X2.807 Y7.728 A733.49856
G1 X6.508 Y4.027 A733.59181
G1 X6.34 Y4.774 A733.60545
;WIDTH:0.411746
G1 X6.167 Y5.17 A733.61246
G1 X5.653 Y6.013 A733.62848
;WIDTH:0.43235
G1 X5.164 Y6.545 A733.64082
G1 X4.577 Y7.044 A733.65398
;WIDTH:0.392298
G1 X3.912 Y7.418 A733.66574
G1 X3.537 Y7.564 A733.67194
G1 X4.342 Y6.759 A733.68949
;WIDTH:0.43235
G1 X4.889 Y6.24 A733.70237
G1 X5.369 Y5.746 A733.71414
;WIDTH:0.411746
G1 X6.189 Y4.925 A733.73297
M106 P150.45
;LAYER_CHANGE
;Z:2.4
;HEIGHT:0.1
G1 A733.43297 F2400
;WIPE_START
G1 F6240
G1 X5.369 Y5.746 A733.00899
G1 X4.889 Y6.24 A732.75732
G1 X4.342 Y6.759 A732.48181
G1 X3.86 Y7.24 A732.23297
;WIPE_END
G1 Z2.4 F7800
G1 X69.104 Y23.136
G1 A733.73297 F2400
;TYPE:Support material interface
;WIDTH:0.35
;HEIGHT:0.2
G1 F3600
G1 X68.605 Y22.638 A733.75097
G1 X67.909 Y22.406 A733.7697
G1 X68.233 Y22.73 A733.7814
G1 X67.538 Y22.5 A733.80009
G1 X67.219 Y22.181 A733.81161
G1 X66.529 Y21.955 A733.83015
G1 X66.843 Y22.27 A733.84151
G1 X66.148 Y22.039 A733.86021
G1 X65.839 Y21.73 A733.87137
G1 X65.149 Y21.504 A733.88991
G1 X65.453 Y21.809 A733.90091
G1 X64.759 Y21.579 A733.91958
G1 X64.458 Y21.278 A733.93045
G1 X63.768 Y21.053 A733.94898
G1 X64.064 Y21.349 A733.95967
G1 X63.369 Y21.118 A733.97837
G1 X63.121 Y20.871 A733.98731
G1 X62.212 Y20.891 F7800
G1 F3600
G1 X61.976 Y20.655 A733.99583
G1 X58.412 Y19.414 A734.09219
G1 X58.504 Y19.506 A734.09551
G1 X57.809 Y19.276 A734.1142
G1 X57.693 Y19.16 A734.11839
G1 X56.974 Y18.905 A734.13787
G1 X57.115 Y19.046 A734.14296
G1 X56.421 Y18.816 A734.16163
G1 X56.255 Y18.651 A734.16761
G1 X55.536 Y18.397 A734.18708
G1 X55.726 Y18.587 A734.19394
G1 X55.032 Y18.358 A734.2126
G1 X54.817 Y18.142 A734.22038
G1 X54.098 Y17.888 A734.23985
G1 X54.338 Y18.128 A734.24852
G1 X53.644 Y17.899 A734.26718
G1 X53.379 Y17.633 A734.27677
G1 X53.096 Y17.533 A734.28443
G1 X52.677 Y17.396 A734.29569
G1 X52.95 Y17.669 A734.30555
G1 X52.257 Y17.44 A734.32419
G1 X51.987 Y17.17 A734.33394
G1 X51.296 Y16.944 A734.3525
G1 X51.564 Y17.212 A734.36218
G1 X50.869 Y16.982 A734.38087
G1 X50.605 Y16.718 A734.3904
G1 X49.914 Y16.492 A734.40896
G1 X50.171 Y16.749 A734.41824
G1 X49.474 Y16.516 A734.43701
G1 X49.223 Y16.265 A734.44607
G1 X48.532 Y16.039 A734.46463
G1 X48.776 Y16.283 A734.47344
G1 X48.078 Y16.049 A734.49224
G1 X47.842 Y15.813 A734.50076
G1 X47.151 Y15.587 A734.51932
G1 X47.38 Y15.816 A734.52759
G1 X46.683 Y15.583 A734.54636
G1 X46.46 Y15.361 A734.55439
G1 X45.768 Y15.133 A734.57299
G1 X46.219 Y15.584 A734.58928
G1 A734.28928 F2400
;WIPE_START
G1 F6240
G1 X45.768 Y15.133 A734.05623
G1 X46.46 Y15.361 A733.79001
G1 X46.683 Y15.583 A733.67504
G1 X47.38 Y15.816 A733.40651
G1 X47.151 Y15.587 A733.28818
G1 X47.668 Y15.756 A733.08928
;WIPE_END
G1 X42.034 Y14.187 F7800
G1 A734.58928 F2400
G1 F3600
G1 X41.8 Y13.953 A734.59773
G1 X39.005 Y13.016 A734.673
G1 X38.894 Y12.905 A734.67701
G1 X38.16 Y12.636 A734.69697
G1 X38.305 Y12.781 A734.70221
G1 X37.606 Y12.547 A734.72103
G1 X37.446 Y12.387 A734.72681
G1 X36.755 Y12.16 A734.74538
G1 X36.906 Y12.312 A734.75085
G1 X36.203 Y12.073 A734.76981
G1 X36.063 Y11.933 A734.77487
G1 X35.372 Y11.707 A734.79343
G1 X35.499 Y11.834 A734.79802
G1 X34.798 Y11.597 A734.81691
G1 X34.681 Y11.48 A734.82113
G1 X33.989 Y11.252 A734.83973
G1 X34.097 Y11.361 A734.84365
G1 X33.397 Y11.125 A734.86251
G1 X33.297 Y11.026 A734.8661
G1 X32.606 Y10.799 A734.88467
G1 X32.696 Y10.889 A734.88792
G1 X27.766 Y9.211 A735.02089
G1 X27.532 Y8.977 A735.02934
G1 A734.72934 F2400
;WIPE_START
G1 F6240
G1 X27.766 Y9.211 A734.60842
G1 X30.562 Y10.163 A733.52934
;WIPE_END
G1 X15.627 Y-19.654 F7800
G1 A735.02934 F2400
G1 F3600
G1 X15.735 Y-19.546 A735.03324
G1 X18.321 Y-23 A735.14341
G1 X18.481 Y-23.305 A735.1522
G1 X18.519 Y-23.266 A735.15359
G1 X18.717 Y-23.533 A735.16208
G1 X18.677 Y-23.574 A735.16354
G1 X18.873 Y-23.842 A735.17202
G1 X18.916 Y-23.799 A735.17357
G1 X19.114 Y-24.066 A735.18206
G1 X19.069 Y-24.11 A735.18367
G1 X19.265 Y-24.379 A735.19217
G1 X19.312 Y-24.333 A735.19385
G1 X19.51 Y-24.599 A735.20232
G1 X19.462 Y-24.647 A735.20405
G1 X19.658 Y-24.916 A735.21255
G1 X19.708 Y-24.866 A735.21436
G1 X19.906 Y-25.132 A735.22283
G1 X19.854 Y-25.184 A735.22471
G1 X20.05 Y-25.452 A735.23319
G1 X20.104 Y-25.399 A735.23512
G1 X20.302 Y-25.665 A735.24359
G1 X20.247 Y-25.721 A735.24559
G1 X20.443 Y-25.989 A735.25407
G1 X20.5 Y-25.932 A735.25613
G1 X20.698 Y-26.198 A735.2646
G1 X20.639 Y-26.258 A735.26675
G1 X20.835 Y-26.526 A735.27523
G1 X20.897 Y-26.464 A735.27747
G1 X21.097 Y-26.729 A735.28595
G1 X21.031 Y-26.795 A735.28833
G1 X21.227 Y-27.063 A735.29681
G1 X21.296 Y-26.995 A735.29928
G1 X21.493 Y-27.262 A735.30775
G1 X21.423 Y-27.332 A735.31028
G1 X21.62 Y-27.6 A735.31877
G1 X21.691 Y-27.529 A735.32133
G1 X21.889 Y-27.795 A735.3298
G1 X21.816 Y-27.869 A735.33245
G1 X21.866 Y-27.937 A735.33461
G1 X22.018 Y-28.131 A735.3409
G1 X22.087 Y-28.062 A735.34339
G1 X22.285 Y-28.329 A735.35188
G1 X22.222 Y-28.391 A735.35414
G1 X22.427 Y-28.651 A735.36259
G1 X22.483 Y-28.596 A735.36459
G1 X22.68 Y-28.863 A735.37306
G1 X22.631 Y-28.912 A735.37483
G1 X22.836 Y-29.172 A735.38328
G1 X22.878 Y-29.129 A735.38481
G1 X23.04 Y-29.432 A735.39358
G1 X24.459 Y-31.266 A735.45279
G1 X24.565 Y-31.159 A735.45664
G1 A735.15664 F2400
;WIPE_START
G1 F6240
G1 X24.459 Y-31.266 A735.10161
G1 X23.04 Y-29.432 A734.25433
G1 X22.878 Y-29.129 A734.12879
G1 X22.836 Y-29.172 A734.10683
G1 X22.631 Y-28.912 A733.98585
G1 X22.68 Y-28.863 A733.96053
G1 X22.674 Y-28.854 A733.95664
;WIPE_END
G1 X26.651 Y-34.649 F7800
G1 A735.45664 F2400
G1 F3600
G1 X26.829 Y-34.471 A735.46307
G1 X27.026 Y-34.738 A735.47154
G1 X26.928 Y-34.836 A735.47508
G1 X27.124 Y-35.105 A735.48358
G1 X27.224 Y-35.005 A735.48719
G1 X27.421 Y-35.272 A735.49566
G1 X27.321 Y-35.373 A735.49929
G1 X27.517 Y-35.642 A735.50779
G1 X27.619 Y-35.54 A735.51147
G1 X27.816 Y-35.807 A735.51994
G1 X27.713 Y-35.91 A735.52366
G1 X27.909 Y-36.179 A735.53216
G1 X28.014 Y-36.074 A735.53595
G1 X28.211 Y-36.341 A735.54442
G1 X28.105 Y-36.447 A735.54825
G1 X28.301 Y-36.716 A735.55675
G1 X28.409 Y-36.608 A735.56065
G1 X28.606 Y-36.875 A735.56912
G1 X28.497 Y-36.985 A735.57307
G1 X28.693 Y-37.253 A735.58155
G1 X28.804 Y-37.142 A735.58556
G1 X29.001 Y-37.409 A735.59403
G1 X28.889 Y-37.522 A735.59809
G1 X29.085 Y-37.79 A735.60657
G1 X29.199 Y-37.677 A735.61067
G1 X29.396 Y-37.944 A735.61914
G1 X29.281 Y-38.059 A735.62329
G1 X29.477 Y-38.327 A735.63177
G1 X29.594 Y-38.211 A735.63598
G1 X29.791 Y-38.478 A735.64445
G1 X29.674 Y-38.596 A735.64869
G1 X29.87 Y-38.864 A735.65717
G1 X29.989 Y-38.745 A735.66147
G1 X30.186 Y-39.012 A735.66994
G1 X30.066 Y-39.133 A735.67429
G1 X30.262 Y-39.402 A735.68279
G1 X30.384 Y-39.279 A735.68721
G1 X30.58 Y-39.548 A735.69571
G1 X30.458 Y-39.67 A735.70012
G1 X30.654 Y-39.939 A735.70862
G1 X30.777 Y-39.816 A735.71306
G1 X30.973 Y-40.084 A735.72154
G1 X30.85 Y-40.207 A735.72598
G1 X31.046 Y-40.476 A735.73448
G1 X31.17 Y-40.352 A735.73896
G1 X31.366 Y-40.62 A735.74744
G1 X31.242 Y-40.745 A735.75194
G1 X31.402 Y-40.964 A735.75887
G1 X31.439 Y-41.012 A735.76042
G1 X31.563 Y-40.888 A735.7649
G1 X31.76 Y-41.156 A735.77339
G1 X31.64 Y-41.275 A735.77771
G1 X31.842 Y-41.538 A735.78618
G1 X31.956 Y-41.424 A735.7903
G1 X32.153 Y-41.692 A735.79879
G1 X32.044 Y-41.801 A735.80273
G1 X32.245 Y-42.064 A735.81118
G1 X32.35 Y-41.96 A735.81495
G1 X32.547 Y-42.227 A735.82342
G1 X32.447 Y-42.327 A735.82703
G1 X32.649 Y-42.59 A735.8355
G1 X32.743 Y-42.495 A735.83891
G1 X32.94 Y-42.763 A735.8474
G1 X32.85 Y-42.853 A735.85065
G1 X33.052 Y-43.116 A735.85912
G1 X33.137 Y-43.031 A735.86219
G1 X33.334 Y-43.299 A735.87068
G1 X33.254 Y-43.379 A735.87357
G1 X33.455 Y-43.642 A735.88202
G1 X33.53 Y-43.567 A735.88473
G1 X33.727 Y-43.835 A735.89322
G1 X33.657 Y-43.905 A735.89575
G1 X33.859 Y-44.168 A735.90422
G1 X33.924 Y-44.103 A735.90657
G1 X34.12 Y-44.371 A735.91505
G1 X34.06 Y-44.431 A735.91722
G1 X34.262 Y-44.694 A735.92569
G1 X34.317 Y-44.638 A735.92769
G1 X34.514 Y-44.906 A735.93618
G1 X34.464 Y-44.957 A735.938
G1 X34.665 Y-45.22 A735.94645
G1 X34.711 Y-45.174 A735.94811
G1 X34.908 Y-45.442 A735.9566
G1 X34.867 Y-45.483 A735.95808
G1 X35.069 Y-45.746 A735.96655
G1 X35.105 Y-45.709 A735.96787
G1 X37.072 Y-48.388 A736.05273
G1 X37.18 Y-48.281 A736.05661
G1 X37.732 Y-49.587 F7800
G1 F3600
G1 X37.862 Y-49.457 A736.0613
G1 X38.059 Y-49.725 A736.06979
G1 X37.969 Y-49.814 A736.07302
G1 X38.121 Y-50.127 A736.0819
G1 X38.255 Y-49.993 A736.08674
G1 X38.452 Y-50.26 A736.09521
G1 X38.317 Y-50.396 A736.1001
G1 X38.513 Y-50.665 A736.1086
G1 X38.649 Y-50.528 A736.11353
G1 X38.846 Y-50.796 A736.12202
G1 X38.709 Y-50.933 A736.12697
G1 X38.905 Y-51.202 A736.13547
G1 X39.043 Y-51.064 A736.14045
G1 X39.24 Y-51.331 A736.14892
G1 X39.101 Y-51.471 A736.15396
G1 X39.297 Y-51.739 A736.16244
G1 X39.437 Y-51.599 A736.1675
G1 X39.634 Y-51.867 A736.17599
G1 X39.493 Y-52.008 A736.18108
G1 X39.688 Y-52.277 A736.18956
G1 X39.831 Y-52.134 A736.19472
G1 X40.028 Y-52.402 A736.20321
G1 X39.884 Y-52.545 A736.20839
G1 X40.08 Y-52.814 A736.21689
G1 X40.225 Y-52.67 A736.22211
G1 X40.422 Y-52.938 A736.2306
G1 X40.276 Y-53.083 A736.23585
G1 X40.472 Y-53.352 A736.24435
G1 X40.618 Y-53.205 A736.24964
G1 X40.815 Y-53.473 A736.25813
G1 X40.668 Y-53.62 A736.26344
G1 X40.864 Y-53.889 A736.27194
G1 X41.012 Y-53.741 A736.27728
G1 X41.209 Y-54.008 A736.28575
G1 X41.063 Y-54.155 A736.29104
G1 X41.264 Y-54.418 A736.29949
G1 X41.512 Y-54.17 A736.30845
G1 A736.00845 F2400
;WIPE_START
G1 F6240
G1 X41.264 Y-54.418 A735.8803
G1 X41.063 Y-54.155 A735.75935
G1 X41.209 Y-54.008 A735.68365
G1 X41.012 Y-53.741 A735.56241
G1 X40.864 Y-53.889 A735.48593
G1 X40.668 Y-53.62 A735.36432
G1 X40.815 Y-53.473 A735.28836
G1 X40.618 Y-53.205 A735.16683
G1 X40.472 Y-53.352 A735.09113
G1 X40.276 Y-53.083 A734.96952
G1 X40.422 Y-52.938 A734.89434
G1 X40.282 Y-52.748 A734.80845
;WIPE_END
G1 X-38.818 Y-49.938 F7800
G1 A736.30845 F2400
G1 F3600
G1 X-40.37 Y-51.49 A736.36449
G1 X-39.149 Y-49.805 A736.41762
G1 X-38.281 Y-48.937 A736.44896
G1 X-37.1 Y-47.292 A736.50067
G1 X-38.591 Y-48.783 A736.55451
G1 A736.25451 F2400
;WIPE_START
G1 F6240
G1 X-37.1 Y-47.292 A735.48406
G1 X-37.786 Y-48.247 A735.05451
;WIPE_END
G1 X-35.275 Y-45.002 F7800
G1 A736.55451 F2400
G1 F3600
G1 X-35.97 Y-45.697 A736.57961
G1 X-33.558 Y-42.355 A736.68485
G1 X-33.855 Y-42.652 A736.69557
G1 X-32.832 Y-41.165 A736.74166
G1 X-32.371 Y-40.704 A736.75831
G1 X-31.184 Y-39.052 A736.81025
G1 X-31.809 Y-39.677 A736.83282
G1 X-30.936 Y-38.408 A736.87215
G1 X-29.992 Y-37.395 A736.90751
G1 X-28.821 Y-35.76 A736.95886
G1 X-29.543 Y-36.482 A736.98493
G1 X-28.331 Y-34.805 A737.03776
G1 X-27.661 Y-34.136 A737.06194
G1 X-26.502 Y-32.511 A737.1129
G1 X-27.776 Y-33.786 A737.15892
G1 A736.85892 F2400
;WIPE_START
G1 F6240
G1 X-26.502 Y-32.511 A736.20035
G1 X-27.363 Y-33.717 A735.65892
;WIPE_END
G1 X-22.392 Y-27.007 F7800
G1 A737.15892 F2400
G1 F3600
G1 X-23.117 Y-27.733 A737.18512
G1 X-22.17 Y-26.321 A737.22853
G1 X-21.874 Y-26.025 A737.23922
G1 X-20.726 Y-24.413 A737.28975
G1 X-21.147 Y-24.834 A737.30495
G1 X-19.938 Y-23.16 A737.35768
G1 X-19.605 Y-22.827 A737.3697
G1 X-18.467 Y-21.225 A737.41988
G1 X-18.731 Y-21.489 A737.42941
G1 X-16.239 Y-18.067 A737.5375
G1 X-16.975 Y-18.803 A737.56408
G1 A737.26408 F2400
;WIPE_START
G1 F6240
G1 X-16.239 Y-18.067 A736.88377
G1 X-17.56 Y-19.88 A736.06408
;WIPE_END
G1 X-63.746 Y26.422 F7800
G1 A737.56408 F2400
G1 F3600
G1 X-63.467 Y26.7 A737.57414
G1 X-63.11 Y26.593 A737.58366
G1 X-63.276 Y26.427 A737.58965
G1 X-62.923 Y26.315 A737.59911
G1 X-62.759 Y26.479 A737.60503
G1 X-62.408 Y26.366 A737.61445
G1 X-62.571 Y26.203 A737.62034
G1 X-62.219 Y26.09 A737.62978
G1 X-62.057 Y26.252 A737.63563
G1 X-61.706 Y26.139 A737.64505
G1 X-61.866 Y25.978 A737.65085
G1 X-61.514 Y25.866 A737.66028
G1 X-61.355 Y26.025 A737.66602
G1 X-61.003 Y25.912 A737.67546
G1 X-61.161 Y25.754 A737.68117
G1 X-60.809 Y25.641 A737.69061
G1 X-60.652 Y25.798 A737.69628
G1 X-60.301 Y25.685 A737.7057
G1 X-60.457 Y25.529 A737.71133
G1 X-60.104 Y25.417 A737.72079
G1 X-59.95 Y25.571 A737.72635
G1 X-59.599 Y25.458 A737.73577
G1 X-59.752 Y25.305 A737.74129
G1 X-59.399 Y25.193 A737.75075
G1 X-59.247 Y25.345 A737.75624
G1 X-58.896 Y25.231 A737.76566
G1 X-59.047 Y25.08 A737.77111
G1 X-58.695 Y24.968 A737.78054
G1 X-58.545 Y25.118 A737.78596
G1 X-58.254 Y24.944 A737.79462
G1 X-58.342 Y24.856 A737.7978
G1 X-57.99 Y24.744 A737.80723
G1 X-57.861 Y24.872 A737.81187
G1 X-56.698 Y24.177 F7800
G1 F3600
G1 X-56.576 Y24.299 A737.81628
G1 X-53.365 Y23.328 A737.90194
G1 X-53.409 Y23.285 A737.90351
G1 X-53.056 Y23.173 A737.91297
G1 X-53.007 Y23.222 A737.91474
G1 X-52.649 Y23.116 A737.92427
G1 X-52.704 Y23.06 A737.92627
G1 X-52.351 Y22.948 A737.93573
G1 X-52.29 Y23.009 A737.93793
G1 X-51.932 Y22.903 A737.94746
G1 X-51.999 Y22.836 A737.94988
G1 X-51.647 Y22.723 A737.95932
G1 X-51.574 Y22.797 A737.96197
G1 X-51.215 Y22.69 A737.97154
G1 X-51.295 Y22.611 A737.97441
G1 X-50.943 Y22.498 A737.98385
G1 X-50.857 Y22.584 A737.98696
G1 X-50.498 Y22.478 A737.99652
G1 X-50.59 Y22.386 A737.99984
G1 X-50.238 Y22.274 A738.00927
G1 X-50.14 Y22.372 A738.01281
G1 X-49.782 Y22.265 A738.02235
G1 X-49.886 Y22.161 A738.02611
G1 X-49.534 Y22.049 A738.03554
G1 X-49.423 Y22.159 A738.03953
G1 X-49.065 Y22.053 A738.04906
G1 X-49.182 Y21.936 A738.05328
G1 X-48.83 Y21.824 A738.06271
G1 X-48.707 Y21.947 A738.06715
G1 X-48.348 Y21.84 A738.07672
G1 X-48.477 Y21.711 A738.08138
G1 X-48.125 Y21.599 A738.09081
G1 X-47.99 Y21.734 A738.09568
G1 X-47.769 Y21.669 A738.10156
G1 X-47.634 Y21.625 A738.10519
G1 X-47.773 Y21.486 A738.11021
G1 X-47.421 Y21.374 A738.11964
G1 X-47.283 Y21.512 A738.12462
G1 X-46.932 Y21.399 A738.13404
G1 X-47.069 Y21.261 A738.13901
G1 X-46.717 Y21.149 A738.14844
G1 X-46.58 Y21.285 A738.15337
G1 X-46.229 Y21.172 A738.16279
G1 X-46.365 Y21.036 A738.1677
G1 X-46.013 Y20.923 A738.17714
G1 X-45.878 Y21.059 A738.18203
G1 X-45.526 Y20.945 A738.19148
G1 X-45.661 Y20.811 A738.19634
G1 X-45.307 Y20.7 A738.20581
G1 X-45.175 Y20.832 A738.21058
G1 X-44.824 Y20.719 A738.22
G1 X-44.954 Y20.588 A738.22471
G1 X-44.601 Y20.477 A738.23416
G1 X-44.472 Y20.606 A738.23882
G1 X-44.121 Y20.492 A738.24824
G1 X-44.248 Y20.365 A738.25283
G1 X-43.895 Y20.254 A738.26228
G1 X-43.77 Y20.379 A738.26679
G1 X-43.418 Y20.266 A738.27623
G1 X-43.542 Y20.142 A738.28071
G1 X-43.189 Y20.031 A738.29016
G1 X-43.067 Y20.152 A738.29455
G1 X-42.715 Y20.039 A738.30399
G1 X-42.836 Y19.919 A738.30834
G1 X-42.482 Y19.808 A738.31781
G1 X-42.364 Y19.926 A738.32207
G1 X-42.013 Y19.813 A738.33149
G1 X-42.129 Y19.696 A738.3357
G1 X-41.776 Y19.585 A738.34515
G1 X-41.661 Y19.699 A738.34928
G1 X-41.31 Y19.586 A738.3587
G1 X-41.423 Y19.473 A738.36278
G1 X-41.07 Y19.362 A738.37223
G1 X-40.959 Y19.473 A738.37624
G1 X-40.607 Y19.36 A738.38568
G1 X-40.717 Y19.25 A738.38965
G1 X-40.364 Y19.139 A738.3991
G1 X-40.178 Y19.324 A738.4058
G1 A738.1058 F2400
;WIPE_START
G1 F6240
G1 X-40.364 Y19.139 A738.00995
G1 X-40.717 Y19.25 A737.87474
G1 X-40.607 Y19.36 A737.8179
G1 X-40.959 Y19.473 A737.68282
G1 X-41.07 Y19.362 A737.62546
G1 X-41.423 Y19.473 A737.49025
G1 X-41.31 Y19.586 A737.43186
G1 X-41.661 Y19.699 A737.29713
G1 X-41.776 Y19.585 A737.23796
G1 X-42.129 Y19.696 A737.10275
G1 X-42.013 Y19.813 A737.04255
G1 X-42.364 Y19.926 A736.90782
G1 X-42.368 Y19.922 A736.9058
;WIPE_END
G1 X-36.598 Y17.793 F7800
G1 A738.4058 F2400
G1 F3600
G1 X-36.48 Y17.912 A738.41008
G1 X-33.96 Y17.179 A738.47709
G1 X-34.007 Y17.132 A738.47879
G1 X-33.653 Y17.021 A738.48826
G1 X-33.598 Y17.076 A738.49025
G1 X-33.237 Y16.973 A738.49984
G1 X-33.3 Y16.91 A738.50211
G1 X-32.946 Y16.799 A738.51158
G1 X-32.875 Y16.87 A738.51414
G1 X-32.513 Y16.768 A738.52374
G1 X-32.592 Y16.688 A738.52661
G1 X-32.239 Y16.577 A738.53606
G1 X-32.158 Y16.658 A738.53898
G1 X-31.807 Y16.545 A738.5484
G1 X-31.885 Y16.466 A738.55123
G1 X-31.532 Y16.355 A738.56068
G1 X-31.455 Y16.431 A738.56344
G1 X-31.104 Y16.318 A738.57286
G1 X-31.178 Y16.244 A738.57553
G1 X-30.822 Y16.135 A738.58504
G1 X-30.752 Y16.205 A738.58757
G1 X-30.401 Y16.092 A738.59699
G1 X-30.467 Y16.026 A738.59937
G1 X-30.113 Y15.915 A738.60884
G1 X-30.049 Y15.979 A738.61115
G1 X-29.698 Y15.866 A738.62057
G1 X-29.759 Y15.804 A738.62279
G1 X-29.406 Y15.693 A738.63224
G1 X-29.346 Y15.753 A738.63441
G1 X-28.995 Y15.64 A738.64383
G1 X-29.052 Y15.583 A738.64589
G1 X-28.698 Y15.472 A738.65536
G1 X-28.643 Y15.527 A738.65735
G1 X-28.292 Y15.414 A738.66677
G1 X-28.344 Y15.361 A738.66867
G1 X-27.99 Y15.25 A738.67814
G1 X-27.94 Y15.3 A738.67995
G1 X-27.589 Y15.187 A738.68937
G1 X-27.636 Y15.14 A738.69107
G1 X-27.282 Y15.029 A738.70054
G1 X-27.237 Y15.074 A738.70216
G1 X-26.886 Y14.961 A738.71158
G1 X-26.928 Y14.918 A738.71311
G1 X-22.315 Y13.491 A738.8364
G1 X-22.197 Y13.609 A738.84066
G1 A738.54066 F2400
;WIPE_START
G1 F6240
G1 X-22.315 Y13.491 A738.47969
G1 X-25.293 Y14.412 A737.34066
;WIPE_END
G1 X4.401 Y29.986 F7800
G1 A738.84066 F2400
G1 F3600
G1 X4.25 Y29.835 A738.84611
G1 X4.19 Y33.956 A738.95135
G1 X4.239 Y34.47 A738.96453
G1 X4.185 Y34.416 A738.96648
G1 X4.18 Y34.875 A738.9782
G1 X4.238 Y34.934 A738.98031
G1 X4.237 Y35.397 A738.99213
G1 X4.175 Y35.335 A738.99437
G1 X4.17 Y35.795 A739.00612
G1 X4.235 Y35.86 A739.00847
G1 X4.234 Y36.324 A739.02032
G1 X4.165 Y36.254 A739.02283
G1 X4.16 Y36.714 A739.03458
G1 X4.233 Y36.787 A739.03722
G1 X4.231 Y37.25 A739.04904
G1 X4.155 Y37.174 A739.05178
G1 X4.15 Y37.633 A739.0635
G1 X4.23 Y37.713 A739.06639
G1 X4.229 Y38.177 A739.07824
G1 X4.145 Y38.093 A739.08127
G1 X4.138 Y38.55 A739.09294
G1 X4.227 Y38.64 A739.09617
G1 X4.226 Y39.103 A739.10799
G1 X4.131 Y39.008 A739.11142
G1 X4.127 Y39.468 A739.12317
G1 X4.225 Y39.567 A739.12673
G1 X4.224 Y40.03 A739.13855
G1 X4.122 Y39.929 A739.14222
G1 X4.118 Y40.389 A739.15397
G1 X4.209 Y40.48 A739.15726
G1 X4.193 Y40.928 A739.16871
G1 X4.113 Y40.849 A739.17158
G1 X4.109 Y41.309 A739.18333
G1 X4.176 Y41.376 A739.18575
G1 X4.159 Y41.824 A739.1972
G1 X4.104 Y41.769 A739.19919
G1 X4.083 Y44.071 A739.25797
G1 X4.232 Y44.22 A739.26335
G1 A738.96335 F2400
;WIPE_START
G1 F6240
G1 X4.083 Y44.071 A738.88636
G1 X4.104 Y41.769 A738.04521
G1 X4.159 Y41.824 A738.01679
G1 X4.176 Y41.376 A737.85298
G1 X4.109 Y41.309 A737.81836
G1 X4.11 Y41.158 A737.76335
;WIPE_END
G1 X4.332 Y48.501 F7800
G1 A739.26335 F2400
G1 F3600
G1 X4.05 Y48.219 A739.27353
G1 X4.046 Y48.68 A739.2853
G1 X4.183 Y48.817 A739.29025
G1 X4.181 Y49.28 A739.30207
G1 X4.042 Y49.141 A739.30709
G1 X4.038 Y49.602 A739.31886
G1 X4.18 Y49.744 A739.32399
G1 X4.179 Y50.208 A739.33584
G1 X4.034 Y50.062 A739.34109
G1 X4.03 Y50.523 A739.35286
G1 X4.178 Y50.671 A739.3582
G1 X4.177 Y51.135 A739.37005
G1 X4.027 Y50.984 A739.37548
G1 X4.023 Y51.445 A739.38725
G1 X4.176 Y51.598 A739.39277
G1 X4.175 Y52.062 A739.40462
G1 X4.019 Y51.906 A739.41025
G1 X4.015 Y52.366 A739.422
G1 X4.174 Y52.525 A739.42774
G1 X4.173 Y52.989 A739.43959
G1 X4.011 Y52.827 A739.44544
G1 X4.007 Y53.288 A739.45721
G1 X4.172 Y53.452 A739.46315
G1 X4.171 Y53.916 A739.475
G1 X4.004 Y53.749 A739.48103
G1 X4 Y54.21 A739.4928
G1 X4.17 Y54.38 A739.49894
G1 X4.169 Y54.843 A739.51076
G1 X3.998 Y54.672 A739.51693
G1 X3.996 Y55.135 A739.52875
G1 X4.168 Y55.307 A739.53496
G1 X4.167 Y55.771 A739.54681
G1 X3.994 Y55.598 A739.55306
G1 X3.992 Y56.06 A739.56486
G1 X4.166 Y56.242 A739.57129
G1 X4.154 Y56.687 A739.58266
G1 X3.99 Y56.523 A739.58858
G1 X3.987 Y56.985 A739.60038
G1 X4.143 Y57.14 A739.606
G1 X4.131 Y57.593 A739.61757
G1 X3.985 Y57.447 A739.62284
G1 X3.982 Y57.909 A739.63464
G1 X4.119 Y58.046 A739.63959
G1 X4.107 Y58.499 A739.65116
G1 X3.98 Y58.372 A739.65575
G1 X3.978 Y58.834 A739.66755
G1 X4.096 Y58.952 A739.67181
G1 X4.084 Y59.405 A739.68338
G1 X3.975 Y59.296 A739.68732
G1 X3.973 Y59.758 A739.69912
G1 X4.072 Y59.857 A739.70269
G1 X4.06 Y60.31 A739.71426
G1 X3.971 Y60.221 A739.71747
G1 X3.968 Y60.683 A739.72927
G1 X4.049 Y60.763 A739.73218
G1 X4.037 Y61.216 A739.74375
G1 X3.966 Y61.145 A739.74631
G1 X3.963 Y61.607 A739.75811
G1 X4.025 Y61.669 A739.76035
G1 X4.013 Y62.122 A739.77192
G1 X3.96 Y62.069 A739.77383
G1 X3.941 Y65.302 A739.85638
G1 X4.093 Y65.454 A739.86187
G1 A739.56187 F2400
;WIPE_START
G1 F6240
G1 X3.941 Y65.302 A739.48333
G1 X3.959 Y62.233 A738.36187
;WIPE_END
G1 X4.264 Y67.483 F7800
G1 A739.86187 F2400
G1 F3600
G1 X3.93 Y67.15 A739.87391
G1 X3.928 Y67.612 A739.88571
G1 X4.116 Y67.8 A739.8925
G1 X4.115 Y68.263 A739.90432
G1 X3.925 Y68.074 A739.91116
G1 X3.922 Y68.536 A739.92296
G1 X4.114 Y68.727 A739.92988
G1 X4.113 Y69.191 A739.94173
G1 X3.92 Y68.997 A739.94872
G1 X3.917 Y69.459 A739.96052
G1 X4.112 Y69.655 A739.96758
G1 X4.111 Y70.119 A739.97943
G1 X3.914 Y69.921 A739.98656
G1 X3.912 Y70.383 A739.99836
G1 X4.111 Y70.582 A740.00555
G1 X4.11 Y71.046 A740.0174
G1 X3.909 Y70.845 A740.02466
G1 X3.906 Y71.307 A740.03646
G1 X4.109 Y71.51 A740.04379
G1 X4.109 Y71.974 A740.05564
G1 X3.903 Y71.769 A740.06306
G1 X3.901 Y72.231 A740.07486
G1 X4.107 Y72.437 A740.0823
G1 X4.096 Y72.891 A740.0939
G1 X3.751 Y72.546 A740.10636
G1 A739.80636 F2400
;WIPE_START
G1 F6240
G1 X4.096 Y72.891 A739.62809
G1 X4.107 Y72.437 A739.46216
G1 X3.901 Y72.231 A739.35571
G1 X3.903 Y71.769 A739.1869
G1 X4.109 Y71.974 A739.08071
G1 X4.109 Y71.51 A738.91117
G1 X3.906 Y71.307 A738.80627
G1 X3.909 Y70.845 A738.63746
G1 X3.969 Y70.905 A738.60636
;WIPE_END
G1 X-.235 Y3.214 F7800
G1 A740.10636 F2400
;TYPE:Perimeter
;WIDTH:0.449999
;HEIGHT:0.1
G1 F900
G1 X-.182 Y2.713 A740.11534
G1 X-.003 Y2.224 A740.12462
G1 X.321 Y1.741 A740.13498
G1 X.759 Y1.359 A740.14533
G1 X1.016 Y1.213 A740.1506
G1 X1.567 Y1.029 A740.16095
G1 X2.096 Y.987 A740.1704
G1 X2.648 Y1.083 A740.18038
G1 X3.111 Y1.283 A740.18937
G1 X3.576 Y1.642 A740.19984
G1 X3.899 Y2.057 A740.20921
G1 X4.137 Y2.6 A740.21977
G1 X4.222 Y3.149 A740.22967
G1 X4.175 Y3.655 A740.23872
G1 X3.987 Y4.205 A740.24908
G1 X3.662 Y4.687 A740.25944
G1 X3.224 Y5.07 A740.26981
G1 X2.702 Y5.326 A740.28017
G1 X2.186 Y5.43 A740.28955
G1 X1.815 Y5.433 A740.29616
G1 X1.281 Y5.326 A740.30586
G1 X.781 Y5.086 A740.31574
G1 X.366 Y4.742 A740.32534
G1 X.055 Y4.324 A740.33462
G1 X-.168 Y3.777 A740.34514
G1 X-.232 Y3.273 A740.35419
G1 X.203 Y3.215 F7800
G1 F900
G1 X.196 Y3.113 A740.35601
G1 X.277 Y2.668 A740.36407
G1 X.476 Y2.243 A740.37243
G1 X.785 Y1.88 A740.38092
G1 X1.174 Y1.612 A740.38934
G1 X1.625 Y1.454 A740.39785
G1 X2.076 Y1.416 A740.40591
G1 X2.506 Y1.487 A740.41367
G1 X2.963 Y1.699 A740.42265
G1 X3.322 Y2.002 A740.43102
G1 X3.591 Y2.388 A740.4394
G1 X3.75 Y2.83 A740.44777
G1 X3.79 Y3.298 A740.45614
G1 X3.707 Y3.761 A740.46452
G1 X3.507 Y4.186 A740.47289
G1 X3.204 Y4.545 A740.48126
G1 X2.779 Y4.83 A740.49038
G1 X2.376 Y4.973 A740.498
G1 X1.871 Y5.008 A740.50702
G1 X1.445 Y4.93 A740.51474
G1 X1.02 Y4.73 A740.52311
G1 X.661 Y4.427 A740.53148
G1 X.392 Y4.041 A740.53986
G1 X.228 Y3.557 A740.54896
G1 X.208 Y3.274 A740.55401
G1 X.625 Y3.215 F7800
;TYPE:External perimeter
G1 F900
G1 X.621 Y3.169 A740.55483
G1 X.672 Y2.832 A740.5609
G1 X.869 Y2.435 A740.5688
G1 X1.108 Y2.172 A740.57513
G1 X1.332 Y2.01 A740.58006
G1 X1.681 Y1.878 A740.58671
G1 X2.02 Y1.841 A740.59279
G1 X2.363 Y1.891 A740.59897
G1 X2.703 Y2.039 A740.60558
G1 X2.982 Y2.263 A740.61195
G1 X3.195 Y2.552 A740.61835
G1 X3.325 Y2.886 A740.62474
G1 X3.356 Y3.309 A740.6323
G1 X3.311 Y3.597 A740.63749
G1 X3.116 Y3.992 A740.64534
G1 X2.943 Y4.205 A740.65023
G1 X2.615 Y4.434 A740.65736
G1 X2.32 Y4.548 A740.66299
G1 X1.927 Y4.583 A740.67002
G1 X1.609 Y4.534 A740.67575
G1 X1.281 Y4.39 A740.68213
G1 X1.001 Y4.166 A740.68852
G1 X.768 Y3.828 A740.69583
G1 X.654 Y3.507 A740.7019
G1 X.631 Y3.274 A740.70607
G1 A740.40607 F2400
;WIPE_START
G1 F6240
G1 X.625 Y3.215 A740.3844
G1 X.621 Y3.169 A740.36753
G1 X.672 Y2.832 A740.24299
G1 X.869 Y2.435 A740.08105
G1 X1.108 Y2.172 A739.9512
G1 X1.332 Y2.01 A739.85019
G1 X1.681 Y1.878 A739.71385
G1 X2.02 Y1.841 A739.58925
G1 X2.363 Y1.891 A739.4626
G1 X2.703 Y2.039 A739.32711
G1 X2.962 Y2.247 A739.20607
;WIPE_END
G1 X37.351 Y14.297 F7800
G1 A740.70607 F2400
;WIDTH:0.668912
G1 F900
G1 X68.365 Y24.412 A741.58418
G1 A741.28418 F2400
;WIPE_START
G1 F6240
G1 X65.243 Y23.394 A740.08418
;WIPE_END
G1 X2.342 Y72.89 F7800
G1 A741.58418 F2400
;WIDTH:0.66891
G1 F900
G1 X2.379 Y40.266 A742.46235
G1 A742.16235 F2400
;WIPE_START
G1 F6240
G1 X2.375 Y43.55 A740.96235
;WIPE_END
G1 X-64.165 Y25.078 F7800
G1 A742.46235 F2400
;WIDTH:0.668914
G1 F900
G1 X-33.129 Y15.033 A743.34044
G1 A743.04044 F2400
;WIPE_START
G1 F6240
G1 X-36.254 Y16.044 A741.84044
;WIPE_END
G1 X-39.246 Y-52.948 F7800
G1 A743.34044 F2400
;WIDTH:0.668916
G1 F900
G1 X-20.101 Y-26.535 A744.21855
G1 A743.91855 F2400
;WIPE_START
G1 F6240
G1 X-22.028 Y-29.194 A742.71855
;WIPE_END
G1 X42.662 Y-53.36 F7800
G1 A744.21855 F2400
;WIDTH:0.668912
G1 F900
G1 X23.457 Y-26.989 A745.09669
G1 A744.79669 F2400
;WIPE_START
G1 F6240
G1 X25.39 Y-29.644 A743.59669
;WIPE_END
G1 X-2.911 Y3.215 F7800
G1 A745.09669 F2400
;TYPE:Perimeter
;WIDTH:0.449999
G1 F900
G1 X-2.918 Y3.01 A745.10034
G1 X-2.812 Y2.179 A745.11527
G1 X-2.565 Y1.373 A745.13029
G1 X-2.283 Y.788 A745.14186
G1 X-1.967 Y.304 A745.15216
G1 X-1.616 Y-.121 A745.16198
G1 X-1.217 Y-.549 A745.17241
G1 X-.412 Y-1.072 A745.18951
G1 X.353 Y-1.418 A745.20447
G1 X1.161 Y-1.629 A745.21935
G1 X1.863 Y-1.689 A745.2319
G1 X2.435 Y-1.655 A745.24211
G1 X3.06 Y-1.578 A745.25333
G1 X3.627 Y-1.416 A745.26384
G1 X4.58 Y-1 A745.28237
G1 X5.217 Y-.49 A745.29691
G1 X5.747 Y.047 A745.31035
G1 X6.174 Y.635 A745.3233
G1 X6.415 Y1.111 A745.33281
G1 X6.618 Y1.6 A745.34224
G1 X6.815 Y2.288 A745.35499
G1 X6.886 Y2.817 A745.3645
G1 X6.897 Y3.392 A745.37475
G1 X6.809 Y4.431 A745.39333
G1 X6.697 Y4.635 A745.39748
G1 X6.462 Y5.238 A745.40901
G1 X6.223 Y5.679 A745.41795
G1 X5.929 Y6.156 A745.42793
G1 X5.393 Y6.761 A745.44233
G1 X4.881 Y7.175 A745.45406
G1 X4.404 Y7.477 A745.46412
G1 X3.943 Y7.721 A745.47341
G1 X3.434 Y7.91 A745.48308
G1 X2.375 Y8.145 A745.50241
G1 X1.488 Y8.103 A745.51823
G1 X.705 Y7.957 A745.53242
G1 X-.03 Y7.693 A745.54633
G1 X-.76 Y7.286 A745.56122
G1 X-1.319 Y6.834 A745.57403
G1 X-1.638 Y6.501 A745.58225
G1 X-2.054 Y5.996 A745.59391
G1 X-2.357 Y5.495 A745.60434
G1 X-2.619 Y5.004 A745.61426
G1 X-2.75 Y4.429 A745.62477
G1 X-2.894 Y3.705 A745.63792
G1 X-2.909 Y3.274 A745.6456
G1 X-3.34 Y3.215 F7800
G1 F900
G1 X-3.348 Y2.99 A745.64961
G1 X-3.232 Y2.089 A745.6658
G1 X-2.965 Y1.216 A745.68207
G1 X-2.657 Y.577 A745.69471
G1 X-2.363 Y.126 A745.7043
G1 X-2.046 Y-.282 A745.71351
G1 X-1.653 Y-.69 A745.7236
G1 X-1.504 Y-.923 A745.72853
G1 X-1.513 Y-.988 A745.7297
G1 X-1.45 Y-.968 A745.73088
G1 X-1.207 Y-1.064 A745.73554
G1 X-.619 Y-1.449 A745.74806
G1 X.209 Y-1.824 A745.76425
G1 X1.089 Y-2.053 A745.78045
G1 X1.988 Y-2.129 A745.79652
G1 X3.033 Y-2.027 A745.81523
G1 X3.537 Y-1.897 A745.8245
G1 X4.051 Y-1.713 A745.83423
G1 X4.581 Y-1.457 A745.84472
G1 X4.847 Y-1.389 A745.84961
G1 X4.905 Y-1.417 A745.85076
G1 X4.906 Y-1.352 A745.85192
G1 X5.078 Y-1.145 A745.85672
G1 X5.504 Y-.811 A745.86636
G1 X6.074 Y-.231 A745.88085
G1 X6.541 Y.41 A745.89498
G1 X6.95 Y1.222 A745.91118
G1 X7.183 Y1.98 A745.92531
G1 X7.291 Y2.552 A745.93568
G1 X7.331 Y3.064 A745.94483
G1 X7.315 Y3.613 A745.95462
G1 X7.245 Y4.171 A745.96464
G1 X7.252 Y4.507 A745.97063
G1 X7.298 Y4.555 A745.97181
G1 X7.235 Y4.575 A745.97299
G1 X7.096 Y4.79 A745.97755
G1 X6.861 Y5.394 A745.9891
G1 X6.594 Y5.895 A745.99921
G1 X6.269 Y6.419 A746.0102
G1 X5.69 Y7.072 A746.02575
G1 X4.983 Y7.643 A746.04194
G1 X4.216 Y8.074 A746.05762
G1 X3.723 Y8.266 A746.06705
G1 X3.213 Y8.414 A746.07651
G1 X2.644 Y8.516 A746.08681
G1 X2.388 Y8.617 A746.09171
G1 X2.357 Y8.675 A746.09288
G1 X2.318 Y8.621 A746.09407
G1 X2.06 Y8.556 A746.09881
G1 X1.439 Y8.53 A746.10988
G1 X.593 Y8.372 A746.12521
G1 X-.208 Y8.085 A746.14037
G1 X-1.001 Y7.642 A746.15655
G1 X-1.706 Y7.073 A746.17269
G1 X-2.234 Y6.471 A746.18696
G1 X-2.515 Y6.073 A746.19564
G1 X-2.824 Y5.522 A746.2069
G1 X-3.023 Y5.261 A746.21275
G1 X-3.089 Y5.25 A746.21394
G1 X-3.049 Y5.196 A746.21514
G1 X-3.045 Y5.043 A746.21787
G1 X-3.322 Y3.739 A746.24162
G1 X-3.338 Y3.275 A746.24989
G1 A745.94989 F2400
;WIPE_START
G1 F6240
G1 X-3.34 Y3.215 A745.92795
G1 X-3.348 Y2.99 A745.84569
G1 X-3.232 Y2.089 A745.51376
G1 X-2.965 Y1.216 A745.18019
G1 X-2.657 Y.577 A744.921
G1 X-2.401 Y.185 A744.74989
;WIPE_END
G1 X2.164 Y9.087 F7800
G1 A746.24989 F2400
;TYPE:External perimeter
G1 F2880
G1 X2.128 Y9.006 A746.25147
G1 X2.042 Y8.984 A746.25305
G1 X1.391 Y8.957 A746.26466
G1 X.48 Y8.787 A746.28117
G1 X-.386 Y8.476 A746.29756
G1 X-1.242 Y7.998 A746.31503
G1 X-2.004 Y7.383 A746.33248
G1 X-2.661 Y6.635 A746.35022
G1 X-3.017 Y6.088 A746.36185
G1 X-3.288 Y5.598 A746.37183
G1 X-3.402 Y5.604 A746.37386
;WIDTH:0.413989
G1 X-3.515 Y5.61 A746.37571
;WIDTH:0.377979
G1 X-6.458 Y6.574 A746.42161
;WIDTH:0.353492
G1 X-32.699 Y15.063 A746.80233
;WIDTH:0.391536
G1 X-32.76 Y15.059 A746.80327
;WIDTH:0.437766
G1 X-32.822 Y15.055 A746.80435
;WIDTH:0.483995
G1 X-32.883 Y15.05 A746.80553
;WIDTH:0.530225
G1 X-32.945 Y15.046 A746.80684
;WIDTH:0.576455
G1 X-33.006 Y15.041 A746.80825
;WIDTH:0.622684
G1 X-33.067 Y15.037 A746.80978
;WIDTH:0.668914
G1 X-33.129 Y15.033 A746.81145
G1 X-33.082 Y14.993 A746.81311
;WIDTH:0.622684
G1 X-33.035 Y14.953 A746.81465
;WIDTH:0.576455
G1 X-32.987 Y14.914 A746.81608
;WIDTH:0.530225
G1 X-32.94 Y14.874 A746.81739
;WIDTH:0.483995
G1 X-32.893 Y14.835 A746.81856
;WIDTH:0.437766
G1 X-32.846 Y14.795 A746.81963
;WIDTH:0.391536
G1 X-32.798 Y14.755 A746.82059
;WIDTH:0.353492
G1 X-6.559 Y6.258 A747.20132
;WIDTH:0.377979
G1 X-3.628 Y5.272 A747.24716
;WIDTH:0.413989
G1 X-3.551 Y5.203 A747.24885
;WIDTH:0.449999
G1 X-3.473 Y5.134 A747.25071
G1 X-3.477 Y5.054 A747.25214
G1 X-3.667 Y4.301 A747.26598
G1 X-3.75 Y3.773 A747.2755
G1 X-3.777 Y2.97 A747.28981
G1 X-3.653 Y1.998 A747.30727
G1 X-3.366 Y1.06 A747.32475
G1 X-3.031 Y.366 A747.33848
G1 X-2.662 Y-.2 A747.35052
G1 X-2.306 Y-.643 A747.36065
G1 X-1.907 Y-1.07 A747.37106
G1 X-1.948 Y-1.177 A747.3731
;WIDTH:0.413985
G1 X-1.989 Y-1.284 A747.37497
;WIDTH:0.377971
G1 X-3.815 Y-3.784 A747.42086
;WIDTH:0.353492
G1 X-19.997 Y-26.116 A747.80156
;WIDTH:0.391536
G1 X-20.012 Y-26.176 A747.80251
;WIDTH:0.437766
G1 X-20.027 Y-26.236 A747.80358
;WIDTH:0.483996
G1 X-20.042 Y-26.296 A747.80477
;WIDTH:0.530226
G1 X-20.057 Y-26.356 A747.80608
;WIDTH:0.576456
G1 X-20.071 Y-26.416 A747.8075
;WIDTH:0.622686
G1 X-20.086 Y-26.475 A747.80902
;WIDTH:0.668916
G1 X-20.101 Y-26.535 A747.81068
G1 X-20.049 Y-26.503 A747.81232
;WIDTH:0.622686
G1 X-19.996 Y-26.47 A747.81388
;WIDTH:0.576456
G1 X-19.944 Y-26.437 A747.8153
;WIDTH:0.530226
G1 X-19.892 Y-26.405 A747.81659
;WIDTH:0.483996
G1 X-19.84 Y-26.372 A747.81777
;WIDTH:0.437766
G1 X-19.787 Y-26.339 A747.81885
;WIDTH:0.391536
G1 X-19.735 Y-26.306 A747.8198
;WIDTH:0.353492
G1 X-3.545 Y-3.977 A748.20053
;WIDTH:0.377971
G1 X-1.702 Y-1.495 A748.24635
;WIDTH:0.413985
G1 X-1.612 Y-1.443 A748.24805
;WIDTH:0.449999
G1 X-1.523 Y-1.391 A748.24989
G1 X-1.442 Y-1.423 A748.25144
G1 X-.826 Y-1.826 A748.26456
G1 X.066 Y-2.229 A748.282
G1 X1.016 Y-2.477 A748.29949
G1 X1.99 Y-2.56 A748.31691
G1 X3.108 Y-2.451 A748.33692
G1 X3.762 Y-2.282 A748.34895
G1 X4.308 Y-2.074 A748.35936
G1 X4.862 Y-1.817 A748.37024
G1 X4.951 Y-1.889 A748.37228
;WIDTH:0.413986
G1 X5.039 Y-1.961 A748.37414
;WIDTH:0.377973
G1 X6.853 Y-4.471 A748.42004
;WIDTH:0.353492
G1 X23.091 Y-26.761 A748.80073
;WIDTH:0.391535
G1 X23.143 Y-26.793 A748.80167
;WIDTH:0.437764
G1 X23.196 Y-26.826 A748.80275
;WIDTH:0.483994
G1 X23.248 Y-26.859 A748.80393
;WIDTH:0.530223
G1 X23.3 Y-26.891 A748.80522
;WIDTH:0.576453
G1 X23.353 Y-26.924 A748.80666
;WIDTH:0.622683
G1 X23.405 Y-26.956 A748.80819
;WIDTH:0.668912
G1 X23.457 Y-26.989 A748.80985
G1 X23.442 Y-26.929 A748.81151
;WIDTH:0.622683
G1 X23.428 Y-26.869 A748.81305
;WIDTH:0.576453
G1 X23.413 Y-26.809 A748.81448
;WIDTH:0.530223
G1 X23.398 Y-26.75 A748.81577
;WIDTH:0.483994
G1 X23.383 Y-26.69 A748.81696
;WIDTH:0.437764
G1 X23.368 Y-26.63 A748.81803
;WIDTH:0.391535
G1 X23.353 Y-26.57 A748.81898
;WIDTH:0.353492
G1 X7.121 Y-4.275 A749.19967
;WIDTH:0.377973
G1 X5.329 Y-1.754 A749.24551
;WIDTH:0.413986
G1 X5.307 Y-1.652 A749.24721
;WIDTH:0.449999
G1 X5.285 Y-1.551 A749.24905
G1 X5.342 Y-1.482 A749.25064
G1 X5.79 Y-1.131 A749.26078
G1 X6.402 Y-.509 A749.27633
G1 X6.908 Y.186 A749.29165
G1 X7.349 Y1.062 A749.30912
G1 X7.637 Y2.001 A749.32662
G1 X7.731 Y2.589 A749.33723
G1 X7.766 Y3.157 A749.34737
G1 X7.734 Y3.822 A749.35923
G1 X7.664 Y4.39 A749.36943
G1 X7.76 Y4.452 A749.37147
;WIDTH:0.413984
G1 X7.856 Y4.514 A749.37333
;WIDTH:0.377969
G1 X10.803 Y5.463 A749.41922
;WIDTH:0.353492
G1 X37.021 Y14.019 A749.79993
;WIDTH:0.391535
G1 X37.069 Y14.059 A749.80089
;WIDTH:0.437764
G1 X37.116 Y14.098 A749.80195
;WIDTH:0.483994
G1 X37.163 Y14.138 A749.80314
;WIDTH:0.530223
G1 X37.21 Y14.178 A749.80445
;WIDTH:0.576453
G1 X37.257 Y14.217 A749.80586
;WIDTH:0.622683
G1 X37.304 Y14.257 A749.8074
;WIDTH:0.668912
G1 X37.351 Y14.297 A749.80906
G1 X37.29 Y14.301 A749.81071
;WIDTH:0.622683
G1 X37.228 Y14.305 A749.81226
;WIDTH:0.576453
G1 X37.167 Y14.31 A749.81367
;WIDTH:0.530223
G1 X37.105 Y14.314 A749.81498
;WIDTH:0.483994
G1 X37.044 Y14.318 A749.81616
;WIDTH:0.437764
G1 X36.982 Y14.322 A749.81724
;WIDTH:0.391535
G1 X36.921 Y14.327 A749.81818
;WIDTH:0.353492
G1 X10.698 Y5.778 A750.19892
;WIDTH:0.377969
G1 X7.748 Y4.853 A750.24474
;WIDTH:0.413984
G1 X7.645 Y4.864 A750.24643
;WIDTH:0.449999
G1 X7.542 Y4.874 A750.24827
G1 X7.496 Y4.946 A750.24979
G1 X7.261 Y5.549 A750.26132
G1 X6.964 Y6.111 A750.27265
G1 X6.609 Y6.681 A750.28461
G1 X5.987 Y7.383 A750.30132
G1 X5.225 Y7.999 A750.31878
G1 X4.399 Y8.463 A750.33566
G1 X3.77 Y8.707 A750.34768
G1 X3.214 Y8.858 A750.35794
G1 X2.627 Y8.973 A750.3686
G1 X2.598 Y9.083 A750.37063
;WIDTH:0.413985
G1 X2.568 Y9.193 A750.37249
;WIDTH:0.37797
G1 X2.576 Y12.289 A750.41838
;WIDTH:0.353491
G1 X2.541 Y39.867 A750.79907
;WIDTH:0.391534
G1 X2.518 Y39.924 A750.80002
;WIDTH:0.437763
G1 X2.495 Y39.981 A750.80108
;WIDTH:0.483992
G1 X2.471 Y40.038 A750.80227
;WIDTH:0.530222
G1 X2.448 Y40.095 A750.80357
;WIDTH:0.576451
G1 X2.425 Y40.152 A750.80499
;WIDTH:0.622681
G1 X2.402 Y40.209 A750.80653
;WIDTH:0.66891
G1 X2.379 Y40.266 A750.80818
G1 X2.355 Y40.209 A750.80984
;WIDTH:0.622681
G1 X2.332 Y40.152 A750.81138
;WIDTH:0.576451
G1 X2.309 Y40.095 A750.8128
;WIDTH:0.530222
G1 X2.286 Y40.038 A750.8141
;WIDTH:0.483992
G1 X2.263 Y39.981 A750.81528
;WIDTH:0.437763
G1 X2.24 Y39.923 A750.81636
;WIDTH:0.391534
G1 X2.217 Y39.866 A750.81731
;WIDTH:0.353491
G1 X2.244 Y12.287 A751.19802
;WIDTH:0.37797
G1 X2.212 Y9.195 A751.24385
;WIDTH:0.413985
G1 X2.188 Y9.142 A751.2448
G1 A750.9448 F2400
;WIPE_START
G1 F6240
G1 X2.164 Y9.087 A750.92287
G1 X2.128 Y9.006 A750.89048
G1 X2.042 Y8.984 A750.85805
G1 X1.391 Y8.957 A750.61998
G1 X.48 Y8.787 A750.28137
G1 X-.386 Y8.476 A749.94516
G1 X-.865 Y8.209 A749.7448
;WIPE_END
G1 X-1.826 Y6.003 F7800
G1 A751.2448 F2400
;TYPE:Solid infill
;WIDTH:0.36146
G1 F3600
G1 X-1.259 Y6.607 A751.25651
G1 X-.665 Y7.142 A751.26781
G1 X.174 Y7.444 F7800
G1 F3600
G1 X.185 Y7.485 A751.26841
G1 X.114 Y7.504 A751.26945
G1 X.133 Y7.433 A751.27049
;WIDTH:0.40573
G1 X-.013 Y7.343 A751.27323
;WIDTH:0.449999
G1 X-.159 Y7.253 A751.27629
G1 X-2.079 Y5.333 A751.32467
G1 X-2.18 Y5.168 A751.32812
;WIDTH:0.40573
G1 X-2.28 Y5.003 A751.3312
;WIDTH:0.36146
G1 X-2.269 Y5.044 A751.3318
G1 X-2.34 Y5.063 A751.33284
G1 X-2.321 Y4.992 A751.33388
;WIDTH:0.449999
G1 X-2.441 Y4.365 A751.34525
G1 X.851 Y7.657 A751.4282
G1 X1.585 Y7.785 A751.44147
G1 X-2.575 Y3.625 A751.54629
G1 X-2.593 Y3.001 A751.55741
G1 X2.227 Y7.822 A751.67887
G1 X3.043 Y7.787 A751.69342
;WIDTH:0.36146
G1 X3.024 Y7.858 A751.69446
G1 X3.095 Y7.839 A751.6955
G1 X3.084 Y7.798 A751.6961
;WIDTH:0.40573
G1 X2.917 Y7.769 A751.69881
;WIDTH:0.449999
G1 X2.751 Y7.739 A751.70182
G1 X-2.524 Y2.464 A751.83473
G1 X-2.412 Y1.97 A751.84375
G1 X-.453 Y3.93 A751.89312
G1 X-.354 Y4.081 A751.89634
;WIDTH:0.40573
G1 X-.256 Y4.233 A751.89923
;WIDTH:0.36146
G1 X.323 Y4.93 A751.91204
G1 X.78 Y5.327 A751.9206
G1 X.968 Y5.457 A751.92383
;WIDTH:0.449999
G1 X1.271 Y5.654 A751.93027
G1 X3.246 Y7.628 A751.98002
G1 X3.696 Y7.472 A751.98851
G1 X1.987 Y5.763 A752.03157
G1 X3.298 Y5.863 F7800
G1 F3600
G1 X3.678 Y5.666 A752.0392
G1 X4.209 Y5.201 A752.05178
G1 X4.529 Y4.774 A752.06129
G1 X4.672 Y4.491 A752.06694
G1 X4.897 Y3.865 A752.07879
G1 X4.966 Y3.288 A752.08914
G1 X6.021 Y4.343 A752.11572
G1 X5.751 Y5 A752.12838
G1 X5.354 Y5.66 A752.1421
G1 X5.05 Y6.018 A752.15047
G1 X4.612 Y6.428 A752.16116
G1 X4.179 Y6.743 A752.1707
G1 X3.45 Y6.014 A752.18907
G1 X3.96 Y5.955 A752.19822
;WIDTH:0.398806
G1 X4.53 Y5.441 A752.21026
;WIDTH:0.3935
G1 X4.848 Y5.012 A752.21852
;WIDTH:0.403232
G1 X5.042 Y4.655 A752.22497
G1 X5.242 Y4.135 A752.23381
;WIDTH:0.399811
G1 X5.546 Y4.438 A752.24056
G1 X5.296 Y4.98 A752.24995
;WIDTH:0.404251
G1 X4.986 Y5.479 A752.2593
G1 X4.624 Y5.891 A752.26803
;WIDTH:0.398806
G1 X4.227 Y6.221 A752.27613
G1 X4.112 Y6.106 A752.27868
G1 A751.97868 F2400
;WIPE_START
G1 F6240
G1 X4.227 Y6.221 A751.91926
G1 X4.624 Y5.891 A751.73063
G1 X4.986 Y5.479 A751.53024
G1 X5.296 Y4.98 A751.31559
G1 X5.546 Y4.438 A751.0975
G1 X5.242 Y4.135 A750.94067
G1 X5.083 Y4.548 A750.77868
;WIPE_END
G1 X-.557 Y3.219 F7800
G1 A752.27868 F2400
;WIDTH:0.449999
G1 F3600
G1 X-2.27 Y1.506 A752.32184
G1 X-1.923 Y1.247 A752.32955
G1 X-.5 Y2.67 A752.3654
G1 X-.411 Y2.369 A752.37099
G1 X-.196 Y1.902 A752.38015
G1 X.143 Y1.462 A752.39005
G1 X.803 Y.961 A752.40481
G1 X1.336 Y.751 A752.41502
G1 X2.088 Y.668 A752.4285
G1 X2.753 Y.783 A752.44052
;WIDTH:0.456513
G1 X3.252 Y.992 A752.45031
;WIDTH:0.457534
G1 X3.297 Y1.019 A752.45126
G1 X2.915 Y.63 A752.46114
;WIDTH:0.449999
G1 X1.096 Y-1.188 A752.50696
G1 X1.096 Y-1.28 A752.5086
G1 X.46 Y-1.114 A752.52031
G1 X-.259 Y-.789 A752.53437
G1 X-.967 Y-.347 A752.54924
G1 X-1.36 Y.077 A752.55954
G1 X-1.681 Y.461 A752.56846
G1 X-1.995 Y.935 A752.57859
G1 X-2.074 Y1.096 A752.58179
G1 X-1.541 Y1.023 A752.59137
G1 X-1.37 Y.761 A752.59694
G1 X-1.055 Y.379 A752.60576
G1 X-.676 Y-.024 A752.61562
G1 X-.057 Y-.41 A752.62862
G1 X.481 Y-.653 A752.63914
G1 X.894 Y-.784 A752.64686
G1 X1.931 Y.253 A752.67299
G1 X1.184 Y.35 A752.68641
G1 X.552 Y.613 A752.69861
G1 X-.167 Y1.163 A752.71474
G1 X-.507 Y1.594 A752.72452
G1 X-.666 Y1.898 A752.73063
G1 X-1.389 Y1.175 A752.74885
G1 X-1.02 Y.97 A752.75637
;WIDTH:0.40399
G1 X-.768 Y.663 A752.76269
;WIDTH:0.422061
G1 X-.365 Y.27 A752.77207
G1 X.146 Y-.057 A752.78217
;WIDTH:0.402379
G1 X.772 Y-.335 A752.79302
;WIDTH:0.401426
G1 X1.071 Y-.035 A752.79971
G1 X.793 Y.066 A752.80438
;WIDTH:0.403117
G1 X.315 Y.285 A752.81272
G1 X-.404 Y.826 A752.827
;WIDTH:0.40399
G1 X-.747 Y1.244 A752.8356
G1 X-.869 Y1.122 A752.83834
G1 A752.53834 F2400
;WIPE_START
G1 F6240
G1 X-.747 Y1.244 A752.4753
G1 X-.404 Y.826 A752.27773
G1 X.315 Y.285 A751.94896
G1 X.793 Y.066 A751.75685
G1 X1.071 Y-.035 A751.64878
G1 X.772 Y-.335 A751.49402
G1 X.383 Y-.162 A751.33834
;WIPE_END
G1 X3.297 Y1.019 F7800
G1 A752.83834 F2400
;WIDTH:0.457534
G1 F3600
G1 X3.538 Y1.231 A752.84416
;WIDTH:0.417287
G1 X3.779 Y1.443 A752.84944
;WIDTH:0.404907
G1 X3.947 Y1.631 A752.85346
;WIDTH:0.432774
G1 X4.115 Y1.819 A752.85777
;WIDTH:0.434383
G1 X4.138 Y1.848 A752.85841
;WIDTH:0.449999
G1 X6.41 Y4.126 A752.91573
G1 X6.509 Y4.131 A752.9175
G1 X6.483 Y4.347 A752.92138
G1 X6.135 Y5.194 A752.93769
G1 X5.672 Y5.961 A752.95365
G1 X5.17 Y6.528 A752.96714
G1 X4.561 Y7.02 A752.98109
G1 X4.106 Y7.276 A752.99039
G1 X2.529 Y5.699 A753.03012
G1 X2.689 Y5.668 A753.03302
G1 X3.404 Y5.336 A753.04707
G1 X3.866 Y4.945 A753.05785
G1 X4.186 Y4.517 A753.06737
G1 X4.389 Y4.071 A753.0761
G1 X4.49 Y3.719 A753.08262
G1 X4.542 Y3.162 A753.09259
G1 X4.434 Y2.48 A753.10489
G1 X4.229 Y2.042 A753.11351
G1 A752.81351 F2400
;WIPE_START
G1 F6240
G1 X4.434 Y2.48 A752.63681
G1 X4.542 Y3.162 A752.38451
G1 X4.49 Y3.719 A752.18011
G1 X4.389 Y4.071 A752.0463
G1 X4.186 Y4.517 A751.86725
G1 X3.866 Y4.945 A751.67199
G1 X3.744 Y5.048 A751.61351
;WIPE_END
G1 X6.562 Y3.671 F7800
G1 A753.11351 F2400
G1 F3600
G1 X1.551 Y-1.339 A753.23976
G1 X2.135 Y-1.361 A753.25017
G1 X6.58 Y3.084 A753.36217
G1 X6.508 Y2.406 A753.37432
G1 X2.806 Y-1.296 A753.4676
G1 X3.555 Y-1.118 A753.48132
;WIDTH:0.398882
G1 X4.504 Y-.701 A753.49759
;WIDTH:0.428309
G1 X5.015 Y-.254 A753.50907
G1 X5.519 Y.26 A753.52125
;WIDTH:0.425464
G1 X5.725 Y.521 A753.52683
;WIDTH:0.400066
G1 X5.931 Y.783 A753.53208
;WIDTH:0.374668
G1 X6.285 Y1.484 A753.54361
G1 X6.35 Y1.695 A753.54685
G1 X5.655 Y1 A753.56128
;WIDTH:0.400066
G1 X5.434 Y.761 A753.5664
;WIDTH:0.425464
G1 X5.213 Y.522 A753.57187
;WIDTH:0.428309
G1 X4.249 Y-.423 A753.5947
;WIDTH:0.398882
G1 X3.706 Y-.966 A753.60675
M106 P183.6
;LAYER_CHANGE
;Z:2.5
;HEIGHT:0.0999999
G1 A753.30675 F2400
;WIPE_START
G1 F6240
G1 X4.249 Y-.423 A753.02616
G1 X5.213 Y.522 A752.53291
G1 X5.434 Y.761 A752.41397
G1 X5.655 Y1 A752.29503
G1 X6.02 Y1.365 A752.10675
;WIPE_END
G1 Z2.5 F7800
G1 X-.222 Y3.214
G1 A753.60675 F2400
;TYPE:Perimeter
;WIDTH:0.449999
G1 F900
G1 X-.192 Y2.774 A753.61461
G1 X-.003 Y2.224 A753.62497
G1 X.321 Y1.741 A753.63533
G1 X.759 Y1.359 A753.64568
G1 X.961 Y1.237 A753.64988
G1 X1.403 Y1.061 A753.65836
G1 X1.901 Y.986 A753.66733
G1 X2.432 Y1.031 A753.67682
G1 X2.922 Y1.195 A753.68603
G1 X3.224 Y1.359 A753.69215
G1 X3.646 Y1.721 A753.70206
G1 X3.954 Y2.152 A753.7115
G1 X4.168 Y2.731 A753.7225
G1 X4.223 Y3.265 A753.73206
G1 X4.144 Y3.806 A753.7418
G1 X3.912 Y4.352 A753.75237
G1 X3.547 Y4.815 A753.76287
G1 X3.097 Y5.153 A753.7729
G1 X2.572 Y5.37 A753.78302
G1 X1.969 Y5.446 A753.79385
G1 X1.411 Y5.37 A753.80388
G1 X.889 Y5.155 A753.81394
G1 X.438 Y4.817 A753.82398
G1 X.09 Y4.382 A753.83391
G1 X-.119 Y3.925 A753.84286
G1 X-.231 Y3.354 A753.85323
G1 X-.226 Y3.274 A753.85466
G1 X.201 Y3.215 F7800
G1 F900
G1 X.194 Y3.131 A753.85616
G1 X.277 Y2.668 A753.86454
G1 X.476 Y2.243 A753.8729
G1 X.78 Y1.884 A753.88128
G1 X1.141 Y1.626 A753.88919
G1 X1.641 Y1.451 A753.89863
G1 X2.076 Y1.416 A753.90641
G1 X2.538 Y1.499 A753.91477
G1 X2.963 Y1.699 A753.92314
G1 X3.322 Y2.002 A753.93151
G1 X3.591 Y2.388 A753.93989
G1 X3.75 Y2.83 A753.94826
G1 X3.79 Y3.298 A753.95663
G1 X3.707 Y3.761 A753.96501
G1 X3.507 Y4.186 A753.97338
G1 X3.204 Y4.545 A753.98175
G1 X2.778 Y4.83 A753.99088
G1 X2.376 Y4.973 A753.99848
G1 X1.862 Y5.007 A754.00766
G1 X1.445 Y4.93 A754.01522
G1 X1.02 Y4.73 A754.02359
G1 X.661 Y4.427 A754.03196
G1 X.379 Y4.008 A754.04096
G1 X.233 Y3.599 A754.0487
G1 X.206 Y3.274 A754.05451
G1 X.622 Y3.215 F7800
;TYPE:External perimeter
G1 F900
G1 X.618 Y3.186 A754.05503
G1 X.672 Y2.832 A754.06141
G1 X.858 Y2.449 A754.069
G1 X1.04 Y2.224 A754.07416
G1 X1.321 Y2.015 A754.0804
G1 X1.697 Y1.876 A754.08754
G1 X2.02 Y1.841 A754.09333
G1 X2.374 Y1.895 A754.09971
G1 X2.703 Y2.039 A754.10611
G1 X2.982 Y2.263 A754.11248
G1 X3.195 Y2.552 A754.11888
G1 X3.325 Y2.886 A754.12527
G1 X3.357 Y3.303 A754.13272
G1 X3.311 Y3.597 A754.13802
G1 X3.167 Y3.925 A754.1444
G1 X2.943 Y4.205 A754.15079
G1 X2.614 Y4.434 A754.15793
G1 X2.32 Y4.548 A754.16355
G1 X1.918 Y4.582 A754.17074
G1 X1.609 Y4.534 A754.17631
G1 X1.281 Y4.39 A754.18269
G1 X1.001 Y4.166 A754.18908
G1 X.775 Y3.844 A754.19609
G1 X.658 Y3.543 A754.20184
G1 X.628 Y3.274 A754.20666
G1 A753.90666 F2400
;WIPE_START
G1 F6240
G1 X.622 Y3.215 A753.88499
G1 X.618 Y3.186 A753.87429
G1 X.672 Y2.832 A753.74345
G1 X.858 Y2.449 A753.58788
G1 X1.04 Y2.224 A753.48214
G1 X1.321 Y2.015 A753.35418
G1 X1.697 Y1.876 A753.20771
G1 X2.02 Y1.841 A753.089
G1 X2.374 Y1.895 A752.95816
G1 X2.703 Y2.039 A752.82694
G1 X2.96 Y2.245 A752.70666
;WIPE_END
G1 X61.421 Y21.938 F7800
G1 A754.20666 F2400
;WIDTH:0.668546
G1 F900
G1 X68.424 Y24.229 A754.40489
G1 A754.10489 F2400
;WIPE_START
G1 F6240
G1 X65.303 Y23.208 A752.90489
;WIPE_END
G1 X42.506 Y-53.473 F7800
G1 A754.40489 F2400
G1 F900
G1 X38.164 Y-47.521 A754.60309
G1 A754.30309 F2400
;WIPE_START
G1 F6240
G1 X40.1 Y-50.174 A753.10309
;WIPE_END
G1 X-39.401 Y-52.834 F7800
G1 A754.60309 F2400
;WIDTH:0.668544
G1 F900
G1 X-35.083 Y-46.866 A754.80126
G1 A754.50126 F2400
;WIPE_START
G1 F6240
G1 X-37.008 Y-49.527 A753.30126
;WIPE_END
G1 X-64.105 Y25.262 F7800
G1 A754.80126 F2400
G1 F900
G1 X-57.093 Y22.998 A754.99949
G1 A754.69949 F2400
;WIPE_START
G1 F6240
G1 X-60.218 Y24.007 A753.49949
;WIPE_END
G1 X2.535 Y72.889 F7800
G1 A754.99949 F2400
;WIDTH:0.66854
G1 F900
G1 X2.549 Y65.521 A755.19771
G1 A754.89771 F2400
;WIPE_START
G1 F6240
G1 X2.543 Y68.805 A753.69771
;WIPE_END
G1 X-2.91 Y3.215 F7800
G1 A755.19771 F2400
;TYPE:Perimeter
;WIDTH:0.449999
G1 F900
G1 X-2.918 Y3.008 A755.2014
G1 X-2.827 Y2.292 A755.21426
G1 X-2.702 Y1.82 A755.22296
G1 X-2.521 Y1.281 A755.23309
G1 X-2.241 Y.723 A755.24421
G1 X-1.937 Y.266 A755.25399
G1 X-1.57 Y-.167 A755.2641
G1 X-1.365 Y-.471 A755.27063
G1 X-1.119 Y-.588 A755.27548
G1 X-.399 Y-1.079 A755.29101
G1 X.213 Y-1.362 A755.30302
G1 X1.171 Y-1.63 A755.32074
G1 X1.878 Y-1.69 A755.33338
G1 X2.419 Y-1.663 A755.34303
G1 X2.931 Y-1.603 A755.35221
G1 X3.627 Y-1.416 A755.36505
G1 X4.112 Y-1.215 A755.3744
G1 X4.46 Y-1.116 A755.38085
G1 X4.502 Y-1.055 A755.38217
G1 X5.27 Y-.44 A755.3997
G1 X5.727 Y.022 A755.41128
G1 X6.175 Y.635 A755.42481
G1 X6.551 Y1.382 A755.43971
G1 X6.801 Y2.196 A755.45488
G1 X6.881 Y2.733 A755.46455
G1 X6.904 Y3.245 A755.47368
G1 X6.857 Y3.884 A755.4851
G1 X6.873 Y4.223 A755.49115
G1 X6.827 Y4.283 A755.4925
G1 X6.652 Y4.779 A755.50187
G1 X6.424 Y5.336 A755.51259
G1 X5.918 Y6.169 A755.52995
G1 X5.393 Y6.761 A755.54405
G1 X4.881 Y7.175 A755.55578
G1 X4.405 Y7.477 A755.56582
G1 X3.945 Y7.72 A755.57509
G1 X3.446 Y7.907 A755.58458
G1 X2.856 Y8.049 A755.59539
G1 X2.541 Y8.169 A755.6014
G1 X2.27 Y8.12 A755.60631
G1 X1.494 Y8.103 A755.62014
G1 X.712 Y7.959 A755.63431
G1 X-.031 Y7.693 A755.64837
G1 X-.76 Y7.286 A755.66325
G1 X-1.319 Y6.834 A755.67606
G1 X-1.638 Y6.501 A755.68428
G1 X-2.052 Y6 A755.69586
G1 X-2.329 Y5.549 A755.70529
G1 X-2.551 Y5.268 A755.71167
G1 X-2.592 Y4.979 A755.71687
G1 X-2.768 Y4.414 A755.72741
G1 X-2.887 Y3.806 A755.73845
G1 X-2.908 Y3.275 A755.74792
G1 X-3.339 Y3.215 F7800
G1 F900
G1 X-3.348 Y2.989 A755.75195
G1 X-3.232 Y2.089 A755.76812
G1 X-3.045 Y1.475 A755.77956
G1 X-2.834 Y.944 A755.78974
G1 X-2.601 Y.49 A755.79883
G1 X-2.27 Y-.003 A755.80941
G1 X-1.822 Y-.528 A755.82171
G1 X-1.707 Y-.759 A755.82631
G1 X-1.727 Y-.87 A755.82832
G1 X-1.619 Y-.839 A755.83032
G1 X-1.36 Y-.942 A755.83529
G1 X-.611 Y-1.453 A755.85144
G1 X.064 Y-1.765 A755.86469
G1 X1.094 Y-2.053 A755.88374
G1 X1.992 Y-2.13 A755.8998
G1 X2.762 Y-2.064 A755.91357
G1 X3.285 Y-1.958 A755.92308
G1 X3.845 Y-1.791 A755.93349
G1 X4.373 Y-1.569 A755.94369
G1 X4.628 Y-1.531 A755.94828
G1 X4.727 Y-1.585 A755.95029
G1 X4.731 Y-1.472 A755.9523
G1 X4.822 Y-1.34 A755.95516
G1 X5.701 Y-.62 A755.9754
G1 X6.057 Y-.252 A755.98452
G1 X6.541 Y.411 A755.99915
G1 X6.883 Y1.087 A756.01265
G1 X7.095 Y1.694 A756.02411
G1 X7.243 Y2.248 A756.03433
G1 X7.313 Y2.791 A756.04408
G1 X7.325 Y3.413 A756.05516
G1 X7.282 Y3.94 A756.06458
G1 X7.319 Y4.256 A756.07025
G1 X7.401 Y4.333 A756.07225
G1 X7.295 Y4.372 A756.07426
G1 X7.197 Y4.499 A756.07712
G1 X7.057 Y4.918 A756.08499
G1 X6.808 Y5.53 A756.09676
G1 X6.264 Y6.424 A756.11541
G1 X5.69 Y7.072 A756.13083
G1 X5.098 Y7.55 A756.14439
G1 X4.615 Y7.85 A756.15452
G1 X4.101 Y8.119 A756.16486
G1 X3.558 Y8.32 A756.17518
G1 X2.935 Y8.47 A756.1866
G1 X2.648 Y8.603 A756.19224
G1 X2.599 Y8.705 A756.19426
G1 X2.529 Y8.616 A756.19628
G1 X2.259 Y8.548 A756.20124
G1 X1.45 Y8.53 A756.21566
G1 X.601 Y8.374 A756.23104
G1 X-.209 Y8.085 A756.24636
G1 X-1.001 Y7.642 A756.26253
G1 X-1.706 Y7.073 A756.27867
G1 X-2.411 Y6.234 A756.29819
G1 X-2.709 Y5.747 A756.30836
G1 X-2.93 Y5.504 A756.31421
G1 X-3.043 Y5.489 A756.31624
G1 X-2.979 Y5.395 A756.31827
G1 X-3.001 Y5.107 A756.32342
G1 X-3.184 Y4.519 A756.33439
G1 X-3.314 Y3.856 A756.34643
G1 X-3.337 Y3.275 A756.35679
G1 A756.05679 F2400
;WIPE_START
G1 F6240
G1 X-3.339 Y3.215 A756.03485
G1 X-3.348 Y2.989 A755.95221
G1 X-3.232 Y2.089 A755.62064
G1 X-3.045 Y1.475 A755.38612
G1 X-2.834 Y.944 A755.17734
G1 X-2.601 Y.49 A754.99088
G1 X-2.397 Y.185 A754.85679
;WIPE_END
G1 X2.359 Y9.038 F7800
G1 A756.35679 F2400
;TYPE:External perimeter
G1 F2880
G1 X2.337 Y8.999 A756.35759
G1 X2.247 Y8.976 A756.35925
G1 X1.406 Y8.958 A756.37424
G1 X.489 Y8.789 A756.39085
G1 X-.386 Y8.476 A756.40741
G1 X-1.242 Y7.998 A756.42488
G1 X-2.004 Y7.383 A756.44233
G1 X-2.559 Y6.751 A756.45732
G1 X-3.163 Y5.864 A756.47644
G1 X-3.424 Y5.877 A756.4811
;WIDTH:0.427684
G1 X-6.374 Y6.834 A756.53348
;WIDTH:0.411082
G1 X-31.519 Y14.932 A756.9614
;WIDTH:0.378291
G1 X-56.663 Y23.03 A757.35329
;WIDTH:0.391648
G1 X-56.725 Y23.025 A757.35425
;WIDTH:0.437798
G1 X-56.786 Y23.021 A757.35531
;WIDTH:0.483947
G1 X-56.847 Y23.016 A757.35649
;WIDTH:0.530096
G1 X-56.909 Y23.012 A757.3578
;WIDTH:0.576246
G1 X-56.97 Y23.007 A757.35921
;WIDTH:0.622395
G1 X-57.032 Y23.003 A757.36076
;WIDTH:0.668544
G1 X-57.093 Y22.998 A757.36241
G1 X-57.046 Y22.959 A757.36405
;WIDTH:0.622395
G1 X-56.999 Y22.919 A757.36559
;WIDTH:0.576246
G1 X-56.952 Y22.88 A757.367
;WIDTH:0.530096
G1 X-56.904 Y22.84 A757.36832
;WIDTH:0.483947
G1 X-56.857 Y22.801 A757.36949
;WIDTH:0.437798
G1 X-56.81 Y22.761 A757.37056
;WIDTH:0.391648
G1 X-56.763 Y22.721 A757.37151
;WIDTH:0.378291
G1 X-31.628 Y14.592 A757.76341
;WIDTH:0.411082
G1 X-6.493 Y6.463 A758.19133
;WIDTH:0.427684
G1 X-3.55 Y5.491 A758.24367
;WIDTH:0.449999
G1 X-3.403 Y5.331 A758.24754
G1 X-3.41 Y5.234 A758.24927
G1 X-3.6 Y4.624 A758.26065
G1 X-3.741 Y3.906 A758.27369
G1 X-3.777 Y2.97 A758.29038
G1 X-3.653 Y1.998 A758.30784
G1 X-3.366 Y1.06 A758.32532
G1 X-3.095 Y.497 A758.33645
G1 X-2.775 Y-.029 A758.34742
G1 X-2.121 Y-.869 A758.36639
G1 X-2.214 Y-1.113 A758.37104
;WIDTH:0.427685
G1 X-4.036 Y-3.624 A758.42344
;WIDTH:0.411083
G1 X-19.508 Y-25.035 A758.85135
;WIDTH:0.378291
G1 X-34.98 Y-46.447 A759.24325
;WIDTH:0.391648
G1 X-34.994 Y-46.507 A759.2442
;WIDTH:0.437798
G1 X-35.009 Y-46.567 A759.24527
;WIDTH:0.483947
G1 X-35.024 Y-46.626 A759.24644
;WIDTH:0.530096
G1 X-35.039 Y-46.686 A759.24775
;WIDTH:0.576246
G1 X-35.053 Y-46.746 A759.24917
;WIDTH:0.622395
G1 X-35.068 Y-46.806 A759.25072
;WIDTH:0.668544
G1 X-35.083 Y-46.866 A759.25238
G1 X-35.031 Y-46.833 A759.25404
;WIDTH:0.622395
G1 X-34.978 Y-46.8 A759.2556
;WIDTH:0.576246
G1 X-34.926 Y-46.768 A759.25701
;WIDTH:0.530096
G1 X-34.874 Y-46.735 A759.25831
;WIDTH:0.483947
G1 X-34.822 Y-46.702 A759.25949
;WIDTH:0.437798
G1 X-34.769 Y-46.67 A759.26056
;WIDTH:0.391648
G1 X-34.717 Y-46.637 A759.26151
;WIDTH:0.378291
G1 X-19.218 Y-25.244 A759.65342
;WIDTH:0.411083
G1 X-3.719 Y-3.851 A760.08135
;WIDTH:0.427685
G1 X-1.886 Y-1.353 A760.13368
;WIDTH:0.449999
G1 X-1.688 Y-1.262 A760.13756
G1 X-1.602 Y-1.296 A760.13921
G1 X-.824 Y-1.827 A760.15599
G1 X-.085 Y-2.169 A760.1705
G1 X1.018 Y-2.477 A760.1909
G1 X1.992 Y-2.56 A760.20832
G1 X2.799 Y-2.491 A760.22275
G1 X3.387 Y-2.374 A760.23343
G1 X3.998 Y-2.192 A760.24479
G1 X4.605 Y-1.959 A760.25637
G1 X4.808 Y-2.123 A760.26102
;WIDTH:0.427684
G1 X6.632 Y-4.631 A760.31339
;WIDTH:0.411083
G1 X22.215 Y-25.962 A760.7413
;WIDTH:0.378292
G1 X37.797 Y-47.293 A761.13319
;WIDTH:0.39165
G1 X37.85 Y-47.326 A761.13415
;WIDTH:0.437799
G1 X37.902 Y-47.358 A761.13521
;WIDTH:0.483948
G1 X37.954 Y-47.391 A761.13639
;WIDTH:0.530098
G1 X38.007 Y-47.423 A761.1377
;WIDTH:0.576247
G1 X38.059 Y-47.456 A761.13912
;WIDTH:0.622397
G1 X38.111 Y-47.488 A761.14065
;WIDTH:0.668546
G1 X38.164 Y-47.521 A761.14233
G1 X38.149 Y-47.461 A761.14399
;WIDTH:0.622397
G1 X38.134 Y-47.401 A761.14554
;WIDTH:0.576247
G1 X38.119 Y-47.341 A761.14697
;WIDTH:0.530098
G1 X38.104 Y-47.281 A761.14828
;WIDTH:0.483948
G1 X38.089 Y-47.222 A761.14945
;WIDTH:0.437799
G1 X38.074 Y-47.162 A761.15052
;WIDTH:0.39165
G1 X38.059 Y-47.102 A761.15147
;WIDTH:0.378292
G1 X22.503 Y-25.752 A761.54336
;WIDTH:0.411083
G1 X6.947 Y-4.401 A761.97128
;WIDTH:0.427684
G1 X5.137 Y-1.885 A762.02363
;WIDTH:0.449999
G1 X5.112 Y-1.668 A762.02752
G1 X5.174 Y-1.595 A762.02923
G1 X5.598 Y-1.277 A762.03867
G1 X5.998 Y-.93 A762.0481
G1 X6.388 Y-.525 A762.05812
G1 X6.908 Y.186 A762.07381
G1 X7.349 Y1.062 A762.09128
G1 X7.505 Y1.569 A762.10073
G1 X7.677 Y2.249 A762.11323
G1 X7.751 Y2.932 A762.12547
G1 X7.753 Y3.434 A762.13441
G1 X7.719 Y4.101 A762.14631
G1 X7.938 Y4.244 A762.15097
;WIDTH:0.427683
G1 X10.887 Y5.204 A762.20335
;WIDTH:0.411082
G1 X35.989 Y13.432 A762.63125
;WIDTH:0.378291
G1 X61.092 Y21.66 A763.02315
;WIDTH:0.391649
G1 X61.139 Y21.7 A763.0241
;WIDTH:0.437798
G1 X61.186 Y21.739 A763.02516
;WIDTH:0.483948
G1 X61.233 Y21.779 A763.02635
;WIDTH:0.530097
G1 X61.28 Y21.819 A763.02766
;WIDTH:0.576247
G1 X61.327 Y21.859 A763.02908
;WIDTH:0.622397
G1 X61.374 Y21.898 A763.03061
;WIDTH:0.668546
G1 X61.421 Y21.938 A763.03227
G1 X61.36 Y21.942 A763.03391
;WIDTH:0.622397
G1 X61.298 Y21.947 A763.03546
;WIDTH:0.576247
G1 X61.237 Y21.951 A763.03687
;WIDTH:0.530097
G1 X61.175 Y21.955 A763.03818
;WIDTH:0.483948
G1 X61.114 Y21.959 A763.03936
;WIDTH:0.437798
G1 X61.052 Y21.964 A763.04044
;WIDTH:0.391649
G1 X60.991 Y21.968 A763.04138
;WIDTH:0.378291
G1 X35.878 Y13.771 A763.43328
;WIDTH:0.411082
G1 X10.765 Y5.574 A763.8612
;WIDTH:0.427683
G1 X7.813 Y4.63 A763.91354
;WIDTH:0.449999
G1 X7.6 Y4.673 A763.91741
G1 X7.191 Y5.723 A763.93749
G1 X6.61 Y6.679 A763.95742
G1 X5.987 Y7.383 A763.97417
G1 X5.225 Y7.999 A763.99163
G1 X4.536 Y8.386 A764.00571
G1 X4.015 Y8.613 A764.01584
G1 X3.497 Y8.781 A764.02554
G1 X2.918 Y8.935 A764.03621
G1 X2.85 Y9.188 A764.04088
;WIDTH:0.427682
G1 X2.849 Y12.289 A764.09325
;WIDTH:0.411082
G1 X2.78 Y38.706 A764.52117
;WIDTH:0.37829
G1 X2.712 Y65.122 A764.91306
;WIDTH:0.391646
G1 X2.689 Y65.179 A764.91401
;WIDTH:0.437795
G1 X2.665 Y65.236 A764.91508
;WIDTH:0.483944
G1 X2.642 Y65.293 A764.91626
;WIDTH:0.530093
G1 X2.619 Y65.35 A764.91756
;WIDTH:0.576242
G1 X2.596 Y65.407 A764.91898
;WIDTH:0.622391
G1 X2.572 Y65.464 A764.92053
;WIDTH:0.66854
G1 X2.549 Y65.521 A764.92218
G1 X2.526 Y65.464 A764.92383
;WIDTH:0.622391
G1 X2.503 Y65.407 A764.92537
;WIDTH:0.576242
G1 X2.48 Y65.35 A764.92679
;WIDTH:0.530093
G1 X2.457 Y65.293 A764.92809
;WIDTH:0.483944
G1 X2.434 Y65.235 A764.92929
;WIDTH:0.437795
G1 X2.411 Y65.178 A764.93035
;WIDTH:0.391646
G1 X2.388 Y65.121 A764.9313
;WIDTH:0.37829
G1 X2.423 Y38.704 A765.3232
;WIDTH:0.411082
G1 X2.459 Y12.287 A765.75112
;WIDTH:0.427682
G1 X2.444 Y9.189 A765.80344
;WIDTH:0.449999
G1 X2.388 Y9.09 A765.80547
G1 A765.50547 F2400
;WIPE_START
G1 F6240
G1 X2.359 Y9.038 A765.48372
G1 X2.337 Y8.999 A765.46736
G1 X2.247 Y8.976 A765.43342
G1 X1.406 Y8.958 A765.12606
G1 X.489 Y8.789 A764.78536
G1 X-.386 Y8.476 A764.44581
G1 X-.721 Y8.289 A764.30547
;WIPE_END
G1 X-1.204 Y-.301 F7800
G1 A765.80547 F2400
;TYPE:Solid infill
;WIDTH:0.36146
G1 F3600
G1 X-1.848 Y.415 A765.81908
G1 X-2.192 Y1.288 F7800
G1 F3600
G1 X-2.233 Y1.299 A765.81968
G1 X-2.252 Y1.228 A765.82072
G1 X-2.181 Y1.247 A765.82176
;WIDTH:0.40573
G1 X-2.094 Y1.101 A765.82448
;WIDTH:0.449999
G1 X-2.007 Y.955 A765.82751
G1 X-.283 Y-.769 A765.87095
G1 X-.118 Y-.863 A765.87433
;WIDTH:0.40573
G1 X.048 Y-.956 A765.87737
;WIDTH:0.36146
G1 X.006 Y-.945 A765.87798
G1 X-.013 Y-1.017 A765.87903
G1 X.059 Y-.997 A765.88009
;WIDTH:0.449999
G1 X.725 Y-1.172 A765.89236
G1 X-2.41 Y1.964 A765.97136
G1 X-2.517 Y2.049 A765.97379
;WIDTH:0.40573
G1 X-2.625 Y2.135 A765.976
;WIDTH:0.36146
G1 X-2.707 Y2.6 A765.98267
;WIDTH:0.449999
G1 X-2.557 Y2.717 A765.98606
G1 X1.494 Y-1.335 A766.08814
G1 X1.468 Y-1.415 A766.08964
;WIDTH:0.40573
G1 X1.443 Y-1.495 A766.09098
;WIDTH:0.36146
G1 X.895 Y-1.384 A766.09888
G1 X2.131 Y-1.365 F7800
;WIDTH:0.449999
G1 F3600
G1 X-2.583 Y3.349 A766.21766
G1 X-2.601 Y4.244 F7800
;WIDTH:0.36146
G1 F3600
G1 X-2.642 Y4.255 A766.21826
G1 X-2.662 Y4.184 A766.2193
G1 X-2.59 Y4.203 A766.22035
;WIDTH:0.40573
G1 X-2.565 Y4.057 A766.22272
;WIDTH:0.449999
G1 X-2.539 Y3.911 A766.22536
G1 X2.689 Y-1.318 A766.3571
G1 X3.188 Y-1.21 A766.3662
G1 X1.168 Y.81 A766.4171
G1 X.865 Y1.009 A766.42356
;WIDTH:0.36146
G1 X.362 Y1.429 A766.43282
G1 X-.214 Y2.098 A766.4453
;WIDTH:0.40573
G1 X-.319 Y2.249 A766.44824
;WIDTH:0.449999
G1 X-.423 Y2.401 A766.45152
G1 X-2.433 Y4.411 A766.50216
G1 X-2.29 Y4.874 A766.51079
G1 X-.556 Y3.139 A766.55449
G1 X-.695 Y4.491 F7800
G1 F3600
G1 X-.442 Y4.924 A766.56342
G1 X-.019 Y5.409 A766.57489
G1 X.609 Y5.849 A766.58855
G1 X1.25 Y6.095 A766.60078
G1 X1.852 Y6.187 A766.61163
G1 X.833 Y7.205 A766.63729
G1 X.281 Y7.008 A766.64773
G1 X-.339 Y6.662 A766.66038
G1 X-.887 Y6.219 A766.67293
G1 X-1.239 Y5.818 A766.68244
G1 X-1.563 Y5.359 A766.69245
G1 X-.846 Y4.642 A766.71052
G1 X-.778 Y5.144 A766.71955
;WIDTH:0.399095
G1 X-.29 Y5.707 A766.73125
;WIDTH:0.403466
G1 X.111 Y6.013 A766.73926
G1 X.465 Y6.224 A766.74581
;WIDTH:0.404646
G1 X1.022 Y6.442 A766.75534
G1 X.728 Y6.737 A766.76198
;WIDTH:0.406446
G1 X.435 Y6.629 A766.76698
G1 X-.123 Y6.315 A766.77723
;WIDTH:0.403466
G1 X-.698 Y5.829 A766.78919
;WIDTH:0.399095
G1 X-1.047 Y5.426 A766.79756
G1 X-.926 Y5.299 A766.80031
G1 A766.50031 F2400
;WIPE_START
G1 F6240
G1 X-1.047 Y5.426 A766.43622
G1 X-.698 Y5.829 A766.24143
G1 X-.123 Y6.315 A765.96634
G1 X.435 Y6.629 A765.73239
G1 X.728 Y6.737 A765.61829
G1 X1.022 Y6.442 A765.46611
G1 X.599 Y6.277 A765.30031
;WIPE_END
G1 X1.918 Y.666 F7800
G1 A766.80031 F2400
;WIDTH:0.449999
G1 F3600
G1 X3.648 Y-1.064 A766.8439
G1 X3.935 Y-.745 A766.85155
G1 X2.461 Y.729 A766.88869
G1 X2.802 Y.798 A766.89489
G1 X3.288 Y1.017 A766.90439
G1 X3.688 Y1.319 A766.91332
G1 X4.113 Y1.801 A766.92477
G1 X4.451 Y2.538 A766.93922
G1 X4.543 Y3.169 A766.95058
G1 X4.459 Y3.864 A766.96305
G1 X4.266 Y4.351 A766.97238
;WIDTH:0.439837
G1 X4.219 Y4.432 A766.97401
;WIDTH:0.449999
G1 X6.404 Y2.24 A767.02915
G1 X6.47 Y2.213 A767.03042
G1 X6.252 Y1.503 A767.04365
G1 X5.9 Y.803 A767.05761
G1 X5.48 Y.23 A767.07027
G1 X4.999 Y-.254 A767.08243
G1 X4.29 Y-.819 A767.09858
G1 X4.087 Y-.897 A767.10245
G1 X4.166 Y-.37 A767.11194
G1 X4.712 Y.065 A767.12438
G1 X5.154 Y.509 A767.13554
G1 X5.533 Y1.028 A767.14699
G1 X5.83 Y1.617 A767.15874
G1 X5.975 Y2.063 A767.1671
G1 X4.962 Y3.076 A767.19262
G1 X4.876 Y2.477 A767.2034
G1 X4.749 Y2.14 A767.20982
G1 X4.445 Y1.531 A767.22195
G1 X4.02 Y1.034 A767.2336
G1 X3.593 Y.704 A767.24321
G1 X3.261 Y.535 A767.24985
G1 X4.015 Y-.218 A767.26884
G1 X4.197 Y.173 A767.27652
;WIDTH:0.403364
G1 X4.449 Y.375 A767.28165
;WIDTH:0.403525
G1 X4.853 Y.785 A767.29079
G1 X5.235 Y1.332 A767.30139
;WIDTH:0.407134
G1 X5.515 Y1.948 A767.31224
G1 X5.225 Y2.238 A767.31882
;WIDTH:0.407585
G1 X5.119 Y1.969 A767.32346
G1 X4.757 Y1.278 A767.33598
;WIDTH:0.395061
G1 X4.365 Y.807 A767.3455
;WIDTH:0.403364
G1 X3.922 Y.447 A767.35456
G1 X4.045 Y.324 A767.35732
G1 A767.05732 F2400
;WIPE_START
G1 F6240
G1 X3.922 Y.447 A766.99376
G1 X4.365 Y.807 A766.78519
G1 X4.757 Y1.278 A766.56129
G1 X5.119 Y1.969 A766.27626
G1 X5.225 Y2.238 A766.17062
G1 X5.515 Y1.948 A766.02077
G1 X5.33 Y1.541 A765.85732
;WIPE_END
G1 X4.066 Y4.629 F7800
G1 A767.35732 F2400
;WIDTH:0.377702
G1 F3600
G1 X3.712 Y5.017 A767.3651
;WIDTH:0.388173
G1 X3.487 Y5.212 A767.36964
;WIDTH:0.414886
G1 X3.261 Y5.408 A767.37453
;WIDTH:0.419363
G1 X3.224 Y5.442 A767.37536
;WIDTH:0.449999
G1 X1.023 Y7.621 A767.43054
G1 X1.023 Y7.689 A767.43175
G1 X.796 Y7.647 A767.43586
G1 X.103 Y7.4 A767.44897
G1 X-.579 Y7.019 A767.46289
G1 X-1.01 Y6.671 A767.47276
G1 X-1.347 Y6.345 A767.48111
G1 X-1.756 Y5.861 A767.4924
G1 X-2.162 Y5.321 A767.50444
;WIDTH:0.412264
G1 X-2.249 Y5.275 A767.50604
;WIDTH:0.386862
G1 X-2.337 Y5.229 A767.50755
G1 X-2.246 Y5.243 A767.50895
;WIDTH:0.412264
G1 X-2.154 Y5.258 A767.51046
;WIDTH:0.449999
G1 X-1.635 Y4.825 A767.5225
G1 X-.504 Y3.694 A767.551
G1 X-.486 Y3.822 A767.5533
G1 X-.305 Y4.317 A767.56269
G1 X-.131 Y4.623 A767.56896
G1 X.205 Y5.036 A767.57845
G1 X.611 Y5.346 A767.58755
G1 X.897 Y5.501 A767.59335
G1 X1.455 Y5.708 A767.60395
G1 X1.987 Y5.766 A767.61348
G1 X2.552 Y5.7 A767.62361
G1 X3.024 Y5.519 A767.63262
G1 A767.33262 F2400
;WIPE_START
G1 F6240
G1 X2.552 Y5.7 A767.14791
G1 X1.987 Y5.766 A766.94006
G1 X1.455 Y5.708 A766.74452
G1 X.897 Y5.501 A766.52706
G1 X.611 Y5.346 A766.4082
G1 X.205 Y5.036 A766.22155
G1 X.052 Y4.847 A766.13262
;WIPE_END
G1 X1.478 Y7.773 F7800
G1 A767.63262 F2400
G1 F3600
G1 X6.555 Y2.695 A767.76055
G1 X6.581 Y3.276 A767.77091
G1 X2.062 Y7.794 A767.88476
G1 X2.133 Y7.886 A767.88683
;WIDTH:0.40573
G1 X2.203 Y7.978 A767.88868
;WIDTH:0.36146
G1 X2.516 Y7.976 A767.8931
G1 X3.363 Y7.754 A767.90548
;WIDTH:0.449999
G1 X2.708 Y7.755 A767.91715
G1 X6.532 Y3.931 A768.0135
G1 X6.314 Y4.754 A768.02867
G1 X3.532 Y7.536 A768.09877
G1 X4.58 Y7.048 F7800
;WIDTH:0.383242
G1 F3600
G1 X4.774 Y6.901 A768.10243
;WIDTH:0.367876
G1 X4.964 Y6.846 A768.10528
;WIDTH:0.36146
G1 X5.574 Y6.243 A768.1174
;WIDTH:0.39161
G1 X5.622 Y6.114 A768.11952
;WIDTH:0.42176
G1 X5.669 Y5.985 A768.1218
;WIDTH:0.449999
G1 X5.048 Y6.627 A768.13771
;LAYER_CHANGE
;Z:2.6
;HEIGHT:0.0999999
G1 A767.83771 F2400
;WIPE_START
G1 F6240
G1 X5.669 Y5.985 A767.51135
G1 X5.622 Y6.114 A767.46118
G1 X5.574 Y6.243 A767.41089
G1 X4.964 Y6.846 A767.09749
G1 X4.774 Y6.901 A767.02522
G1 X4.58 Y7.048 A766.93628
;WIPE_END
G1 A766.63771 F2400
G1 Z2.6 F7800
G1 X-.281 Y3.215
G1 A768.13771 F2400
;TYPE:Perimeter
G1 F900
G1 X-.288 Y3.147 A768.13893
G1 X-.202 Y2.587 A768.14902
G1 X.003 Y2.096 A768.1585
G1 X.376 Y1.603 A768.16951
G1 X.795 Y1.272 A768.17902
G1 X1.268 Y1.055 A768.18829
G1 X1.809 Y.947 A768.19812
G1 X2.411 Y.979 A768.20886
G1 X2.857 Y1.114 A768.21716
G1 X3.249 Y1.316 A768.22502
G1 X3.65 Y1.648 A768.2343
G1 X3.997 Y2.127 A768.24484
G1 X4.217 Y2.72 A768.25611
G1 X4.273 Y3.266 A768.26589
G1 X4.192 Y3.819 A768.27585
G1 X3.955 Y4.377 A768.28665
G1 X3.65 Y4.78 A768.29565
G1 X3.249 Y5.113 A768.30494
G1 X2.715 Y5.374 A768.31553
G1 X2.132 Y5.487 A768.32611
G1 X1.538 Y5.446 A768.33672
G1 X1.008 Y5.266 A768.34669
G1 X.755 Y5.129 A768.35182
G1 X.33 Y4.777 A768.36165
G1 X-.023 Y4.283 A768.37247
G1 X-.226 Y3.749 A768.38265
G1 X-.275 Y3.275 A768.39114
G1 X.151 Y3.215 F7800
G1 F900
G1 X.144 Y3.131 A768.39264
G1 X.228 Y2.655 A768.40125
G1 X.458 Y2.185 A768.41057
G1 X.744 Y1.848 A768.41844
G1 X1.14 Y1.572 A768.42704
G1 X1.613 Y1.405 A768.43598
G1 X2.013 Y1.37 A768.44313
G1 X2.52 Y1.439 A768.45225
G1 X2.988 Y1.656 A768.46144
G1 X3.358 Y1.967 A768.47005
G1 X3.634 Y2.363 A768.47865
G1 X3.799 Y2.817 A768.48726
G1 X3.84 Y3.298 A768.49586
G1 X3.755 Y3.774 A768.50447
G1 X3.55 Y4.211 A768.51307
G1 X3.239 Y4.581 A768.52168
G1 X2.797 Y4.876 A768.53115
G1 X2.389 Y5.021 A768.53886
G1 X1.908 Y5.063 A768.54746
G1 X1.432 Y4.978 A768.55607
G1 X1.007 Y4.782 A768.56441
G1 X.626 Y4.462 A768.57327
G1 X.349 Y4.066 A768.58188
G1 X.185 Y3.612 A768.59048
G1 X.156 Y3.274 A768.59652
G1 X.572 Y3.215 F7800
;TYPE:External perimeter
G1 F900
G1 X.568 Y3.186 A768.59704
G1 X.624 Y2.819 A768.60365
G1 X.798 Y2.446 A768.61098
G1 X1.005 Y2.188 A768.61687
G1 X1.304 Y1.968 A768.62348
G1 X1.669 Y1.83 A768.63043
G1 X1.97 Y1.796 A768.63583
G1 X2.387 Y1.847 A768.64331
G1 X2.728 Y1.996 A768.64994
G1 X3.018 Y2.228 A768.65656
G1 X3.238 Y2.527 A768.66317
G1 X3.374 Y2.873 A768.66979
G1 X3.415 Y3.242 A768.6764
G1 X3.359 Y3.61 A768.68303
G1 X3.21 Y3.95 A768.68964
G1 X2.978 Y4.241 A768.69627
G1 X2.633 Y4.48 A768.70375
G1 X2.276 Y4.604 A768.71048
G1 X1.964 Y4.638 A768.71607
G1 X1.596 Y4.582 A768.7227
G1 X1.26 Y4.436 A768.72923
G1 X.965 Y4.201 A768.73595
G1 X.721 Y3.843 A768.74367
G1 X.61 Y3.556 A768.74915
G1 X.578 Y3.274 A768.75421
G1 A768.45421 F2400
;WIPE_START
G1 F6240
G1 X.572 Y3.215 A768.43254
G1 X.568 Y3.186 A768.42184
G1 X.624 Y2.819 A768.28619
G1 X.798 Y2.446 A768.1358
G1 X1.005 Y2.188 A768.01494
G1 X1.304 Y1.968 A767.8793
G1 X1.669 Y1.83 A767.73672
G1 X1.97 Y1.796 A767.62604
G1 X2.387 Y1.847 A767.47254
G1 X2.728 Y1.996 A767.33657
G1 X2.904 Y2.137 A767.25421
;WIPE_END
G1 X64.323 Y22.678 F7800
G1 A768.75421 F2400
;WIDTH:0.668256
G1 F900
G1 X68.483 Y24.045 A768.87196
G1 A768.57196 F2400
;WIPE_START
G1 F6240
G1 X65.363 Y23.02 A767.37196
;WIPE_END
G1 X42.35 Y-53.586 F7800
G1 A768.87196 F2400
G1 F900
G1 X39.764 Y-50.052 A768.98972
G1 A768.68972 F2400
;WIPE_START
G1 F6240
G1 X41.703 Y-52.702 A767.48972
;WIPE_END
G1 X-39.557 Y-52.721 F7800
G1 A768.98972 F2400
;WIDTH:0.668254
G1 F900
G1 X-36.995 Y-49.169 A769.10749
G1 A768.80749 F2400
;WIPE_START
G1 F6240
G1 X-38.917 Y-51.832 A767.60749
;WIPE_END
G1 X-64.045 Y25.445 F7800
G1 A769.10749 F2400
G1 F900
G1 X-59.876 Y24.106 A769.22524
G1 A768.92524 F2400
;WIPE_START
G1 F6240
G1 X-63.003 Y25.11 A767.72524
;WIPE_END
G1 X2.728 Y72.889 F7800
G1 A769.22524 F2400
;WIDTH:0.66825
G1 F900
G1 X2.742 Y68.509 A769.34302
G1 A769.04302 F2400
;WIPE_START
G1 F6240
G1 X2.731 Y71.793 A767.84302
;WIPE_END
G1 X-2.91 Y3.215 F7800
G1 A769.34302 F2400
;TYPE:Perimeter
;WIDTH:0.449999
G1 F900
G1 X-2.918 Y3.007 A769.34673
G1 X-2.812 Y2.179 A769.3616
G1 X-2.565 Y1.372 A769.37664
G1 X-2.305 Y.83 A769.38735
G1 X-2.007 Y.355 A769.39734
G1 X-1.697 Y-.044 A769.40634
G1 X-1.581 Y-.329 A769.41182
G1 X-1.471 Y-.358 A769.41385
G1 X-1.252 Y-.482 A769.41833
G1 X-.8 Y-.814 A769.42832
G1 X-.303 Y-1.128 A769.43879
G1 X.35 Y-1.417 A769.45151
G1 X1.161 Y-1.629 A769.46644
G1 X1.992 Y-1.7 A769.4813
G1 X2.83 Y-1.628 A769.49629
G1 X3.416 Y-1.485 A769.50704
G1 X3.9 Y-1.314 A769.51619
G1 X4.258 Y-1.278 A769.5226
G1 X4.46 Y-1.047 A769.52807
G1 X4.919 Y-.728 A769.53803
G1 X5.339 Y-.361 A769.54797
G1 X5.715 Y.008 A769.55736
G1 X6.175 Y.636 A769.57123
G1 X6.551 Y1.382 A769.58611
G1 X6.775 Y2.112 A769.59971
G1 X6.865 Y2.586 A769.60831
G1 X6.903 Y3.108 A769.61763
G1 X6.889 Y3.656 A769.6274
G1 X6.964 Y3.981 A769.63334
G1 X6.807 Y4.246 A769.63883
G1 X6.661 Y4.75 A769.64818
G1 X6.416 Y5.353 A769.65978
G1 X5.922 Y6.163 A769.67668
G1 X5.393 Y6.761 A769.6909
G1 X4.742 Y7.287 A769.70581
G1 X4.113 Y7.641 A769.71867
G1 X3.596 Y7.858 A769.72866
G1 X3.084 Y8.009 A769.73817
G1 X2.799 Y8.181 A769.7441
G1 X2.692 Y8.14 A769.74614
G1 X2.432 Y8.112 A769.7508
G1 X1.793 Y8.122 A769.76219
G1 X.812 Y7.982 A769.77985
G1 X-.036 Y7.69 A769.79583
G1 X-.76 Y7.286 A769.8106
G1 X-1.408 Y6.762 A769.82545
G1 X-1.916 Y6.184 A769.83916
G1 X-2.247 Y5.715 A769.84939
G1 X-2.482 Y5.517 A769.85486
G1 X-2.476 Y5.403 A769.85689
G1 X-2.527 Y5.155 A769.8614
G1 X-2.705 Y4.663 A769.87072
G1 X-2.886 Y3.806 A769.88633
G1 X-2.908 Y3.275 A769.8958
G1 X-3.339 Y3.215 F7800
G1 F900
G1 X-3.348 Y2.989 A769.89983
G1 X-3.232 Y2.089 A769.916
G1 X-2.965 Y1.215 A769.93228
G1 X-2.681 Y.623 A769.94398
G1 X-2.409 Y.19 A769.95309
G1 X-2.06 Y-.272 A769.96341
G1 X-1.966 Y-.54 A769.96847
G1 X-2.021 Y-.76 A769.97251
G1 X-1.8 Y-.709 A769.97655
G1 X-1.506 Y-.828 A769.9822
G1 X-.96 Y-1.229 A769.99427
G1 X-.499 Y-1.51 A770.00389
G1 X.208 Y-1.823 A770.01767
G1 X1.089 Y-2.053 A770.03389
G1 X1.992 Y-2.13 A770.05004
G1 X2.9 Y-2.052 A770.06628
G1 X3.517 Y-1.902 A770.07759
G1 X4.025 Y-1.724 A770.08718
G1 X4.34 Y-1.709 A770.0928
G1 X4.532 Y-1.831 A770.09685
G1 X4.552 Y-1.604 A770.10091
G1 X4.729 Y-1.382 A770.10597
G1 X5.162 Y-1.081 A770.11537
G1 X5.628 Y-.677 A770.12636
G1 X6.046 Y-.266 A770.1368
G1 X6.542 Y.411 A770.15175
G1 X6.95 Y1.222 A770.16792
G1 X7.185 Y1.987 A770.18218
G1 X7.287 Y2.517 A770.1918
G1 X7.331 Y3.082 A770.2019
G1 X7.318 Y3.637 A770.21179
G1 X7.4 Y3.926 A770.21714
G1 X7.575 Y4.071 A770.22119
G1 X7.365 Y4.16 A770.22525
G1 X7.208 Y4.397 A770.23031
G1 X7.067 Y4.89 A770.23945
G1 X6.8 Y5.546 A770.25207
G1 X6.268 Y6.418 A770.27027
G1 X5.69 Y7.072 A770.28582
G1 X4.983 Y7.643 A770.30201
G1 X4.323 Y8.014 A770.3155
G1 X3.752 Y8.256 A770.32655
G1 X3.251 Y8.405 A770.33586
G1 X2.986 Y8.578 A770.3415
G1 X2.902 Y8.789 A770.34555
G1 X2.753 Y8.617 A770.3496
G1 X2.438 Y8.541 A770.35537
G1 X1.766 Y8.551 A770.36734
G1 X.711 Y8.401 A770.38633
G1 X-.212 Y8.083 A770.40372
G1 X-1.001 Y7.642 A770.41982
G1 X-1.706 Y7.073 A770.43596
G1 X-2.238 Y6.467 A770.45033
G1 X-2.576 Y5.99 A770.46075
G1 X-2.802 Y5.818 A770.46581
G1 X-3.029 Y5.803 A770.46986
G1 X-2.912 Y5.608 A770.47391
G1 X-2.903 Y5.439 A770.47693
G1 X-2.94 Y5.274 A770.47994
G1 X-3.118 Y4.781 A770.48928
G1 X-3.313 Y3.859 A770.50607
G1 X-3.336 Y3.275 A770.51648
G1 A770.21648 F2400
;WIPE_START
G1 F6240
G1 X-3.339 Y3.215 A770.19453
G1 X-3.348 Y2.989 A770.11189
G1 X-3.232 Y2.089 A769.78032
G1 X-2.965 Y1.215 A769.4464
G1 X-2.681 Y.623 A769.20649
G1 X-2.409 Y.19 A769.01965
G1 X-2.404 Y.183 A769.01648
;WIPE_END
G1 X2.583 Y9.024 F7800
G1 A770.51648 F2400
;TYPE:External perimeter
;WIDTH:0.492917
G1 F2880
G1 X2.55 Y8.995 A770.51734
;WIDTH:0.449999
G1 X2.445 Y8.969 A770.51927
G1 X1.739 Y8.98 A770.53185
G1 X.61 Y8.819 A770.55217
G1 X-.387 Y8.476 A770.57095
G1 X-1.242 Y7.998 A770.5884
G1 X-2.004 Y7.383 A770.60585
G1 X-2.56 Y6.749 A770.62087
G1 X-2.914 Y6.255 A770.6317
;WIDTH:0.479578
G1 X-3.027 Y6.212 A770.634
;WIDTH:0.509156
G1 X-3.14 Y6.169 A770.63645
;WIDTH:0.525781
G1 X-4.789 Y6.677 A770.67263
;WIDTH:0.500073
G1 X-6.27 Y7.143 A770.70352
;WIDTH:0.474365
G1 X-8.957 Y7.975 A770.75649
;WIDTH:0.450893
G1 X-25.786 Y13.362 A771.07197
;WIDTH:0.415813
G1 X-42.616 Y18.75 A771.3617
;WIDTH:0.380733
G1 X-59.446 Y24.138 A771.62565
;WIDTH:0.391738
G1 X-59.507 Y24.133 A771.62659
;WIDTH:0.437824
G1 X-59.569 Y24.129 A771.62767
;WIDTH:0.48391
G1 X-59.63 Y24.124 A771.62885
;WIDTH:0.529996
G1 X-59.691 Y24.119 A771.63014
;WIDTH:0.576082
G1 X-59.753 Y24.115 A771.63157
;WIDTH:0.622168
G1 X-59.814 Y24.11 A771.6331
;WIDTH:0.668254
G1 X-59.876 Y24.106 A771.63477
G1 X-59.828 Y24.066 A771.63645
;WIDTH:0.622168
G1 X-59.781 Y24.027 A771.63798
;WIDTH:0.576082
G1 X-59.734 Y23.987 A771.6394
;WIDTH:0.529996
G1 X-59.687 Y23.948 A771.64069
;WIDTH:0.48391
G1 X-59.639 Y23.908 A771.64189
;WIDTH:0.437824
G1 X-59.592 Y23.869 A771.64295
;WIDTH:0.391738
G1 X-59.545 Y23.829 A771.6439
;WIDTH:0.380733
G1 X-42.726 Y18.408 A771.90785
;WIDTH:0.415813
G1 X-25.907 Y12.987 A772.19757
;WIDTH:0.450893
G1 X-9.088 Y7.566 A772.51306
;WIDTH:0.474365
G1 X-6.409 Y6.712 A772.56601
;WIDTH:0.500073
G1 X-4.92 Y6.216 A772.59724
;WIDTH:0.525781
G1 X-3.43 Y5.721 A772.63016
G1 X-3.381 Y5.626 A772.6324
;WIDTH:0.48789
G1 X-3.333 Y5.532 A772.63445
;WIDTH:0.449999
G1 X-3.343 Y5.42 A772.63645
G1 X-3.532 Y4.899 A772.64632
G1 X-3.74 Y3.912 A772.66429
G1 X-3.777 Y2.97 A772.68109
G1 X-3.653 Y1.998 A772.69855
G1 X-3.365 Y1.059 A772.71605
G1 X-3.057 Y.416 A772.72875
G1 X-2.772 Y-.038 A772.7383
G1 X-2.416 Y-.511 A772.74885
;WIDTH:0.479588
G1 X-2.41 Y-.632 A772.75116
;WIDTH:0.509176
G1 X-2.404 Y-.753 A772.75362
;WIDTH:0.525782
G1 X-3.397 Y-2.164 A772.7898
;WIDTH:0.500074
G1 X-4.297 Y-3.429 A772.82069
;WIDTH:0.474366
G1 X-5.919 Y-5.727 A772.87365
;WIDTH:0.450893
G1 X-16.243 Y-20.068 A773.18914
;WIDTH:0.415813
G1 X-26.568 Y-34.409 A773.47886
;WIDTH:0.380732
G1 X-36.893 Y-48.75 A773.74281
;WIDTH:0.391737
G1 X-36.907 Y-48.81 A773.74376
;WIDTH:0.437823
G1 X-36.922 Y-48.87 A773.74483
;WIDTH:0.48391
G1 X-36.937 Y-48.93 A773.74602
;WIDTH:0.529996
G1 X-36.951 Y-48.99 A773.74732
;WIDTH:0.576082
G1 X-36.966 Y-49.05 A773.74875
;WIDTH:0.622168
G1 X-36.981 Y-49.109 A773.75027
;WIDTH:0.668254
G1 X-36.995 Y-49.169 A773.75193
G1 X-36.943 Y-49.136 A773.75359
;WIDTH:0.622168
G1 X-36.891 Y-49.104 A773.75511
;WIDTH:0.576082
G1 X-36.839 Y-49.071 A773.75653
;WIDTH:0.529996
G1 X-36.786 Y-49.038 A773.75785
;WIDTH:0.48391
G1 X-36.734 Y-49.005 A773.75903
;WIDTH:0.437823
G1 X-36.682 Y-48.973 A773.76009
;WIDTH:0.391737
G1 X-36.63 Y-48.94 A773.76104
;WIDTH:0.380732
G1 X-26.277 Y-34.619 A774.02499
;WIDTH:0.415813
G1 X-15.924 Y-20.299 A774.3147
;WIDTH:0.450893
G1 X-5.57 Y-5.979 A774.6302
;WIDTH:0.474366
G1 X-3.93 Y-3.695 A774.68315
;WIDTH:0.500074
G1 X-2.999 Y-2.431 A774.71439
;WIDTH:0.525782
G1 X-2.067 Y-1.167 A774.74732
G1 X-1.962 Y-1.15 A774.74955
;WIDTH:0.487891
G1 X-1.858 Y-1.134 A774.75159
;WIDTH:0.449999
G1 X-1.759 Y-1.173 A774.75349
G1 X-1.213 Y-1.574 A774.76556
G1 X-.695 Y-1.892 A774.77639
G1 X.066 Y-2.229 A774.79122
G1 X1.016 Y-2.477 A774.80871
G1 X1.992 Y-2.56 A774.82616
G1 X2.969 Y-2.477 A774.84363
G1 X3.619 Y-2.318 A774.85555
G1 X4.173 Y-2.129 A774.86598
;WIDTH:0.479568
G1 X4.29 Y-2.161 A774.86829
;WIDTH:0.509137
G1 X4.407 Y-2.192 A774.87074
;WIDTH:0.525779
G1 X5.442 Y-3.572 A774.90691
;WIDTH:0.500073
G1 X6.367 Y-4.82 A774.93782
;WIDTH:0.474367
G1 X8.051 Y-7.072 A774.99077
;WIDTH:0.450894
G1 X18.5 Y-21.323 A775.30627
;WIDTH:0.415813
G1 X28.949 Y-35.574 A775.59599
;WIDTH:0.380732
G1 X39.397 Y-49.825 A775.85993
;WIDTH:0.391737
G1 X39.45 Y-49.858 A775.86089
;WIDTH:0.437823
G1 X39.502 Y-49.89 A775.86195
;WIDTH:0.48391
G1 X39.555 Y-49.922 A775.86314
;WIDTH:0.529996
G1 X39.607 Y-49.955 A775.86444
;WIDTH:0.576083
G1 X39.659 Y-49.987 A775.86585
;WIDTH:0.62217
G1 X39.712 Y-50.02 A775.86741
;WIDTH:0.668256
G1 X39.764 Y-50.052 A775.86905
G1 X39.749 Y-49.992 A775.87071
;WIDTH:0.62217
G1 X39.734 Y-49.933 A775.87223
;WIDTH:0.576083
G1 X39.719 Y-49.873 A775.87366
;WIDTH:0.529996
G1 X39.704 Y-49.813 A775.87497
;WIDTH:0.48391
G1 X39.689 Y-49.753 A775.87616
;WIDTH:0.437823
G1 X39.674 Y-49.694 A775.87721
;WIDTH:0.391737
G1 X39.659 Y-49.634 A775.87816
;WIDTH:0.380732
G1 X29.239 Y-35.362 A776.14211
;WIDTH:0.415813
G1 X18.818 Y-21.09 A776.43184
;WIDTH:0.450894
G1 X8.398 Y-6.818 A776.74734
;WIDTH:0.474367
G1 X6.733 Y-4.553 A776.80027
;WIDTH:0.500073
G1 X5.819 Y-3.276 A776.83152
;WIDTH:0.525779
G1 X4.904 Y-2 A776.86444
G1 X4.921 Y-1.895 A776.86667
;WIDTH:0.487889
G1 X4.938 Y-1.79 A776.86873
;WIDTH:0.449999
G1 X5.009 Y-1.707 A776.87068
G1 X5.529 Y-1.349 A776.88193
G1 X6.376 Y-.54 A776.9028
G1 X6.908 Y.187 A776.91885
G1 X7.349 Y1.062 A776.93631
G1 X7.637 Y2.002 A776.95383
G1 X7.728 Y2.556 A776.96383
G1 X7.759 Y3.055 A776.97274
G1 X7.747 Y3.638 A776.98313
;WIDTH:0.492973
G1 X7.883 Y3.833 A776.98779
;WIDTH:0.525782
G1 X8.04 Y3.904 A776.9914
G1 X9.512 Y4.399 A777.02396
;WIDTH:0.500074
G1 X10.984 Y4.893 A777.05486
;WIDTH:0.474365
G1 X13.647 Y5.799 A777.10783
;WIDTH:0.450893
G1 X30.43 Y11.332 A777.42333
;WIDTH:0.415813
G1 X47.212 Y16.866 A777.71305
;WIDTH:0.380732
G1 X63.994 Y22.399 A777.97699
;WIDTH:0.391738
G1 X64.041 Y22.439 A777.97794
;WIDTH:0.437824
G1 X64.088 Y22.479 A777.97901
;WIDTH:0.48391
G1 X64.135 Y22.519 A777.9802
;WIDTH:0.529997
G1 X64.182 Y22.558 A777.98149
;WIDTH:0.576083
G1 X64.229 Y22.598 A777.98291
;WIDTH:0.62217
G1 X64.276 Y22.638 A777.98445
;WIDTH:0.668256
G1 X64.323 Y22.678 A777.98611
G1 X64.262 Y22.682 A777.98775
;WIDTH:0.62217
G1 X64.201 Y22.686 A777.98928
;WIDTH:0.576083
G1 X64.139 Y22.69 A777.99071
;WIDTH:0.529997
G1 X64.078 Y22.695 A777.992
;WIDTH:0.48391
G1 X64.016 Y22.699 A777.99319
;WIDTH:0.437824
G1 X63.955 Y22.703 A777.99425
;WIDTH:0.391738
G1 X63.893 Y22.707 A777.99521
;WIDTH:0.380732
G1 X47.1 Y17.207 A778.25915
;WIDTH:0.415813
G1 X30.306 Y11.707 A778.54888
;WIDTH:0.450893
G1 X13.513 Y6.207 A778.86437
;WIDTH:0.474365
G1 X10.844 Y5.323 A778.91731
;WIDTH:0.500074
G1 X9.364 Y4.853 A778.94821
;WIDTH:0.525782
G1 X7.884 Y4.384 A778.98076
G1 X7.801 Y4.389 A778.9825
;WIDTH:0.492973
G1 X7.614 Y4.536 A778.98716
;WIDTH:0.449999
G1 X7.473 Y5.029 A778.9963
G1 X7.183 Y5.74 A779.00998
G1 X6.614 Y6.674 A779.02947
G1 X5.987 Y7.383 A779.04633
G1 X5.225 Y7.999 A779.06379
G1 X4.402 Y8.462 A779.08061
G1 X3.909 Y8.655 A779.09004
G1 X3.367 Y8.819 A779.10013
;WIDTH:0.492917
G1 X3.224 Y9.008 A779.10478
;WIDTH:0.525775
G1 X3.205 Y9.181 A779.10843
G1 X3.19 Y10.733 A779.14097
;WIDTH:0.50007
G1 X3.174 Y12.286 A779.17187
;WIDTH:0.474365
G1 X3.136 Y15.098 A779.22482
;WIDTH:0.450894
G1 X3.059 Y32.769 A779.54032
;WIDTH:0.415813
G1 X2.982 Y50.439 A779.83003
;WIDTH:0.380732
G1 X2.906 Y68.11 A780.09398
;WIDTH:0.391736
G1 X2.882 Y68.167 A780.09493
;WIDTH:0.437822
G1 X2.859 Y68.224 A780.09599
;WIDTH:0.483907
G1 X2.836 Y68.281 A780.09717
;WIDTH:0.529993
G1 X2.812 Y68.338 A780.09848
;WIDTH:0.576079
G1 X2.789 Y68.395 A780.0999
;WIDTH:0.622164
G1 X2.766 Y68.452 A780.10144
;WIDTH:0.66825
G1 X2.742 Y68.509 A780.1031
G1 X2.719 Y68.452 A780.10475
;WIDTH:0.622164
G1 X2.696 Y68.395 A780.10629
;WIDTH:0.576079
G1 X2.673 Y68.338 A780.10771
;WIDTH:0.529993
G1 X2.65 Y68.281 A780.10901
;WIDTH:0.483907
G1 X2.628 Y68.223 A780.1102
;WIDTH:0.437822
G1 X2.605 Y68.166 A780.11126
;WIDTH:0.391736
G1 X2.582 Y68.109 A780.11221
;WIDTH:0.380732
G1 X2.623 Y50.438 A780.37616
;WIDTH:0.415813
G1 X2.665 Y32.767 A780.66588
;WIDTH:0.450894
G1 X2.706 Y15.097 A780.98136
;WIDTH:0.474365
G1 X2.722 Y12.285 A781.03431
;WIDTH:0.50007
G1 X2.711 Y10.732 A781.06521
;WIDTH:0.525775
G1 X2.7 Y9.18 A781.09775
G1 X2.67 Y9.102 A781.0995
;WIDTH:0.492917
G1 X2.627 Y9.064 A781.10062
G1 A780.80062 F2400
;WIPE_START
G1 F6240
G1 X2.583 Y9.024 A780.77889
G1 X2.55 Y8.995 A780.76284
G1 X2.445 Y8.969 A780.72332
G1 X1.739 Y8.98 A780.46533
G1 X.61 Y8.819 A780.04864
G1 X-.387 Y8.476 A779.6634
G1 X-.537 Y8.392 A779.60062
;WIPE_END
G1 X-1.828 Y6.001 F7800
G1 A781.10062 F2400
;TYPE:Solid infill
;WIDTH:0.36146
G1 F3600
G1 X-1.259 Y6.607 A781.11237
G1 X-.665 Y7.142 A781.12367
G1 X.174 Y7.442 F7800
G1 F3600
G1 X.185 Y7.483 A781.12427
G1 X.114 Y7.502 A781.12531
G1 X.133 Y7.431 A781.12635
;WIDTH:0.40573
G1 X-.013 Y7.342 A781.12908
;WIDTH:0.449999
G1 X-.159 Y7.253 A781.13213
G1 X-2.184 Y5.229 A781.18314
G1 X-2.259 Y5.064 A781.18637
;WIDTH:0.40573
G1 X-2.334 Y4.898 A781.18928
;WIDTH:0.36146
G1 X-2.323 Y4.94 A781.18989
G1 X-2.394 Y4.959 A781.19093
G1 X-2.375 Y4.887 A781.19198
;WIDTH:0.449999
G1 X-2.439 Y4.367 A781.20131
G1 X.849 Y7.655 A781.28416
G1 X1.565 Y7.765 A781.29707
G1 X-2.572 Y3.629 A781.4013
G1 X-2.593 Y3.001 A781.4125
G1 X2.202 Y7.796 A781.53332
G1 X2.805 Y7.793 A781.54406
G1 X-2.524 Y2.464 A781.67833
G1 X-2.412 Y1.97 A781.68735
G1 X-.531 Y3.852 A781.73476
G1 X-.433 Y4.003 A781.73797
;WIDTH:0.40573
G1 X-.336 Y4.155 A781.74085
;WIDTH:0.36146
G1 X.034 Y4.648 A781.74956
G1 X1.208 Y5.522 F7800
G1 F3600
G1 X1.041 Y5.537 A781.75193
G1 X1.208 Y5.522 A781.7543
;WIDTH:0.40573
G1 X1.276 Y5.624 A781.75626
;WIDTH:0.449999
G1 X1.344 Y5.726 A781.75844
G1 X3.247 Y7.63 A781.8064
G1 X3.696 Y7.473 A781.81487
G1 X2.039 Y5.815 A781.85663
G1 X3.347 Y5.912 F7800
G1 F3600
G1 X3.559 Y5.804 A781.86087
G1 X4.151 Y5.337 A781.8743
G1 X4.469 Y4.949 A781.88324
G1 X4.705 Y4.501 A781.89226
G1 X4.908 Y4.017 A781.90161
G1 X5.01 Y3.332 A781.91395
G1 X6.004 Y4.325 A781.93898
G1 X5.951 Y4.504 A781.94231
G1 X5.744 Y5.014 A781.95212
G1 X5.316 Y5.716 A781.96677
G1 X4.977 Y6.099 A781.97588
G1 X4.594 Y6.442 A781.98504
G1 X4.179 Y6.743 A781.99417
G1 X3.499 Y6.063 A782.0113
G1 X3.971 Y5.983 A782.01983
;WIDTH:0.373207
G1 X4.451 Y5.583 A782.02897
;WIDTH:0.371229
G1 X4.77 Y5.196 A782.03626
;WIDTH:0.385409
G1 X5.062 Y4.674 A782.04531
G1 X5.272 Y4.148 A782.05388
;WIDTH:0.375658
G1 X5.558 Y4.433 A782.05983
;WIDTH:0.385409
G1 X5.381 Y4.848 A782.06666
G1 X5.055 Y5.397 A782.07632
;WIDTH:0.371229
G1 X4.686 Y5.842 A782.08473
;WIDTH:0.373207
G1 X4.226 Y6.238 A782.09361
G1 X4.122 Y6.135 A782.09575
G1 A781.79575 F2400
;WIPE_START
G1 F6240
G1 X4.226 Y6.238 A781.74227
G1 X4.686 Y5.842 A781.52049
G1 X5.055 Y5.397 A781.30927
G1 X5.381 Y4.848 A781.07597
G1 X5.558 Y4.433 A780.91112
G1 X5.272 Y4.148 A780.76359
G1 X5.102 Y4.574 A780.59575
;WIPE_END
G1 X-.607 Y3.169 F7800
G1 A782.09575 F2400
;WIDTH:0.449999
G1 F3600
G1 X-2.27 Y1.506 A782.13765
G1 X-1.924 Y1.246 A782.14536
G1 X-.523 Y2.647 A782.18066
G1 X-.46 Y2.358 A782.18593
G1 X-.248 Y1.892 A782.19505
G1 X.132 Y1.396 A782.20618
G1 X.552 Y1.051 A782.21586
G1 X.834 Y.888 A782.22166
G1 X1.304 Y.705 A782.23065
G1 X2.03 Y.622 A782.24367
G1 X2.733 Y.723 A782.25632
G1 X3.257 Y.955 A782.26653
G1 X1.096 Y-1.188 A782.32075
G1 X1.096 Y-1.28 A782.32239
G1 X.456 Y-1.113 A782.33417
G1 X-.156 Y-.842 A782.34609
G1 X-.609 Y-.556 A782.35563
G1 X-1.111 Y-.189 A782.36671
G1 X-1.324 Y-.077 A782.371
G1 X-1.453 Y.164 A782.37587
G1 X-1.763 Y.572 A782.385
G1 X-2.076 Y1.095 A782.39586
G1 X-1.541 Y1.023 A782.40548
G1 X-1.382 Y.773 A782.41076
G1 X-1.03 Y.296 A782.42132
G1 X-.858 Y.157 A782.42526
G1 X-.4 Y-.178 A782.43537
G1 X.041 Y-.46 A782.4447
G1 X.499 Y-.663 A782.45363
G1 X.894 Y-.784 A782.46099
G1 X1.885 Y.207 A782.48596
G1 X1.149 Y.306 A782.49919
G1 X.679 Y.488 A782.50817
G1 X.284 Y.717 A782.5163
G1 X-.206 Y1.132 A782.52774
G1 X-.56 Y1.585 A782.53798
G1 X-.704 Y1.86 A782.54351
G1 X-1.389 Y1.175 A782.56077
G1 X-1.213 Y1.073 A782.56439
;WIDTH:0.415777
G1 X-1.036 Y.97 A782.56775
;WIDTH:0.384472
G1 X-.625 Y.476 A782.57745
G1 X-.171 Y.136 A782.58601
;WIDTH:0.373109
G1 X.234 Y-.119 A782.59301
;WIDTH:0.376823
G1 X.775 Y-.348 A782.60169
G1 X1.053 Y-.071 A782.60749
G1 X.493 Y.145 A782.61636
;WIDTH:0.370503
G1 X.041 Y.413 A782.62399
;WIDTH:0.389635
G1 X-.438 Y.794 A782.63336
G1 X-.78 Y1.226 A782.64179
;WIDTH:0.381555
G1 X-.885 Y1.122 A782.644
G1 A782.344 F2400
;WIPE_START
G1 F6240
G1 X-.78 Y1.226 A782.29
G1 X-.438 Y.794 A782.08868
G1 X.041 Y.413 A781.86505
G1 X.493 Y.145 A781.67305
G1 X1.053 Y-.071 A781.45374
G1 X.775 Y-.348 A781.31035
G1 X.356 Y-.17 A781.144
;WIPE_END
G1 X3.294 Y.984 F7800
G1 A782.644 F2400
;WIDTH:0.413106
G1 F3600
G1 X3.529 Y1.189 A782.64908
;WIDTH:0.387283
G1 X3.763 Y1.393 A782.6538
;WIDTH:0.383376
G1 X4.136 Y1.805 A782.66216
;WIDTH:0.388845
G1 X4.156 Y1.831 A782.66266
;WIDTH:0.419422
G1 X4.398 Y2.093 A782.66856
;WIDTH:0.449999
G1 X6.054 Y3.77 A782.71055
G1 X6.494 Y4.174 A782.72119
G1 X6.357 Y4.645 A782.72993
G1 X6.128 Y5.208 A782.74076
G1 X5.662 Y5.971 A782.75669
G1 X5.17 Y6.528 A782.76993
G1 X4.561 Y7.02 A782.78388
G1 X4.106 Y7.276 A782.79318
G1 X2.574 Y5.744 A782.83178
G1 X3.302 Y5.462 A782.84569
G1 X3.819 Y5.065 A782.8573
G1 X4.165 Y4.635 A782.86713
G1 X4.484 Y3.953 A782.88054
G1 X4.592 Y3.17 A782.89462
G1 X4.482 Y2.466 A782.90732
G1 X4.254 Y2.021 A782.91623
G1 A782.61623 F2400
;WIPE_START
G1 F6240
G1 X4.482 Y2.466 A782.43353
G1 X4.592 Y3.17 A782.17318
G1 X4.484 Y3.953 A781.88438
G1 X4.165 Y4.635 A781.60928
G1 X3.834 Y5.047 A781.41623
;WIPE_END
G1 X6.569 Y3.679 F7800
G1 A782.91623 F2400
G1 F3600
G1 X1.551 Y-1.339 A783.04267
G1 X2.131 Y-1.365 A783.05301
G1 X6.58 Y3.084 A783.16511
G1 X6.51 Y2.407 A783.17724
G1 X2.797 Y-1.306 A783.27079
G1 X3.457 Y-1.186 A783.28274
;WIDTH:0.358057
G1 X3.854 Y-1.042 A783.28865
G1 X4.119 Y-1 A783.2924
;WIDTH:0.360925
G1 X4.298 Y-.823 A783.29595
;WIDTH:0.388586
G1 X4.556 Y-.626 A783.3009
;WIDTH:0.416247
G1 X4.814 Y-.429 A783.30623
;WIDTH:0.431465
G1 X5.345 Y.072 A783.31867
G1 X5.639 Y.429 A783.32655
;WIDTH:0.402553
G1 X5.934 Y.786 A783.33389
;WIDTH:0.373641
G1 X6.286 Y1.484 A783.34534
G1 X6.352 Y1.697 A783.34861
G1 X5.659 Y1.005 A783.36295
;WIDTH:0.402553
G1 X5.349 Y.674 A783.37014
;WIDTH:0.431465
G1 X4.541 Y-.144 A783.38974
;WIDTH:0.416247
G1 X4.231 Y-.433 A783.3967
;WIDTH:0.387152
G1 X3.921 Y-.722 A783.40314
;WIDTH:0.358057
G1 X3.608 Y-1.035 A783.40933
M106 P196.35
;LAYER_CHANGE
;Z:2.7
;HEIGHT:0.1
G1 A783.10933 F2400
;WIPE_START
G1 F6240
G1 X3.921 Y-.722 A782.94759
G1 X4.231 Y-.433 A782.79273
G1 X4.541 Y-.144 A782.63787
G1 X5.349 Y.674 A782.21776
G1 X5.659 Y1.005 A782.05206
G1 X5.935 Y1.281 A781.90933
;WIPE_END
G1 Z2.7 F7800
G1 X-.383 Y3.214
G1 A783.40933 F2400
;TYPE:Perimeter
;WIDTH:0.449999
G1 F900
G1 X-.337 Y2.735 A783.4179
G1 X-.133 Y2.149 A783.42896
G1 X.156 Y1.713 A783.43828
G1 X.413 Y1.438 A783.44499
G1 X.926 Y1.089 A783.45604
G1 X1.513 Y.886 A783.46711
G1 X2.083 Y.836 A783.4773
G1 X2.639 Y.922 A783.48732
G1 X3.232 Y1.182 A783.49886
G1 X3.653 Y1.507 A783.50834
G1 X3.977 Y1.907 A783.51751
G1 X4.198 Y2.346 A783.52627
G1 X4.32 Y2.735 A783.53353
G1 X4.371 Y3.291 A783.54348
G1 X4.297 Y3.812 A783.55286
G1 X4.091 Y4.308 A783.56243
G1 X3.813 Y4.731 A783.57145
G1 X3.571 Y4.991 A783.57778
G1 X3.057 Y5.339 A783.58884
G1 X2.471 Y5.543 A783.5999
G1 X1.969 Y5.596 A783.60889
G1 X1.463 Y5.535 A783.61797
G1 X.926 Y5.339 A783.62815
G1 X.413 Y4.991 A783.63919
G1 X.215 Y4.794 A783.64417
G1 X-.084 Y4.383 A783.65323
G1 X-.27 Y3.907 A783.66234
G1 X-.389 Y3.274 A783.67382
G1 X.044 Y3.214 F7800
G1 F900
G1 X.111 Y2.687 A783.68328
G1 X.328 Y2.193 A783.69289
G1 X.648 Y1.798 A783.70195
G1 X.945 Y1.569 A783.70863
G1 X1.406 Y1.354 A783.71769
G1 X1.908 Y1.266 A783.72677
G1 X2.415 Y1.311 A783.73584
G1 X2.893 Y1.485 A783.7449
G1 X3.31 Y1.778 A783.75398
G1 X3.637 Y2.168 A783.76305
G1 X3.852 Y2.629 A783.77211
G1 X3.94 Y3.131 A783.78119
G1 X3.895 Y3.638 A783.79026
G1 X3.725 Y4.084 A783.79876
G1 X3.4 Y4.567 A783.80913
G1 X2.962 Y4.91 A783.81904
G1 X2.415 Y5.118 A783.82947
G1 X1.908 Y5.163 A783.83854
G1 X1.406 Y5.074 A783.84762
G1 X.945 Y4.86 A783.85668
G1 X.558 Y4.536 A783.86567
G1 X.263 Y4.116 A783.87481
G1 X.146 Y3.804 A783.88075
G1 X.043 Y3.273 A783.89039
G1 X.469 Y3.214 F7800
;TYPE:External perimeter
G1 F900
G1 X.528 Y2.793 A783.89796
G1 X.686 Y2.429 A783.90503
G1 X.934 Y2.118 A783.91212
G1 X1.206 Y1.909 A783.91823
G1 X1.65 Y1.732 A783.92675
G1 X2.02 Y1.691 A783.93338
G1 X2.462 Y1.771 A783.94138
G1 X2.778 Y1.909 A783.94752
G1 X3.089 Y2.157 A783.95461
G1 X3.325 Y2.477 A783.96169
G1 X3.47 Y2.847 A783.96877
G1 X3.515 Y3.242 A783.97585
G1 X3.456 Y3.636 A783.98295
G1 X3.356 Y3.867 A783.98743
G1 X3.065 Y4.298 A783.9967
G1 X2.67 Y4.572 A784.00526
G1 X2.261 Y4.706 A784.01293
G1 X1.931 Y4.733 A784.01883
G1 X1.57 Y4.679 A784.02533
G1 X1.206 Y4.52 A784.03241
G1 X.895 Y4.272 A784.0395
G1 X.659 Y3.952 A784.04658
G1 X.566 Y3.718 A784.05107
G1 X.476 Y3.273 A784.05916
G1 A783.75916 F2400
;WIPE_START
G1 F6240
G1 X.469 Y3.214 A783.73745
G1 X.528 Y2.793 A783.58212
G1 X.686 Y2.429 A783.43713
G1 X.934 Y2.118 A783.29179
G1 X1.206 Y1.909 A783.16645
G1 X1.65 Y1.732 A782.9918
G1 X2.02 Y1.691 A782.85578
G1 X2.462 Y1.771 A782.69166
G1 X2.778 Y1.909 A782.56567
G1 X2.792 Y1.92 A782.55916
;WIPE_END
G1 X-6.839 Y7.518 F7800
G1 A784.05916 F2400
;TYPE:Perimeter
;WIDTH:0.385578
G1 F900
G1 X-6.213 Y7.331 A784.06905
;WIDTH:0.428476
G1 X-5.643 Y7.153 A784.07915
;WIDTH:0.474904
G1 X-5.327 Y7.068 A784.08532
;WIDTH:0.521331
G1 X-5.01 Y6.983 A784.09214
;WIDTH:0.567759
G1 X-4.693 Y6.897 A784.0996
;WIDTH:0.614186
G1 X-4.376 Y6.812 A784.10769
;WIDTH:0.645374
G1 X-4.126 Y6.747 A784.11439
G1 A783.81439 F2400
;WIPE_START
G1 F6240
G1 X-4.376 Y6.812 A783.72001
G1 X-4.693 Y6.897 A783.60009
G1 X-5.01 Y6.983 A783.48008
G1 X-5.327 Y7.068 A783.36016
G1 X-5.643 Y7.153 A783.24059
G1 X-6.213 Y7.331 A783.0224
G1 X-6.839 Y7.518 A782.78368
;WIPE_END
G1 A782.61439 F2400
G1 X-4.83 Y-3.854 F7800
G1 A784.11439 F2400
;WIDTH:0.385574
G1 F900
G1 X-4.459 Y-3.317 A784.12427
;WIDTH:0.428474
G1 X-4.114 Y-2.83 A784.13437
;WIDTH:0.474904
G1 X-3.935 Y-2.555 A784.14056
;WIDTH:0.521333
G1 X-3.756 Y-2.28 A784.14738
;WIDTH:0.567763
G1 X-3.576 Y-2.005 A784.15484
;WIDTH:0.614192
G1 X-3.397 Y-1.73 A784.16293
;WIDTH:0.645374
G1 X-3.259 Y-1.512 A784.16962
G1 A783.86962 F2400
;WIPE_START
G1 F6240
G1 X-3.397 Y-1.73 A783.77535
G1 X-3.576 Y-2.005 A783.65546
G1 X-3.756 Y-2.28 A783.53537
G1 X-3.935 Y-2.555 A783.41548
G1 X-4.114 Y-2.83 A783.29559
G1 X-4.459 Y-3.317 A783.07752
G1 X-4.83 Y-3.854 A782.83904
;WIPE_END
G1 A782.66962 F2400
G1 X6.606 Y-5.458 F7800
G1 A784.16962 F2400
;WIDTH:0.385578
G1 F900
G1 X6.21 Y-4.939 A784.1795
;WIDTH:0.428474
G1 X5.853 Y-4.46 A784.18961
;WIDTH:0.4749
G1 X5.647 Y-4.205 A784.19579
;WIDTH:0.521325
G1 X5.441 Y-3.949 A784.20262
;WIDTH:0.567751
G1 X5.235 Y-3.694 A784.21007
;WIDTH:0.614176
G1 X5.029 Y-3.439 A784.21815
;WIDTH:0.645372
G1 X4.865 Y-3.24 A784.22484
G1 A783.92484 F2400
;WIPE_START
G1 F6240
G1 X5.029 Y-3.439 A783.83062
G1 X5.235 Y-3.694 A783.71084
G1 X5.441 Y-3.949 A783.59106
G1 X5.647 Y-4.205 A783.471
G1 X5.853 Y-4.46 A783.35122
G1 X6.21 Y-4.939 A783.13294
G1 X6.606 Y-5.458 A782.89441
;WIPE_END
G1 A782.72484 F2400
G1 X-2.905 Y3.215 F7800
G1 A784.22484 F2400
;WIDTH:0.449999
G1 F900
G1 X-2.917 Y2.999 A784.22869
G1 X-2.812 Y2.179 A784.24342
G1 X-2.567 Y1.38 A784.25831
G1 X-2.209 Y.66 A784.27264
G1 X-2.1 Y.278 A784.27972
G1 X-2.187 Y-.134 A784.28722
G1 X-1.767 Y-.137 A784.2947
G1 X-1.395 Y-.343 A784.30228
G1 X-.963 Y-.71 A784.31238
G1 X-.414 Y-1.071 A784.32409
G1 X.399 Y-1.433 A784.33995
G1 X1.16 Y-1.629 A784.35395
G1 X1.885 Y-1.69 A784.36691
G1 X2.403 Y-1.665 A784.37615
G1 X3.156 Y-1.565 A784.38968
G1 X3.52 Y-1.585 A784.39618
G1 X3.885 Y-1.794 A784.40367
G1 X4.018 Y-1.396 A784.41115
G1 X4.305 Y-1.12 A784.41824
G1 X5.019 Y-.655 A784.43342
G1 X5.674 Y-.039 A784.44944
G1 X6.163 Y.617 A784.46402
G1 X6.552 Y1.384 A784.47934
G1 X6.799 Y2.19 A784.49436
G1 X6.888 Y2.793 A784.50522
G1 X7.029 Y3.186 A784.51266
G1 X7.34 Y3.467 A784.52013
G1 X7.003 Y3.716 A784.5276
G1 X6.824 Y4.095 A784.53507
G1 X6.664 Y4.737 A784.54686
G1 X6.408 Y5.369 A784.55901
G1 X5.927 Y6.157 A784.57546
G1 X5.393 Y6.762 A784.58984
G1 X4.864 Y7.188 A784.60194
G1 X4.407 Y7.475 A784.61155
G1 X3.858 Y7.766 A784.62262
G1 X3.575 Y7.996 A784.62912
G1 X3.404 Y8.379 A784.63659
G1 X3.063 Y8.135 A784.64406
G1 X2.683 Y8.08 A784.6509
G1 X2.165 Y8.12 A784.66016
G1 X1.527 Y8.106 A784.67153
G1 X.726 Y7.963 A784.68603
G1 X.015 Y7.712 A784.69946
G1 X-.763 Y7.284 A784.71528
G1 X-1.192 Y6.937 A784.72511
G1 X-1.706 Y6.449 A784.73774
G1 X-2.066 Y6.198 A784.74556
G1 X-2.484 Y6.154 A784.75305
G1 X-2.357 Y5.754 A784.76053
G1 X-2.432 Y5.351 A784.76783
G1 X-2.71 Y4.646 A784.78133
G1 X-2.864 Y3.954 A784.79396
G1 X-2.902 Y3.275 A784.80608
G1 X-3.334 Y3.215 F7800
G1 F3600
G1 X-3.347 Y2.983 A784.81022
G1 X-3.232 Y2.089 A784.82628
G1 X-2.967 Y1.22 A784.84247
G1 X-2.592 Y.469 A784.85743
G1 X-2.527 Y.24 A784.86167
G1 X-2.605 Y-.129 A784.86839
G1 X-2.749 Y-.36 A784.87324
;WIDTH:0.41423
G1 X-2.893 Y-.591 A784.87769
;TYPE:Overhang perimeter
;WIDTH:0.4
;HEIGHT:0.4
M106 P255
G1 X-3.168 Y-1.054 A784.90582
M106 P196.35
;TYPE:Perimeter
;WIDTH:0.357612
;HEIGHT:0.1
G1 X-3.191 Y-1.093 A784.90645
;WIDTH:0.405573
G1 X-3.203 Y-1.163 A784.90758
;WIDTH:0.453533
G1 X-3.214 Y-1.233 A784.90885
;WIDTH:0.501493
G1 X-3.225 Y-1.303 A784.91026
;WIDTH:0.549453
G1 X-3.236 Y-1.373 A784.91182
;WIDTH:0.597414
G1 X-3.248 Y-1.443 A784.91352
;WIDTH:0.645374
G1 X-3.259 Y-1.512 A784.91533
G1 X-3.2 Y-1.473 A784.91716
;WIDTH:0.597414
G1 X-3.142 Y-1.433 A784.91885
;WIDTH:0.549453
G1 X-3.084 Y-1.393 A784.9204
;WIDTH:0.501493
G1 X-3.025 Y-1.353 A784.92182
;WIDTH:0.453533
G1 X-2.967 Y-1.313 A784.92309
;WIDTH:0.405573
G1 X-2.908 Y-1.273 A784.92423
;WIDTH:0.392365
G1 X-2.586 Y-.799 A784.93307
;WIDTH:0.421182
G1 X-2.429 Y-.671 A784.93644
;WIDTH:0.449999
G1 X-2.272 Y-.543 A784.94005
G1 X-1.896 Y-.546 A784.94675
G1 X-1.672 Y-.669 A784.9513
G1 X-1.22 Y-1.053 A784.96187
G1 X-.62 Y-1.448 A784.97467
G1 X.258 Y-1.839 A784.99179
G1 X1.088 Y-2.053 A785.00706
G1 X1.848 Y-2.117 A785.02065
G1 X2.439 Y-2.092 A785.03119
G1 X3.146 Y-2.001 A785.04389
G1 X3.425 Y-2.002 A785.04886
G1 X3.751 Y-2.19 A785.05556
G1 X3.926 Y-2.399 A785.06042
;WIDTH:0.41425
G1 X4.101 Y-2.607 A785.06486
;TYPE:Overhang perimeter
;WIDTH:0.4
;HEIGHT:0.4
M106 P255
G1 X4.456 Y-3.011 A785.09296
M106 P196.35
;TYPE:Perimeter
;WIDTH:0.357611
;HEIGHT:0.1
G1 X4.487 Y-3.046 A785.09361
;WIDTH:0.405571
G1 X4.55 Y-3.079 A785.09475
;WIDTH:0.453532
G1 X4.613 Y-3.111 A785.09602
;WIDTH:0.501492
G1 X4.676 Y-3.143 A785.09743
;WIDTH:0.549452
G1 X4.739 Y-3.175 A785.09898
;WIDTH:0.597412
G1 X4.802 Y-3.208 A785.10068
;WIDTH:0.645372
G1 X4.865 Y-3.24 A785.10251
G1 X4.845 Y-3.172 A785.10435
;WIDTH:0.597412
G1 X4.825 Y-3.104 A785.10605
;WIDTH:0.549452
G1 X4.805 Y-3.036 A785.10761
;WIDTH:0.501492
G1 X4.785 Y-2.968 A785.10902
;WIDTH:0.453532
G1 X4.766 Y-2.9 A785.11029
;WIDTH:0.405571
G1 X4.746 Y-2.832 A785.11142
;WIDTH:0.392337
G1 X4.394 Y-2.38 A785.12025
;WIDTH:0.421168
G1 X4.321 Y-2.191 A785.12362
;WIDTH:0.449999
G1 X4.247 Y-2.002 A785.12724
G1 X4.367 Y-1.645 A785.13395
G1 X4.539 Y-1.479 A785.13821
G1 X5.285 Y-.993 A785.15407
G1 X5.995 Y-.325 A785.17144
G1 X6.528 Y.391 A785.18734
G1 X6.951 Y1.223 A785.20397
G1 X7.218 Y2.095 A785.22022
G1 X7.302 Y2.66 A785.2304
G1 X7.396 Y2.965 A785.23609
G1 X7.676 Y3.218 A785.24281
G1 X8.18 Y3.422 A785.2525
;TYPE:Overhang perimeter
;WIDTH:0.4
;HEIGHT:0.4
M106 P255
G1 X8.674 Y3.635 A785.28061
M106 P196.35
;TYPE:Perimeter
;WIDTH:0.378126
;HEIGHT:0.1
G1 X8.717 Y3.653 A785.2813
;WIDTH:0.405569
G1 X8.767 Y3.703 A785.28243
;WIDTH:0.453528
G1 X8.817 Y3.753 A785.2837
;WIDTH:0.501488
G1 X8.867 Y3.803 A785.28511
;WIDTH:0.549447
G1 X8.918 Y3.853 A785.28668
;WIDTH:0.597407
G1 X8.968 Y3.902 A785.28836
;WIDTH:0.645366
G1 X9.018 Y3.952 A785.29019
G1 X8.947 Y3.954 A785.29203
;WIDTH:0.597407
G1 X8.877 Y3.957 A785.29371
;WIDTH:0.549447
G1 X8.806 Y3.959 A785.29527
;WIDTH:0.501488
G1 X8.735 Y3.961 A785.29669
;WIDTH:0.453528
G1 X8.664 Y3.963 A785.29797
;WIDTH:0.405569
G1 X8.594 Y3.965 A785.29909
;WIDTH:0.392355
G1 X8.054 Y3.77 A785.30794
;WIDTH:0.421177
G1 X7.852 Y3.759 A785.3113
;WIDTH:0.449999
G1 X7.65 Y3.748 A785.3149
G1 X7.347 Y3.971 A785.3216
G1 X7.24 Y4.199 A785.32609
G1 X7.072 Y4.87 A785.33841
G1 X6.792 Y5.563 A785.35173
G1 X6.273 Y6.412 A785.36946
G1 X5.69 Y7.072 A785.38515
G1 X5.093 Y7.554 A785.39882
G1 X4.617 Y7.849 A785.4088
G1 X4.147 Y8.102 A785.41831
G1 X3.899 Y8.277 A785.42372
G1 X3.745 Y8.621 A785.43044
G1 X3.707 Y9.164 A785.44014
;TYPE:Overhang perimeter
;WIDTH:0.4
;HEIGHT:0.4
M106 P255
G1 X3.657 Y9.7 A785.46826
M106 P196.35
;TYPE:Perimeter
;WIDTH:0.378127
;HEIGHT:0.1
G1 X3.653 Y9.746 A785.46894
;WIDTH:0.40557
G1 X3.621 Y9.809 A785.47007
;WIDTH:0.45353
G1 X3.589 Y9.872 A785.47134
;WIDTH:0.50149
G1 X3.557 Y9.936 A785.47277
;WIDTH:0.54945
G1 X3.525 Y9.999 A785.47432
;WIDTH:0.59741
G1 X3.493 Y10.062 A785.47601
;WIDTH:0.64537
G1 X3.461 Y10.125 A785.47784
G1 X3.437 Y10.058 A785.47969
;WIDTH:0.59741
G1 X3.413 Y9.992 A785.48137
;WIDTH:0.54945
G1 X3.39 Y9.925 A785.48292
;WIDTH:0.50149
G1 X3.366 Y9.858 A785.48434
;WIDTH:0.45353
G1 X3.342 Y9.792 A785.4856
;WIDTH:0.40557
G1 X3.318 Y9.725 A785.48674
;WIDTH:0.392373
G1 X3.336 Y9.152 A785.49558
;WIDTH:0.421186
G1 X3.285 Y8.956 A785.49895
;WIDTH:0.449999
G1 X3.233 Y8.76 A785.50256
G1 X2.927 Y8.541 A785.50926
G1 X2.699 Y8.508 A785.51336
G1 X2.178 Y8.549 A785.52267
G1 X1.484 Y8.534 A785.53504
G1 X.616 Y8.378 A785.55075
G1 X-.161 Y8.104 A785.56543
G1 X-1.002 Y7.641 A785.58253
G1 X-1.625 Y7.138 A785.5968
G1 X-2.018 Y6.743 A785.60673
G1 X-2.234 Y6.593 A785.61142
G1 X-2.609 Y6.553 A785.61814
G1 X-3.137 Y6.684 A785.62783
;TYPE:Overhang perimeter
;WIDTH:0.4
;HEIGHT:0.4
M106 P255
G1 X-3.662 Y6.803 A785.65595
M106 P196.35
;TYPE:Perimeter
;WIDTH:0.378127
;HEIGHT:0.1
G1 X-3.707 Y6.813 A785.65663
;WIDTH:0.405572
G1 X-3.777 Y6.802 A785.65776
;WIDTH:0.453532
G1 X-3.847 Y6.791 A785.65903
;WIDTH:0.501493
G1 X-3.917 Y6.78 A785.66044
;WIDTH:0.549453
G1 X-3.987 Y6.769 A785.662
;WIDTH:0.597414
G1 X-4.057 Y6.758 A785.6637
;WIDTH:0.645374
G1 X-4.126 Y6.747 A785.66551
G1 X-4.07 Y6.704 A785.66734
;WIDTH:0.597414
G1 X-4.014 Y6.661 A785.66903
;WIDTH:0.549453
G1 X-3.959 Y6.618 A785.67056
;WIDTH:0.501493
G1 X-3.903 Y6.574 A785.67198
;WIDTH:0.453532
G1 X-3.847 Y6.531 A785.67325
;WIDTH:0.405572
G1 X-3.791 Y6.488 A785.67438
;WIDTH:0.392346
G1 X-3.24 Y6.328 A785.68323
;WIDTH:0.421173
G1 X-3.07 Y6.218 A785.68659
;WIDTH:0.449999
G1 X-2.899 Y6.109 A785.6902
G1 X-2.786 Y5.75 A785.69691
G1 X-2.831 Y5.508 A785.7013
G1 X-3.121 Y4.771 A785.71541
G1 X-3.29 Y4.013 A785.72925
G1 X-3.331 Y3.275 A785.74242
G1 A785.44242 F2400
;WIPE_START
G1 F6240
G1 X-3.334 Y3.215 A785.42047
G1 X-3.347 Y2.983 A785.33557
G1 X-3.232 Y2.089 A785.00622
G1 X-2.967 Y1.22 A784.67427
G1 X-2.592 Y.469 A784.36756
G1 X-2.527 Y.24 A784.28058
G1 X-2.549 Y.138 A784.24242
;WIPE_END
G1 X11.665 Y4.923 F7800
G1 A785.74242 F2400
;WIDTH:0.386374
G1 F900
G1 X11.035 Y4.702 A785.75255
;WIDTH:0.428476
G1 X10.461 Y4.507 A785.76281
;WIDTH:0.474906
G1 X10.16 Y4.392 A785.76888
;WIDTH:0.521335
G1 X9.859 Y4.277 A785.77558
;WIDTH:0.567765
G1 X9.558 Y4.162 A785.7829
;WIDTH:0.614194
G1 X9.258 Y4.047 A785.79082
;WIDTH:0.645366
G1 X9.018 Y3.952 A785.79752
G1 A785.49752 F2400
;WIPE_START
G1 F6240
G1 X9.258 Y4.047 A785.40321
G1 X9.558 Y4.162 A785.28582
G1 X9.859 Y4.277 A785.16809
G1 X10.16 Y4.392 A785.05036
G1 X10.461 Y4.507 A784.93263
G1 X11.035 Y4.702 A784.71113
G1 X11.665 Y4.923 A784.46719
;WIPE_END
G1 A784.29752 F2400
G1 X3.356 Y12.943 F7800
G1 A785.79752 F2400
;WIDTH:0.385576
G1 F900
G1 X3.371 Y12.29 A785.80741
;WIDTH:0.428474
G1 X3.379 Y11.693 A785.81751
;WIDTH:0.474903
G1 X3.395 Y11.365 A785.8237
;WIDTH:0.521331
G1 X3.412 Y11.038 A785.8305
;WIDTH:0.56776
G1 X3.428 Y10.71 A785.83796
;WIDTH:0.614188
G1 X3.445 Y10.382 A785.84605
;WIDTH:0.64537
G1 X3.461 Y10.125 A785.85273
G1 X2.486 Y8.954 F7800
;TYPE:External perimeter
;WIDTH:0.449999
G1 F2880
G1 X2.19 Y8.978 A785.85802
G1 X1.442 Y8.962 A785.87135
G1 X.506 Y8.794 A785.88829
G1 X-.337 Y8.496 A785.90422
G1 X-1.242 Y7.998 A785.92262
G1 X-2.007 Y7.381 A785.94013
G1 X-2.354 Y7.015 A785.94912
G1 X-2.527 Y6.974 A785.95229
G1 X-2.877 Y7.041 A785.95864
;TYPE:Overhang perimeter
;WIDTH:0.4
;HEIGHT:0.4
M106 P255
G1 F3600
G1 X-5.548 Y7.559 A786.10079
G1 X-6.737 Y7.887 A786.16523
G1 X-7.144 Y7.916 A786.18655
G1 X-13.374 Y9.832 A786.52708
M106 P196.35
;TYPE:External perimeter
;WIDTH:0.551741
;HEIGHT:0.1
G1 F2880
G1 X-19.31 Y11.67 A786.66408
;WIDTH:0.504868
G1 X-25.247 Y13.508 A786.78899
;WIDTH:0.457994
G1 X-38.188 Y17.622 A787.03544
;WIDTH:0.423574
G1 X-51.129 Y21.736 A787.26246
;WIDTH:0.389154
G1 X-64.07 Y25.85 A787.47004
;WIDTH:0.354733
G1 X-64.172 Y25.533 A787.47465
G1 X-64.013 Y25.482 A787.47696
;WIDTH:0.389147
G1 X-51.135 Y21.352 A787.6837
;WIDTH:0.42356
G1 X-38.258 Y17.222 A787.90977
;WIDTH:0.457973
G1 X-25.38 Y13.092 A788.15521
;WIDTH:0.503933
G1 X-19.567 Y11.244 A788.27756
;WIDTH:0.549892
G1 X-13.754 Y9.396 A788.41157
;WIDTH:0.595851
G1 X-7.941 Y7.548 A788.55723
;WIDTH:0.609827
G1 X-7.312 Y7.353 A788.57334
G1 X-7.223 Y7.303 A788.57584
;WIDTH:0.56987
G1 X-7.134 Y7.253 A788.57817
;WIDTH:0.529913
G1 X-7.045 Y7.204 A788.58032
;WIDTH:0.489956
G1 X-6.956 Y7.154 A788.58231
;WIDTH:0.449999
G1 X-4.539 Y6.328 A788.62782
G1 X-3.363 Y5.948 A788.64984
G1 X-3.252 Y5.865 A788.65231
G1 X-3.214 Y5.746 A788.65454
G1 X-3.229 Y5.665 A788.65601
G1 X-3.532 Y4.897 A788.67072
G1 X-3.716 Y4.072 A788.68578
G1 X-3.777 Y2.968 A788.70548
G1 X-3.653 Y1.998 A788.7229
G1 X-3.366 Y1.061 A788.74036
G1 X-2.976 Y.278 A788.75595
G1 X-2.98 Y.078 A788.75951
G1 X-3.153 Y-.233 A788.76585
;TYPE:Overhang perimeter
;WIDTH:0.4
;HEIGHT:0.4
M106 P255
G1 F3600
G1 X-4.47 Y-2.614 A788.90801
G1 X-5.149 Y-3.643 A788.97242
G1 X-5.303 Y-4.021 A788.99374
G1 X-9.05 Y-9.354 A789.33426
M106 P196.35
;TYPE:External perimeter
;WIDTH:0.551477
;HEIGHT:0.1
G1 F2880
G1 X-12.633 Y-14.432 A789.47121
;WIDTH:0.504736
G1 X-16.216 Y-19.51 A789.59608
;WIDTH:0.457994
G1 X-24.127 Y-30.546 A789.84252
;WIDTH:0.423574
G1 X-32.038 Y-41.583 A790.06954
;WIDTH:0.389154
G1 X-39.95 Y-52.619 A790.27712
;WIDTH:0.354733
G1 X-39.68 Y-52.814 A790.28173
G1 X-39.583 Y-52.679 A790.28403
;WIDTH:0.389147
G1 X-31.675 Y-41.707 A790.49078
;WIDTH:0.42356
G1 X-23.768 Y-30.736 A790.71686
;WIDTH:0.457973
G1 X-15.861 Y-19.765 A790.96228
;WIDTH:0.503933
G1 X-12.307 Y-14.808 A791.08463
;WIDTH:0.549892
G1 X-8.753 Y-9.85 A791.21865
;WIDTH:0.595852
G1 X-5.199 Y-4.893 A791.36431
;WIDTH:0.609827
G1 X-4.819 Y-4.355 A791.38042
G1 X-4.744 Y-4.286 A791.38291
;WIDTH:0.56987
G1 X-4.67 Y-4.217 A791.38522
;WIDTH:0.529913
G1 X-4.595 Y-4.147 A791.38739
;WIDTH:0.489956
G1 X-4.52 Y-4.078 A791.38938
;WIDTH:0.449999
G1 X-2.987 Y-2.034 A791.4349
G1 X-2.262 Y-1.033 A791.45692
G1 X-2.15 Y-.953 A791.45937
G1 X-2.024 Y-.954 A791.46161
G1 X-1.95 Y-.995 A791.46312
G1 X-1.478 Y-1.397 A791.47417
G1 X-.826 Y-1.825 A791.48807
G1 X.116 Y-2.245 A791.50645
G1 X1.016 Y-2.477 A791.52301
G1 X1.812 Y-2.544 A791.53724
G1 X2.476 Y-2.519 A791.54908
G1 X3.256 Y-2.416 A791.5631
G1 X3.438 Y-2.483 A791.56656
G1 X3.681 Y-2.743 A791.5729
;TYPE:Overhang perimeter
;WIDTH:0.4
;HEIGHT:0.4
M106 P255
G1 F3600
G1 X5.538 Y-4.732 A791.71507
G1 X6.307 Y-5.696 A791.7795
G1 X6.619 Y-5.959 A791.80082
G1 X10.533 Y-11.17 A792.14131
M106 P196.35
;TYPE:External perimeter
;WIDTH:0.551478
;HEIGHT:0.1
G1 F2880
G1 X14.255 Y-16.147 A792.27826
;WIDTH:0.504737
G1 X17.978 Y-21.124 A792.40314
;WIDTH:0.457995
G1 X26.029 Y-32.058 A792.64957
;WIDTH:0.423575
G1 X34.08 Y-42.993 A792.87659
;WIDTH:0.389155
G1 X42.132 Y-53.927 A793.08417
;WIDTH:0.354734
G1 X42.401 Y-53.732 A793.08877
G1 X42.302 Y-53.597 A793.09109
;WIDTH:0.389148
G1 X34.311 Y-42.686 A793.29783
;WIDTH:0.423561
G1 X26.32 Y-31.776 A793.52391
;WIDTH:0.457974
G1 X18.329 Y-20.865 A793.76935
;WIDTH:0.503934
G1 X14.713 Y-15.953 A793.8917
;WIDTH:0.549893
G1 X11.097 Y-11.042 A794.02569
;WIDTH:0.595852
G1 X7.48 Y-6.13 A794.17136
;WIDTH:0.609826
G1 X7.086 Y-5.602 A794.18748
G1 X7.043 Y-5.51 A794.18996
;WIDTH:0.569869
G1 X7.001 Y-5.417 A794.19229
;WIDTH:0.529913
G1 X6.958 Y-5.325 A794.19444
;WIDTH:0.489956
G1 X6.915 Y-5.232 A794.19644
;WIDTH:0.449999
G1 X5.445 Y-3.143 A794.24195
G1 X4.717 Y-2.144 A794.26397
G1 X4.676 Y-2.013 A794.26642
G1 X4.773 Y-1.838 A794.26998
G1 X5.55 Y-1.332 A794.2865
G1 X6.316 Y-.612 A794.30523
G1 X6.894 Y.164 A794.32247
G1 X7.35 Y1.062 A794.34041
G1 X7.66 Y2.158 A794.3607
G1 X7.738 Y2.68 A794.3701
G1 X7.857 Y2.829 A794.3735
G1 X8.18 Y2.98 A794.37985
;TYPE:Overhang perimeter
;WIDTH:0.4
;HEIGHT:0.4
M106 P255
G1 F3600
G1 X10.645 Y4.132 A794.522
G1 X11.8 Y4.565 A794.58644
G1 X12.146 Y4.78 A794.60772
G1 X18.312 Y6.893 A794.94825
M106 P196.35
;TYPE:External perimeter
;WIDTH:0.551741
;HEIGHT:0.1
G1 F2880
G1 X24.195 Y8.895 A795.08525
;WIDTH:0.504868
G1 X30.079 Y10.897 A795.21016
;WIDTH:0.457995
G1 X42.966 Y15.175 A795.4566
;WIDTH:0.423575
G1 X55.854 Y19.454 A795.68363
;WIDTH:0.389154
G1 X68.741 Y23.732 A795.8912
;WIDTH:0.354733
G1 X68.638 Y24.048 A795.89581
G1 X68.479 Y23.996 A795.89813
;WIDTH:0.389147
G1 X55.633 Y19.768 A796.10486
;WIDTH:0.42356
G1 X42.787 Y15.54 A796.33094
;WIDTH:0.457973
G1 X29.941 Y11.311 A796.57638
;WIDTH:0.503932
G1 X24.153 Y9.39 A796.69871
;WIDTH:0.549891
G1 X18.364 Y7.468 A796.83272
;WIDTH:0.59585
G1 X12.575 Y5.547 A796.97838
;WIDTH:0.609827
G1 X11.951 Y5.335 A796.9945
G1 X11.85 Y5.323 A796.99699
;WIDTH:0.56987
G1 X11.749 Y5.311 A796.99931
;WIDTH:0.529913
G1 X11.647 Y5.299 A797.00148
;WIDTH:0.489956
G1 X11.546 Y5.287 A797.00346
;WIDTH:0.449999
G1 X9.105 Y4.534 A797.04897
G1 X7.93 Y4.15 A797.07099
G1 X7.792 Y4.152 A797.07345
G1 X7.691 Y4.226 A797.07568
G1 X7.655 Y4.302 A797.07718
G1 X7.481 Y5.003 A797.09005
G1 X7.176 Y5.756 A797.10452
G1 X6.619 Y6.668 A797.12356
G1 X5.987 Y7.383 A797.14056
G1 X5.363 Y7.887 A797.15485
G1 X4.828 Y8.222 A797.1661
G1 X4.278 Y8.513 A797.17719
G1 X4.171 Y8.673 A797.18062
G1 X4.127 Y9.027 A797.18698
;TYPE:Overhang perimeter
;WIDTH:0.4
;HEIGHT:0.4
M106 P255
G1 F3600
G1 X3.793 Y11.728 A797.32917
G1 X3.738 Y12.96 A797.3936
G1 X3.64 Y13.356 A797.41491
G1 X3.537 Y19.872 A797.75538
M106 P196.35
;TYPE:External perimeter
;WIDTH:0.551742
;HEIGHT:0.1
G1 F2880
G1 X3.451 Y26.087 A797.89241
;WIDTH:0.504868
G1 X3.364 Y32.301 A798.01731
;WIDTH:0.457994
G1 X3.278 Y45.88 A798.26376
;WIDTH:0.423574
G1 X3.191 Y59.458 A798.49076
;WIDTH:0.389154
G1 X3.105 Y73.037 A798.69835
;WIDTH:0.354734
G1 X2.772 Y73.037 A798.70296
G1 X2.773 Y72.87 A798.70527
;WIDTH:0.389147
G1 X2.824 Y59.346 A798.91201
;WIDTH:0.42356
G1 X2.876 Y45.822 A799.1381
;WIDTH:0.457973
G1 X2.928 Y32.298 A799.38354
;WIDTH:0.503932
G1 X2.967 Y26.199 A799.50588
;WIDTH:0.549891
G1 X3.005 Y20.1 A799.63988
;WIDTH:0.59585
G1 X3.044 Y14 A799.78555
;WIDTH:0.609824
G1 X3.052 Y13.342 A799.80165
G1 X3.033 Y13.242 A799.80414
;WIDTH:0.569868
G1 X3.013 Y13.142 A799.80647
;WIDTH:0.529912
G1 X2.993 Y13.042 A799.80863
;WIDTH:0.489955
G1 X2.973 Y12.942 A799.81062
;WIDTH:0.449999
G1 X2.934 Y10.387 A799.85615
G1 X2.937 Y9.151 A799.87817
G1 X2.893 Y9.02 A799.88063
G1 X2.791 Y8.947 A799.88286
G1 X2.706 Y8.937 A799.88438
G1 X2.546 Y8.95 A799.88724
G1 A799.58724 F2400
;WIPE_START
G1 F6240
G1 X2.486 Y8.954 A799.56527
G1 X2.19 Y8.978 A799.45676
G1 X1.442 Y8.962 A799.18339
G1 X.506 Y8.794 A798.83592
G1 X-.337 Y8.496 A798.50922
G1 X-.63 Y8.335 A798.38724
;WIPE_END
G1 X-.829 Y-.531 F7800
G1 A799.88724 F2400
;TYPE:Solid infill
;WIDTH:0.36146
G1 F3600
G1 X-1.304 Y-.095 A799.89635
;WIDTH:0.401477
G1 X-1.418 Y-.019 A799.89851
;WIDTH:0.441493
G1 X-1.532 Y.058 A799.90091
;WIDTH:0.48151
G1 X-1.645 Y.134 A799.90351
;WIDTH:0.521526
G1 X-1.759 Y.211 A799.90637
G1 X-2.317 Y1.555 F7800
;WIDTH:0.36146
G1 F3600
G1 X-2.388 Y1.536 A799.90741
G1 X-2.369 Y1.607 A799.90845
G1 X-2.328 Y1.596 A799.90905
;WIDTH:0.40573
G1 X-2.241 Y1.429 A799.91206
;WIDTH:0.449999
G1 X-2.155 Y1.263 A799.91539
G1 X.021 Y-.913 A799.97022
G1 X.96 Y-1.245 F7800
G1 F3600
G1 X-2.481 Y2.195 A800.05691
G1 X-2.58 Y2.901 A800.06961
G1 X1.67 Y-1.35 A800.17671
G1 X2.279 Y-1.353 A800.18756
G1 X-2.567 Y3.494 A800.30967
G1 X-2.603 Y3.64 A800.31235
;WIDTH:0.40573
G1 X-2.639 Y3.786 A800.31475
;WIDTH:0.36146
G1 X-2.71 Y3.767 A800.31579
G1 X-2.691 Y3.838 A800.31683
G1 X-2.65 Y3.827 A800.31743
G1 A800.01743 F2400
;WIPE_START
G1 F6240
G1 X-2.691 Y3.838 A800.00192
G1 X-2.71 Y3.767 A799.97506
G1 X-2.639 Y3.786 A799.9482
G1 X-2.603 Y3.64 A799.89326
G1 X-2.567 Y3.494 A799.83832
G1 X-.592 Y1.518 A798.81743
;WIPE_END
G1 X.663 Y.87 F7800
G1 A800.31743 F2400
;WIDTH:0.449999
G1 F3600
G1 X2.834 Y-1.301 A800.37213
G1 X3.834 Y-1.221 F7800
;WIDTH:0.412088
G1 F3600
G1 X3.967 Y-1.046 A800.3757
;WIDTH:0.449999
G1 X4.1 Y-.871 A800.37962
G1 X4.819 Y-.402 A800.39491
G1 X5.433 Y.176 A800.40993
G1 X5.889 Y.787 A800.42351
G1 X6.215 Y1.431 A800.43637
G1 X6.333 Y1.765 A800.44268
G1 X6.501 Y2.371 A800.45388
G1 X6.419 Y2.386 A800.45537
G1 X4.397 Y4.408 A800.50632
G1 X4.543 Y4.09 A800.51255
G1 X4.64 Y3.724 A800.5193
G1 X4.691 Y3.137 A800.5298
G1 X4.596 Y2.499 A800.54129
G1 X4.235 Y1.716 A800.55665
G1 X3.855 Y1.259 A800.56724
G1 X3.379 Y.897 A800.57789
G1 X2.828 Y.652 A800.58863
G1 X2.211 Y.534 A800.59982
G1 X3.56 Y-.815 A800.63381
G1 X3.738 Y-1.035 A800.63885
G1 X3.385 Y-1.247 A800.64619
G1 X1.58 Y.559 A800.69168
G1 X1.45 Y.633 A800.69435
;WIDTH:0.40573
G1 X1.321 Y.708 A800.69673
;WIDTH:0.36146
G1 X1.249 Y.689 A800.69778
G1 X1.268 Y.76 A800.69882
G1 X1.31 Y.749 A800.69943
G1 X.36 Y1.125 F7800
;WIDTH:0.383134
G1 F3600
G1 X-.115 Y1.598 A800.70951
;WIDTH:0.415537
G1 X-.242 Y1.75 A800.71276
;WIDTH:0.449999
G1 X-.369 Y1.901 A800.71628
G1 X-2.514 Y4.046 A800.77033
G1 X-2.404 Y4.542 A800.77938
G1 X-.67 Y2.808 A800.82307
G1 X-.57 Y2.672 A800.82608
;WIDTH:0.40573
G1 X-.469 Y2.535 A800.8288
;WIDTH:0.36146
G1 X-.511 Y2.546 A800.82941
G1 X-.53 Y2.475 A800.83045
G1 X-.458 Y2.494 A800.8315
G1 X-.685 Y3.429 F7800
;WIDTH:0.449999
G1 F3600
G1 X-.56 Y4.061 A800.84298
G1 X-.3 Y4.638 A800.85426
G1 X.117 Y5.16 A800.86616
G1 X.681 Y5.578 A800.87867
G1 X1.154 Y5.777 A800.88781
G1 X1.791 Y5.903 A800.89938
G1 X2.093 Y5.913 A800.90476
G1 X2.679 Y5.827 A800.91531
G1 X3.161 Y5.644 A800.9245
G1 X1.17 Y7.635 A800.97467
G1 X1.17 Y7.716 A800.97611
G1 X.808 Y7.651 A800.98266
G1 X.146 Y7.417 A800.99517
G1 X-.583 Y7.016 A801.00999
G1 X-1.207 Y6.512 A801.02428
G1 X-1.648 Y6.075 A801.03534
G1 X-1.873 Y5.94 A801.04001
G1 X-2.071 Y5.884 A801.04368
G1 X-2.048 Y5.809 A801.04508
G1 X-2.093 Y5.427 A801.05193
G1 X-2.233 Y4.978 A801.06031
G1 X-.836 Y3.581 A801.09551
G1 X-.93 Y4.281 A801.10809
G1 X-.691 Y4.814 A801.1185
G1 X-.536 Y5.04 A801.12338
G1 X-.141 Y5.502 A801.13421
G1 X.511 Y5.971 A801.14852
G1 X1.071 Y6.198 A801.15929
G1 X1.862 Y6.337 A801.1736
G1 X.957 Y7.242 A801.1964
G1 X.322 Y7.025 A801.20836
G1 X-.343 Y6.659 A801.22188
G1 X-.921 Y6.192 A801.23512
G1 X-1.347 Y5.771 A801.24579
G1 X-1.627 Y5.586 A801.25177
G1 X-1.733 Y5.083 A801.26093
G1 X-1.082 Y4.433 A801.27732
G1 X-1.067 Y4.97 A801.28689
;WIDTH:0.37316
G1 X-.906 Y5.194 A801.29092
;WIDTH:0.409913
G1 X-.878 Y5.268 A801.2922
;WIDTH:0.457276
G1 X-.849 Y5.341 A801.29362
;WIDTH:0.504638
G1 X-.82 Y5.415 A801.29522
;WIDTH:0.552001
G1 X-.791 Y5.488 A801.29695
;WIDTH:0.599364
G1 X-.763 Y5.562 A801.29885
;WIDTH:0.646726
G1 X-.734 Y5.636 A801.30092
G1 X-.8 Y5.605 A801.30282
;WIDTH:0.597922
G1 X-.865 Y5.575 A801.30454
;WIDTH:0.549118
G1 X-.931 Y5.544 A801.30614
;WIDTH:0.500314
G1 X-.996 Y5.513 A801.30757
;WIDTH:0.451509
G1 X-1.062 Y5.483 A801.30887
;WIDTH:0.402705
G1 X-1.277 Y5.336 A801.313
;WIDTH:0.37316
G1 X-1.302 Y5.205 A801.31495
G1 X-1.219 Y5.121 A801.31668
;WIDTH:0.449999
G1 X-.734 Y5.636 A801.32928
;WIDTH:0.646726
G1 X-.45 Y5.912 A801.33957
;WIDTH:0.637132
G1 X-.051 Y6.224 A801.35253
G1 X.536 Y6.549 A801.3697
;WIDTH:0.63356
G1 X.818 Y6.658 A801.37739
G1 X1.624 Y7.787 F7800
;WIDTH:0.449999
G1 F3600
G1 X6.57 Y2.841 A801.50201
G1 X6.676 Y3.839 F7800
;WIDTH:0.36146
G1 F3600
G1 X6.858 Y3.589 A801.50638
G1 X7.019 Y3.451 A801.50938
;WIDTH:0.40573
G1 X6.872 Y3.371 A801.51205
;WIDTH:0.449999
G1 X6.725 Y3.292 A801.51502
G1 X2.224 Y7.793 A801.62843
G1 X2.858 Y7.765 A801.63974
G1 X6.481 Y4.142 A801.73103
G1 X6.297 Y4.882 A801.74462
;WIDTH:0.37876
G1 X6.148 Y5.246 A801.75046
G1 X5.685 Y5.998 A801.76358
;WIDTH:0.401218
G1 X5.174 Y6.556 A801.77553
G1 X4.573 Y7.064 A801.78795
;WIDTH:0.388944
G1 X3.595 Y7.591 A801.80492
G1 X4.371 Y6.795 A801.8219
;WIDTH:0.401218
G1 X4.921 Y6.274 A801.83386
G1 X5.425 Y5.754 A801.84529
;WIDTH:0.37876
G1 X6.145 Y5.034 A801.86042
G1 A801.56042 F2400
;WIPE_START
G1 F6240
G1 X5.425 Y5.754 A801.18837
G1 X4.921 Y6.274 A800.92377
G1 X4.371 Y6.795 A800.64696
G1 X3.824 Y7.356 A800.36042
;WIPE_END
G1 X3.712 Y-.359 F7800
G1 A801.86042 F2400
;WIDTH:0.449999
G1 F3600
G1 X3.068 Y.283 A801.87662
G1 X3.558 Y.508 A801.88623
G1 X4.118 Y.92 A801.89862
G1 X4.568 Y1.446 A801.91095
G1 X4.886 Y2.085 A801.92367
G1 X5.02 Y2.436 A801.93036
G1 X5.12 Y3.073 A801.94185
G1 X6.013 Y2.186 A801.96427
G1 X5.854 Y1.665 A801.97398
G1 X5.523 Y1.014 A801.98699
G1 X5.112 Y.462 A801.99925
G1 X4.553 Y-.063 A802.01291
G1 X3.864 Y-.51 A802.02754
G1 X3.932 Y.137 A802.03913
;WIDTH:0.610104
G1 X4.429 Y.518 A802.05446
;WIDTH:0.634928
G1 X4.721 Y.81 A802.06499
G1 X5.082 Y1.287 A802.08025
;WIDTH:0.64586
G1 X5.364 Y1.863 A802.0969
G1 X5.432 Y2.041 A802.10185
G1 A801.80185 F2400
;WIPE_START
G1 F6240
G1 X5.364 Y1.863 A801.73223
G1 X5.082 Y1.287 A801.4979
G1 X4.721 Y.81 A801.27932
G1 X4.429 Y.518 A801.12843
G1 X3.932 Y.137 A800.89961
G1 X3.864 Y-.51 A800.6619
G1 X4.002 Y-.421 A800.60185
;WIPE_END
G1 X3.595 Y7.591 F7800
G1 A802.10185 F2400
;WIDTH:0.41945
G1 F3600
G1 X3.281 Y7.926 A802.10945
M106 P173.4
;LAYER_CHANGE
;Z:2.8
;HEIGHT:0.0999999
G1 A801.80945 F2400
;WIPE_START
G1 F6240
G1 X3.595 Y7.591 A801.64168
;WIPE_END
G1 A800.60945 F2400
G1 Z2.8 F7800
G1 X-.485 Y3.214
G1 A802.10945 F2400
;TYPE:Perimeter
;WIDTH:0.449999
G1 F900
G1 X-.433 Y2.709 A802.11849
G1 X-.296 Y2.284 A802.12645
G1 X-.08 Y1.857 A802.13498
G1 X.256 Y1.441 A802.14451
G1 X.667 Y1.118 A802.15382
G1 X1.217 Y.862 A802.16463
G1 X1.852 Y.741 A802.17615
G1 X2.132 Y.741 A802.18114
G1 X2.638 Y.818 A802.19026
G1 X3.107 Y1.003 A802.19924
G1 X3.349 Y1.143 A802.20422
G1 X3.817 Y1.537 A802.21512
G1 X4.166 Y2.018 A802.22571
G1 X4.379 Y2.536 A802.23569
G1 X4.462 Y3.056 A802.24507
G1 X4.453 Y3.446 A802.25202
G1 X4.362 Y3.944 A802.26104
G1 X4.123 Y4.486 A802.27159
G1 X3.793 Y4.921 A802.28132
G1 X3.349 Y5.286 A802.29156
G1 X2.89 Y5.516 A802.30071
G1 X2.497 Y5.639 A802.30805
G1 X1.897 Y5.692 A802.31878
G1 X1.345 Y5.611 A802.32872
G1 X.876 Y5.426 A802.3377
G1 X.342 Y5.062 A802.34921
G1 X-.048 Y4.614 A802.35979
G1 X-.22 Y4.33 A802.36571
G1 X-.42 Y3.798 A802.37584
G1 X-.488 Y3.274 A802.38525
G1 X-.056 Y3.215 F7800
G1 F900
G1 X-.06 Y3.171 A802.38604
G1 X.014 Y2.661 A802.39522
G1 X.229 Y2.162 A802.4049
G1 X.551 Y1.751 A802.4142
G1 X.964 Y1.437 A802.42344
G1 X1.466 Y1.229 A802.43312
G1 X1.992 Y1.161 A802.44257
G1 X2.526 Y1.231 A802.45217
G1 X2.993 Y1.422 A802.46116
G1 X3.436 Y1.755 A802.47103
G1 X3.746 Y2.149 A802.47996
G1 X3.969 Y2.661 A802.48991
G1 X4.044 Y3.173 A802.49913
G1 X3.985 Y3.703 A802.50863
G1 X3.802 Y4.179 A802.51772
G1 X3.499 Y4.603 A802.527
G1 X3.088 Y4.946 A802.53654
G1 X2.612 Y5.167 A802.54589
G1 X2.116 Y5.257 A802.55487
G1 X1.935 Y5.266 A802.5581
G1 X1.411 Y5.183 A802.56755
G1 X.903 Y4.953 A802.57749
G1 X.497 Y4.62 A802.58685
G1 X.184 Y4.183 A802.59643
G1 X0 Y3.71 A802.60547
G1 X-.049 Y3.275 A802.61327
G1 X.372 Y3.215 F7800
;TYPE:External perimeter
G1 F900
G1 X.368 Y3.186 A802.61379
G1 X.431 Y2.767 A802.62134
G1 X.6 Y2.379 A802.62888
G1 X.864 Y2.047 A802.63644
G1 X1.204 Y1.795 A802.64398
G1 X1.637 Y1.634 A802.65221
G1 X2.02 Y1.591 A802.65908
G1 X2.439 Y1.654 A802.66663
G1 X2.828 Y1.823 A802.67419
G1 X3.159 Y2.086 A802.68172
G1 X3.411 Y2.427 A802.68927
G1 X3.567 Y2.821 A802.69682
G1 X3.603 Y3.334 A802.70598
G1 X3.552 Y3.662 A802.71189
G1 X3.383 Y4.05 A802.71943
G1 X3.12 Y4.382 A802.72698
G1 X2.779 Y4.634 A802.73453
G1 X2.385 Y4.79 A802.74208
G1 X1.973 Y4.839 A802.74947
G1 X1.545 Y4.775 A802.75718
G1 X1.156 Y4.606 A802.76474
G1 X.824 Y4.342 A802.7723
G1 X.572 Y4.002 A802.77984
G1 X.416 Y3.608 A802.78739
G1 X.378 Y3.274 A802.79338
G1 A802.49338 F2400
;WIPE_START
G1 F6240
G1 X.372 Y3.215 A802.47171
G1 X.368 Y3.186 A802.46101
G1 X.431 Y2.767 A802.30619
G1 X.6 Y2.379 A802.15156
G1 X.864 Y2.047 A801.99657
G1 X1.204 Y1.795 A801.84194
G1 X1.637 Y1.634 A801.67315
G1 X2.02 Y1.591 A801.53233
G1 X2.439 Y1.654 A801.37751
G1 X2.65 Y1.746 A801.29338
;WIPE_END
G1 X3.76 Y9.109 F7800
G1 A802.79338 F2400
;TYPE:Perimeter
;WIDTH:0.623162
G1 F900
G1 X3.706 Y23.938 A803.16434
;WIDTH:0.622684
G1 X3.682 Y24.763 A803.18497
;WIDTH:0.582455
G1 X3.659 Y25.588 A803.20422
;WIDTH:0.542225
G1 X3.636 Y26.414 A803.22211
;WIDTH:0.501995
G1 X3.613 Y27.239 A803.2386
;WIDTH:0.461766
G1 X3.59 Y28.064 A803.25371
;WIDTH:0.421536
G1 X3.573 Y28.991 A803.26913
;WIDTH:0.394941
G1 X3.557 Y29.918 A803.28353
;WIDTH:0.368346
G1 X3.551 Y30.159 A803.28701
G1 A802.98701 F2400
;WIPE_START
G1 F6240
G1 X3.557 Y29.918 A802.89893
G1 X3.573 Y28.991 A802.56017
G1 X3.59 Y28.064 A802.2214
G1 X3.613 Y27.239 A801.91984
G1 X3.623 Y26.875 A801.78701
;WIPE_END
G1 X-2.949 Y6.673 F7800
G1 A803.28701 F2400
;WIDTH:0.634216
G1 F900
G1 X-3.068 Y6.717 A803.29024
;WIDTH:0.623164
G1 X-17.188 Y11.248 A803.66121
;WIDTH:0.622684
G1 X-17.98 Y11.481 A803.68185
;WIDTH:0.582454
G1 X-18.772 Y11.714 A803.7011
;WIDTH:0.542223
G1 X-19.564 Y11.947 A803.71897
;WIDTH:0.501993
G1 X-20.356 Y12.18 A803.73546
;WIDTH:0.461763
G1 X-21.148 Y12.413 A803.75057
;WIDTH:0.421532
G1 X-22.035 Y12.684 A803.766
;WIDTH:0.39494
G1 X-22.921 Y12.955 A803.78039
;WIDTH:0.368348
G1 X-23.152 Y13.024 A803.78387
G1 A803.48387 F2400
;WIPE_START
G1 F6240
G1 X-22.921 Y12.955 A803.39578
G1 X-22.035 Y12.684 A803.05724
G1 X-21.148 Y12.413 A802.71835
G1 X-20.356 Y12.18 A802.4167
G1 X-20.007 Y12.078 A802.28387
;WIPE_END
G1 X-2.825 Y-.416 F7800
G1 A803.78387 F2400
;WIDTH:0.634216
G1 F900
G1 X-2.904 Y-.515 A803.7871
;WIDTH:0.623158
G1 X-11.576 Y-12.544 A804.15806
;WIDTH:0.622682
G1 X-12.042 Y-13.225 A804.17869
;WIDTH:0.582453
G1 X-12.509 Y-13.906 A804.19795
;WIDTH:0.542224
G1 X-12.975 Y-14.587 A804.21582
;WIDTH:0.501995
G1 X-13.441 Y-15.269 A804.23232
;WIDTH:0.461765
G1 X-13.908 Y-15.95 A804.24744
;WIDTH:0.421536
G1 X-14.439 Y-16.71 A804.26286
;WIDTH:0.39494
G1 X-14.971 Y-17.469 A804.27725
;WIDTH:0.368344
G1 X-15.107 Y-17.668 A804.28073
G1 A803.98073 F2400
;WIPE_START
G1 F6240
G1 X-14.971 Y-17.469 A803.89266
G1 X-14.439 Y-16.71 A803.55399
G1 X-13.908 Y-15.95 A803.21523
G1 X-13.441 Y-15.269 A802.91352
G1 X-13.236 Y-14.969 A802.78073
;WIPE_END
G1 X3.956 Y-2.488 F7800
G1 A804.28073 F2400
;WIDTH:0.634218
G1 F900
G1 X4.026 Y-2.594 A804.28397
;WIDTH:0.623162
G1 X12.786 Y-14.559 A804.65493
;WIDTH:0.622686
G1 X13.29 Y-15.213 A804.67557
;WIDTH:0.582456
G1 X13.794 Y-15.867 A804.69483
;WIDTH:0.542226
G1 X14.297 Y-16.521 A804.71269
;WIDTH:0.501996
G1 X14.801 Y-17.175 A804.72919
;WIDTH:0.461766
G1 X15.305 Y-17.829 A804.7443
;WIDTH:0.421536
G1 X15.863 Y-18.569 A804.75972
;WIDTH:0.394938
G1 X16.422 Y-19.309 A804.77412
;WIDTH:0.36834
G1 X16.568 Y-19.501 A804.7776
G1 A804.4776 F2400
;WIPE_START
G1 F6240
G1 X16.422 Y-19.309 A804.38947
G1 X15.863 Y-18.569 A804.05061
G1 X15.305 Y-17.829 A803.71197
G1 X14.801 Y-17.175 A803.41028
G1 X14.58 Y-16.887 A803.2776
;WIPE_END
G1 X-2.91 Y3.215 F7800
G1 A804.7776 F2400
;WIDTH:0.449999
G1 F900
G1 X-2.918 Y3.008 A804.78129
G1 X-2.812 Y2.179 A804.79618
G1 X-2.565 Y1.372 A804.81122
G1 X-2.263 Y.742 A804.82367
G1 X-2.162 Y.371 A804.83052
G1 X-2.248 Y.062 A804.83623
G1 X-1.927 Y.058 A804.84195
G1 X-1.622 Y-.123 A804.84827
G1 X-1.25 Y-.474 A804.85738
G1 X-.802 Y-.806 A804.86731
G1 X-.364 Y-1.097 A804.87668
G1 X.384 Y-1.428 A804.89125
G1 X1.16 Y-1.629 A804.90553
G1 X1.889 Y-1.691 A804.91857
G1 X2.392 Y-1.665 A804.92754
G1 X2.974 Y-1.605 A804.93796
G1 X3.413 Y-1.615 A804.94578
G1 X3.68 Y-1.791 A804.95148
G1 X3.782 Y-1.488 A804.95718
G1 X3.982 Y-1.298 A804.96209
G1 X4.457 Y-1.038 A804.97174
G1 X5.138 Y-.558 A804.98658
G1 X5.673 Y-.041 A804.99984
G1 X6.138 Y.583 A805.0137
G1 X6.553 Y1.387 A805.02982
G1 X6.801 Y2.199 A805.04495
G1 X6.884 Y2.696 A805.05393
G1 X7.024 Y3.074 A805.06111
G1 X7.274 Y3.273 A805.0668
G1 X7.018 Y3.464 A805.07249
G1 X6.865 Y3.841 A805.07974
G1 X6.765 Y4.35 A805.08898
G1 X6.595 Y4.862 A805.09859
G1 X6.365 Y5.455 A805.10992
G1 X5.934 Y6.148 A805.12446
G1 X5.392 Y6.762 A805.13905
G1 X4.742 Y7.287 A805.15394
G1 X3.965 Y7.725 A805.16983
G1 X3.68 Y7.957 A805.17638
G1 X3.568 Y8.256 A805.18207
G1 X3.308 Y8.072 A805.18774
G1 X2.974 Y8.037 A805.19372
G1 X2.423 Y8.111 A805.20363
G1 X1.698 Y8.117 A805.21655
G1 X.726 Y7.962 A805.23409
G1 X-.032 Y7.693 A805.24842
G1 X-.76 Y7.286 A805.26328
G1 X-1.201 Y6.93 A805.27338
G1 X-1.649 Y6.522 A805.28418
G1 X-1.996 Y6.286 A805.29166
G1 X-2.316 Y6.272 A805.29737
G1 X-2.221 Y5.966 A805.30308
G1 X-2.261 Y5.728 A805.30738
G1 X-2.732 Y4.557 A805.32987
G1 X-2.885 Y3.823 A805.34323
G1 X-2.907 Y3.275 A805.353
G1 X-3.338 Y3.215 F7800
G1 F900
G1 X-3.348 Y2.989 A805.35703
G1 X-3.232 Y2.089 A805.3732
G1 X-2.965 Y1.215 A805.38948
G1 X-2.65 Y.557 A805.40248
G1 X-2.589 Y.334 A805.4066
;WIDTH:0.480651
G1 X-2.696 Y-.105 A805.41523
;WIDTH:0.519042
G1 X-2.728 Y-.183 A805.41697
;WIDTH:0.557434
G1 X-2.76 Y-.261 A805.41885
;WIDTH:0.595825
G1 X-2.793 Y-.338 A805.42085
;WIDTH:0.634216
G1 X-2.825 Y-.416 A805.423
G1 X-2.752 Y-.392 A805.42496
;WIDTH:0.595825
G1 X-2.679 Y-.369 A805.42679
;WIDTH:0.557434
G1 X-2.606 Y-.345 A805.4285
;WIDTH:0.519042
G1 X-2.533 Y-.322 A805.43008
;WIDTH:0.480651
G1 X-2.081 Y-.342 A805.43872
;WIDTH:0.449999
G1 X-1.869 Y-.476 A805.44319
G1 X-1.459 Y-.866 A805.45327
G1 X-.56 Y-1.479 A805.47266
G1 X.243 Y-1.835 A805.48831
G1 X1.088 Y-2.053 A805.50386
G1 X1.852 Y-2.118 A805.51752
G1 X2.429 Y-2.092 A805.52781
G1 X2.998 Y-2.036 A805.538
G1 X3.316 Y-2.032 A805.54367
;WIDTH:0.4806
G1 X3.7 Y-2.269 A805.55228
;WIDTH:0.519005
G1 X3.764 Y-2.324 A805.55403
;WIDTH:0.557409
G1 X3.828 Y-2.379 A805.55591
;WIDTH:0.595814
G1 X3.892 Y-2.433 A805.55791
;WIDTH:0.634218
G1 X3.956 Y-2.488 A805.56006
G1 X3.956 Y-2.411 A805.56202
;WIDTH:0.595814
G1 X3.956 Y-2.335 A805.56383
;WIDTH:0.557409
G1 X3.956 Y-2.258 A805.56555
;WIDTH:0.519005
G1 X3.957 Y-2.181 A805.56714
;WIDTH:0.4806
G1 X4.115 Y-1.758 A805.57576
;WIDTH:0.449999
G1 X4.235 Y-1.644 A805.57871
G1 X4.68 Y-1.405 A805.58771
G1 X5.412 Y-.889 A805.60367
G1 X5.996 Y-.325 A805.61813
G1 X6.503 Y.356 A805.63326
G1 X6.951 Y1.225 A805.65068
G1 X7.219 Y2.1 A805.66698
G1 X7.307 Y2.625 A805.67646
G1 X7.391 Y2.853 A805.68079
G1 X7.74 Y3.13 A805.68873
;WIDTH:0.49329
G1 X7.841 Y3.187 A805.691
;WIDTH:0.536581
G1 X7.942 Y3.243 A805.69347
;WIDTH:0.579871
G1 X8.043 Y3.299 A805.69615
;WIDTH:0.623162
G1 X8.144 Y3.355 A805.69904
G1 X8.042 Y3.374 A805.70164
;WIDTH:0.579871
G1 X7.94 Y3.393 A805.70405
;WIDTH:0.536581
G1 X7.837 Y3.412 A805.70629
;WIDTH:0.49329
G1 X7.735 Y3.431 A805.70833
;WIDTH:0.449999
G1 X7.377 Y3.697 A805.71628
G1 X7.286 Y3.924 A805.72064
G1 X7.186 Y4.432 A805.72986
G1 X6.998 Y5.008 A805.74066
G1 X6.745 Y5.656 A805.75305
G1 X6.279 Y6.405 A805.76877
G1 X5.69 Y7.072 A805.78462
G1 X4.983 Y7.643 A805.80081
G1 X4.38 Y7.983 A805.81314
G1 X4.004 Y8.238 A805.82123
G1 X3.848 Y8.656 A805.82918
;WIDTH:0.49329
G1 X3.826 Y8.769 A805.83144
;WIDTH:0.536581
G1 X3.804 Y8.882 A805.83391
;WIDTH:0.579871
G1 X3.782 Y8.996 A805.83661
;WIDTH:0.623162
G1 X3.76 Y9.109 A805.83949
G1 X3.71 Y9.018 A805.84209
;WIDTH:0.579871
G1 X3.66 Y8.926 A805.84452
;WIDTH:0.536581
G1 X3.611 Y8.835 A805.84673
;WIDTH:0.49329
G1 X3.561 Y8.744 A805.84877
;WIDTH:0.449999
G1 X3.197 Y8.486 A805.85672
G1 X2.997 Y8.465 A805.8603
G1 X2.456 Y8.539 A805.87003
G1 X1.666 Y8.546 A805.88411
G1 X.62 Y8.379 A805.90298
G1 X-.209 Y8.084 A805.91866
G1 X-1.001 Y7.642 A805.93482
G1 X-1.47 Y7.263 A805.94556
G1 X-1.954 Y6.823 A805.95721
G1 X-2.163 Y6.681 A805.96171
;WIDTH:0.480706
G1 X-2.614 Y6.647 A805.97035
;WIDTH:0.519084
G1 X-2.698 Y6.653 A805.97209
;WIDTH:0.557461
G1 X-2.781 Y6.66 A805.97395
;WIDTH:0.595839
G1 X-2.865 Y6.667 A805.97596
;WIDTH:0.634216
G1 X-2.949 Y6.673 A805.97811
G1 X-2.904 Y6.611 A805.98006
;WIDTH:0.595839
G1 X-2.859 Y6.549 A805.98189
;WIDTH:0.557461
G1 X-2.815 Y6.487 A805.98358
;WIDTH:0.519084
G1 X-2.77 Y6.425 A805.98516
;WIDTH:0.480706
G1 X-2.649 Y5.989 A805.9938
;WIDTH:0.449999
G1 X-2.705 Y5.759 A805.99802
G1 X-2.974 Y5.159 A806.00974
G1 X-3.147 Y4.668 A806.01902
G1 X-3.311 Y3.876 A806.03343
G1 X-3.336 Y3.275 A806.04415
G1 A805.74415 F2400
;WIPE_START
G1 F6240
G1 X-3.338 Y3.215 A805.72221
G1 X-3.348 Y2.989 A805.63955
G1 X-3.232 Y2.089 A805.30798
G1 X-2.965 Y1.215 A804.97406
G1 X-2.65 Y.557 A804.70751
G1 X-2.589 Y.334 A804.62304
G1 X-2.64 Y.124 A804.54415
;WIPE_END
G1 X8.144 Y3.355 F7800
G1 A806.04415 F2400
;WIDTH:0.623162
G1 F900
G1 X22.231 Y7.988 A806.41512
;WIDTH:0.622682
G1 X23.008 Y8.265 A806.43574
;WIDTH:0.582354
G1 X23.786 Y8.542 A806.455
;WIDTH:0.542025
G1 X24.564 Y8.819 A806.47287
;WIDTH:0.501697
G1 X25.341 Y9.096 A806.48934
;WIDTH:0.461369
G1 X26.119 Y9.373 A806.50444
;WIDTH:0.42104
G1 X26.996 Y9.676 A806.51985
;WIDTH:0.394691
G1 X27.872 Y9.978 A806.53423
;WIDTH:0.368342
G1 X28.099 Y10.058 A806.5377
G1 A806.2377 F2400
;WIPE_START
G1 F6240
G1 X27.872 Y9.978 A806.14976
G1 X26.996 Y9.676 A805.8112
G1 X26.119 Y9.373 A805.47217
G1 X25.341 Y9.096 A805.17042
G1 X24.999 Y8.974 A805.0377
;WIPE_END
G1 X3.163 Y8.954 F7800
G1 A806.5377 F2400
;TYPE:External perimeter
;WIDTH:0.449999
G1 F2880
G1 X3.086 Y8.9 A806.53938
G1 X3 Y8.894 A806.54092
G1 X2.488 Y8.968 A806.55014
G1 X1.634 Y8.975 A806.56536
G1 X.513 Y8.796 A806.58559
G1 X-.387 Y8.476 A806.60261
G1 X-1.242 Y7.998 A806.62006
G1 X-1.916 Y7.454 A806.63549
G1 X-2.288 Y7.099 A806.64465
G1 X-2.478 Y7.069 A806.64808
G1 X-5.056 Y7.896 A806.69632
;TYPE:Overhang perimeter
;WIDTH:0.4
;HEIGHT:0.4
M106 P255
G1 F3600
G1 X-17.043 Y11.743 A807.35404
G1 X-21.037 Y12.812 A807.57005
G1 X-23.035 Y13.391 A807.67873
G1 X-23.458 Y13.421 A807.70089
G1 X-23.818 Y13.524 A807.72045
M106 P173.4
;TYPE:External perimeter
;WIDTH:0.604286
;HEIGHT:0.1
G1 F2880
G1 X-25.045 Y13.875 A807.75137
;WIDTH:0.574699
G1 X-27.773 Y14.704 A807.81695
;WIDTH:0.544949
G1 X-30.501 Y15.533 A807.879
;WIDTH:0.515199
G1 X-37.104 Y17.584 A808.02093
;WIDTH:0.472261
G1 X-43.706 Y19.635 A808.1505
;WIDTH:0.429323
G1 X-47.483 Y20.831 A808.21768
;WIDTH:0.419056
G1 X-50.62 Y21.801 A808.27196
;WIDTH:0.395454
G1 X-63.986 Y26.065 A808.49011
;WIDTH:0.379997
G1 X-64.097 Y25.725 A808.49544
G1 X-63.925 Y25.67 A808.49813
;WIDTH:0.395435
G1 X-50.735 Y21.445 A808.71347
;WIDTH:0.419056
G1 X-47.603 Y20.452 A808.76778
;WIDTH:0.42931
G1 X-43.83 Y19.247 A808.83494
;WIDTH:0.472255
G1 X-37.238 Y17.154 A808.96456
;WIDTH:0.515199
G1 X-30.647 Y15.061 A809.10651
;WIDTH:0.544854
G1 X-27.928 Y14.204 A809.16855
;WIDTH:0.574509
G1 X-25.209 Y13.347 A809.2341
;WIDTH:0.609812
G1 X-23.626 Y12.858 A809.27463
G1 X-23.537 Y12.808 A809.27713
;WIDTH:0.569859
G1 X-23.447 Y12.758 A809.27948
;WIDTH:0.529906
G1 X-23.358 Y12.709 A809.28163
;WIDTH:0.489952
G1 X-23.269 Y12.659 A809.28362
;WIDTH:0.449999
G1 X-3.225 Y6.227 A809.65867
G1 X-3.121 Y6.154 A809.66093
G1 X-3.077 Y6.012 A809.66358
G1 X-3.095 Y5.935 A809.66499
G1 X-3.365 Y5.335 A809.67671
G1 X-3.561 Y4.78 A809.6872
G1 X-3.738 Y3.929 A809.70269
G1 X-3.777 Y2.971 A809.71977
G1 X-3.675 Y2.173 A809.7341
G1 X-3.524 Y1.577 A809.74505
G1 X-3.298 Y.919 A809.75745
G1 X-3.029 Y.355 A809.76858
G1 X-3.056 Y.154 A809.77219
G1 X-4.639 Y-2.042 A809.82042
;TYPE:Overhang perimeter
;WIDTH:0.4
;HEIGHT:0.4
M106 P255
G1 F3600
G1 X-12.001 Y-12.253 A810.47809
G1 X-14.253 Y-15.721 A810.69412
G1 X-15.421 Y-17.442 A810.80279
G1 X-15.58 Y-17.835 A810.82494
G1 X-15.789 Y-18.146 A810.84452
M106 P173.4
;TYPE:External perimeter
;WIDTH:0.594984
;HEIGHT:0.1
G1 F2880
G1 X-16.502 Y-19.205 A810.87496
;WIDTH:0.574699
G1 X-18.133 Y-21.543 A810.94053
;WIDTH:0.544949
G1 X-19.764 Y-23.881 A811.00257
;WIDTH:0.515198
G1 X-23.756 Y-29.527 A811.14451
;WIDTH:0.47226
G1 X-27.747 Y-35.173 A811.2741
;WIDTH:0.429322
G1 X-30.051 Y-38.394 A811.34125
;WIDTH:0.419058
G1 X-31.943 Y-41.079 A811.39555
;WIDTH:0.395453
G1 X-40.129 Y-52.473 A811.6137
;WIDTH:0.379996
G1 X-39.839 Y-52.683 A811.61904
G1 X-39.734 Y-52.537 A811.62172
;WIDTH:0.395435
G1 X-31.639 Y-41.297 A811.83709
;WIDTH:0.419058
G1 X-29.728 Y-38.626 A811.89138
;WIDTH:0.429309
G1 X-27.415 Y-35.41 A811.95855
;WIDTH:0.472254
G1 X-23.388 Y-29.788 A812.08816
;WIDTH:0.515198
G1 X-19.361 Y-24.165 A812.23013
;WIDTH:0.544854
G1 X-17.706 Y-21.844 A812.29216
;WIDTH:0.574509
G1 X-16.05 Y-19.523 A812.35772
;WIDTH:0.609811
G1 X-15.096 Y-18.169 A812.39824
G1 X-15.021 Y-18.1 A812.40073
;WIDTH:0.569858
G1 X-14.946 Y-18.03 A812.40307
;WIDTH:0.529905
G1 X-14.872 Y-17.961 A812.40521
;WIDTH:0.489952
G1 X-14.797 Y-17.892 A812.40719
;WIDTH:0.449999
G1 X-2.486 Y-.817 A812.78223
G1 X-2.384 Y-.74 A812.78451
G1 X-2.235 Y-.742 A812.78716
G1 X-2.164 Y-.787 A812.78866
G1 X-1.731 Y-1.198 A812.7993
G1 X-.756 Y-1.861 A812.82031
G1 X.102 Y-2.241 A812.83703
G1 X1.016 Y-2.477 A812.85385
G1 X1.816 Y-2.545 A812.86815
G1 X2.465 Y-2.519 A812.87972
G1 X3.15 Y-2.445 A812.892
G1 X3.342 Y-2.531 A812.89575
G1 X4.942 Y-4.716 A812.944
;TYPE:Overhang perimeter
;WIDTH:0.4
;HEIGHT:0.4
M106 P255
G1 F3600
G1 X12.378 Y-14.873 A813.60166
G1 X14.981 Y-18.086 A813.8177
G1 X16.257 Y-19.729 A813.92638
G1 X16.581 Y-20.002 A813.94852
G1 X16.812 Y-20.297 A813.9681
M106 P173.4
;TYPE:External perimeter
;WIDTH:0.594984
;HEIGHT:0.1
G1 F2880
G1 X17.598 Y-21.302 A813.99852
;WIDTH:0.574699
G1 X19.318 Y-23.576 A814.0641
;WIDTH:0.544949
G1 X21.038 Y-25.85 A814.12615
;WIDTH:0.515198
G1 X25.174 Y-31.39 A814.26807
;WIDTH:0.472261
G1 X29.31 Y-36.931 A814.39766
;WIDTH:0.429323
G1 X31.662 Y-40.118 A814.46483
;WIDTH:0.419058
G1 X33.631 Y-42.747 A814.51913
;WIDTH:0.395454
G1 X41.937 Y-54.053 A814.73727
;WIDTH:0.379996
G1 X42.227 Y-53.842 A814.74262
G1 X42.121 Y-53.697 A814.7453
;WIDTH:0.395436
G1 X33.932 Y-42.525 A814.96067
;WIDTH:0.419058
G1 X31.982 Y-39.882 A815.01496
;WIDTH:0.429309
G1 X29.639 Y-36.689 A815.08211
;WIDTH:0.472254
G1 X25.536 Y-31.122 A815.21172
;WIDTH:0.515198
G1 X21.433 Y-25.554 A815.3537
;WIDTH:0.544853
G1 X19.737 Y-23.262 A815.41574
;WIDTH:0.574508
G1 X18.041 Y-20.971 A815.48128
;WIDTH:0.609811
G1 X17.048 Y-19.644 A815.52182
G1 X17.006 Y-19.552 A815.52429
;WIDTH:0.569858
G1 X16.963 Y-19.46 A815.52661
;WIDTH:0.529905
G1 X16.92 Y-19.367 A815.52878
;WIDTH:0.489952
G1 X16.877 Y-19.275 A815.53076
;WIDTH:0.449999
G1 X4.442 Y-2.289 A815.90582
G1 X4.4 Y-2.169 A815.90809
G1 X4.448 Y-2.028 A815.91074
G1 X4.903 Y-1.772 A815.92004
G1 X5.686 Y-1.22 A815.93711
G1 X6.318 Y-.609 A815.95277
G1 X6.868 Y.128 A815.96915
G1 X7.35 Y1.063 A815.98789
G1 X7.637 Y2.002 A816.00538
G1 X7.733 Y2.571 A816.01566
G1 X7.874 Y2.723 A816.01935
G1 X10.446 Y3.569 A816.06759
;TYPE:Overhang perimeter
;WIDTH:0.4
;HEIGHT:0.4
M106 P255
G1 F3600
G1 X22.403 Y7.503 A816.72522
G1 X26.264 Y8.985 A816.94129
G1 X28.22 Y9.691 A817.04993
G1 X28.58 Y9.916 A817.07211
G1 X28.932 Y10.044 A817.09168
M106 P173.4
;TYPE:External perimeter
;WIDTH:0.604284
;HEIGHT:0.1
G1 F2880
G1 X30.131 Y10.481 A817.1226
;WIDTH:0.5747
G1 X32.825 Y11.414 A817.18818
;WIDTH:0.544949
G1 X35.519 Y12.347 A817.25023
;WIDTH:0.515197
G1 X42.067 Y14.569 A817.39217
;WIDTH:0.472261
G1 X48.614 Y16.79 A817.52174
;WIDTH:0.429324
G1 X52.372 Y18.043 A817.58891
;WIDTH:0.419058
G1 X55.48 Y19.102 A817.64319
;WIDTH:0.395454
G1 X68.8 Y23.508 A817.86134
;WIDTH:0.379997
G1 X68.689 Y23.849 A817.86669
G1 X68.518 Y23.793 A817.86937
;WIDTH:0.395436
G1 X55.363 Y19.457 A818.08473
;WIDTH:0.419058
G1 X52.247 Y18.42 A818.13902
;WIDTH:0.429312
G1 X48.486 Y17.177 A818.20619
;WIDTH:0.472255
G1 X41.923 Y14.996 A818.33581
;WIDTH:0.515197
G1 X35.36 Y12.815 A818.47777
;WIDTH:0.544854
G1 X32.656 Y11.91 A818.53982
;WIDTH:0.57451
G1 X29.953 Y11.005 A818.60536
;WIDTH:0.609812
G1 X28.385 Y10.471 A818.64588
G1 X28.283 Y10.458 A818.6484
;WIDTH:0.569859
G1 X28.182 Y10.446 A818.65072
;WIDTH:0.529906
G1 X28.081 Y10.434 A818.65287
;WIDTH:0.489952
G1 X27.98 Y10.421 A818.65485
;WIDTH:0.449999
G1 X7.983 Y3.844 A819.0299
G1 X7.856 Y3.842 A819.03216
G1 X7.737 Y3.931 A819.03481
G1 X7.706 Y4.006 A819.03626
G1 X7.576 Y4.671 A819.04833
G1 X7.125 Y5.857 A819.07094
G1 X6.624 Y6.662 A819.08783
G1 X5.987 Y7.383 A819.10497
G1 X5.359 Y7.89 A819.11935
G1 X4.829 Y8.222 A819.13049
G1 X4.376 Y8.477 A819.13975
G1 X4.276 Y8.657 A819.14342
G1 X4.266 Y11.364 A819.19165
;TYPE:Overhang perimeter
;WIDTH:0.4
;HEIGHT:0.4
M106 P255
G1 F3600
G1 X4.22 Y23.952 A819.84931
G1 X4.004 Y28.082 A820.06538
G1 X3.937 Y30.161 A820.17405
G1 X3.835 Y30.572 A820.19617
G1 X3.821 Y30.946 A820.21572
M106 P173.4
;TYPE:External perimeter
;WIDTH:0.604286
;HEIGHT:0.1
G1 F2880
G1 X3.776 Y32.222 A820.24666
;WIDTH:0.5747
G1 X3.721 Y35.073 A820.31225
;WIDTH:0.544949
G1 X3.666 Y37.923 A820.37429
;WIDTH:0.515198
G1 X3.577 Y44.837 A820.51623
;WIDTH:0.472262
G1 X3.487 Y51.75 A820.64581
;WIDTH:0.429325
G1 X3.458 Y55.711 A820.71298
;WIDTH:0.419057
G1 X3.41 Y58.995 A820.76727
;WIDTH:0.395455
G1 X3.336 Y73.024 A820.98541
;WIDTH:0.379998
G1 X2.978 Y73.024 A820.99075
G1 X2.978 Y72.844 A820.99343
;WIDTH:0.395437
G1 X3.036 Y58.992 A821.2088
;WIDTH:0.419057
G1 X3.06 Y55.708 A821.26309
;WIDTH:0.429312
G1 X3.08 Y51.748 A821.33024
;WIDTH:0.472255
G1 X3.126 Y44.832 A821.45986
;WIDTH:0.515198
G1 X3.173 Y37.916 A821.60183
;WIDTH:0.544854
G1 X3.198 Y35.065 A821.66387
;WIDTH:0.57451
G1 X3.223 Y32.215 A821.7294
;WIDTH:0.60981
G1 X3.247 Y30.558 A821.76994
G1 X3.227 Y30.458 A821.77243
;WIDTH:0.569857
G1 X3.207 Y30.358 A821.77476
;WIDTH:0.529905
G1 X3.188 Y30.258 A821.77691
;WIDTH:0.489952
G1 X3.168 Y30.158 A821.7789
;WIDTH:0.449999
G1 X3.244 Y9.107 A822.15396
G1 X3.209 Y8.991 A822.15612
G1 A821.85612 F2400
;WIPE_START
G1 F6240
G1 X3.163 Y8.954 A821.83455
G1 X3.086 Y8.9 A821.80019
G1 X3 Y8.894 A821.76869
G1 X2.488 Y8.968 A821.57967
G1 X1.634 Y8.975 A821.26762
G1 X.513 Y8.796 A820.85283
G1 X.006 Y8.616 A820.65612
;WIPE_END
G1 X-1.656 Y6.314 F7800
G1 A822.15612 F2400
;TYPE:Solid infill
;WIDTH:0.36146
G1 F3600
G1 X-1.994 Y6.049 A822.16219
;WIDTH:0.40573
G1 X-1.972 Y5.847 A822.16544
;WIDTH:0.449999
G1 X-1.95 Y5.646 A822.16904
G1 X-.575 Y7.021 A822.20369
G1 X-.408 Y7.121 A822.20716
;WIDTH:0.40573
G1 X-.242 Y7.22 A822.21025
;WIDTH:0.36146
G1 X-.231 Y7.261 A822.21085
G1 X-.302 Y7.28 A822.21189
G1 X-.283 Y7.209 A822.21293
G1 X.578 Y7.568 F7800
;WIDTH:0.449999
G1 F3600
G1 X-2.374 Y4.616 A822.28731
G1 X-2.586 Y4.447 A822.29214
;WIDTH:0.36146
G1 X-2.718 Y3.851 A822.30077
;WIDTH:0.40573
G1 X-2.637 Y3.84 A822.30208
;WIDTH:0.449999
G1 X-2.555 Y3.829 A822.30355
G1 X1.353 Y7.736 A822.40201
G1 X2.015 Y7.793 A822.41385
G1 X-2.589 Y3.189 A822.52985
G1 X-2.545 Y2.626 A822.53991
G1 X2.591 Y7.762 A822.66932
G1 X3.453 Y7.882 F7800
;WIDTH:0.36146
G1 F3600
G1 X3.548 Y7.791 A822.67118
;WIDTH:0.40573
G1 X3.354 Y7.758 A822.67432
;WIDTH:0.449999
G1 X3.16 Y7.726 A822.67782
G1 X1.38 Y5.946 A822.72267
G1 X1.244 Y5.84 A822.72574
;WIDTH:0.40573
G1 X1.107 Y5.734 A822.72851
;WIDTH:0.36146
G1 X1.118 Y5.775 A822.72911
G1 X1.047 Y5.794 A822.73015
G1 X1.066 Y5.723 A822.73119
G1 X2.053 Y6.013 F7800
;WIDTH:0.449999
G1 F3600
G1 X2.557 Y5.955 A822.74023
G1 X2.898 Y5.86 A822.74654
G1 X3.402 Y5.635 A822.75637
G1 X3.921 Y5.245 A822.76794
G1 X4.243 Y4.86 A822.77688
G1 X4.51 Y4.428 A822.78593
G1 X4.712 Y3.883 A822.79629
G1 X4.793 Y3.209 A822.80838
G1 X4.726 Y2.629 A822.81878
;WIDTH:0.451945
G1 X4.508 Y1.994 A822.8308
;WIDTH:0.488644
G1 X4.347 Y1.667 A822.83788
G1 X4.626 Y1.92 A822.8452
;WIDTH:0.451945
G1 X5.101 Y2.394 A822.85721
;WIDTH:0.449999
G1 X6.561 Y3.841 A822.89383
G1 X6.438 Y4.352 A822.90319
G1 X6.157 Y5.128 A822.91789
G1 X5.673 Y5.958 A822.93501
G1 X5.169 Y6.529 A822.94858
G1 X4.616 Y6.976 A822.96125
G1 X3.69 Y7.526 A822.98044
;WIDTH:0.446517
G1 X3.619 Y7.658 A822.98309
;WIDTH:0.403989
G1 X3.548 Y7.791 A822.98549
;WIDTH:0.387099
G1 X3.565 Y7.699 A822.98691
;WIDTH:0.412738
G1 X3.583 Y7.606 A822.98845
;WIDTH:0.446517
G1 X3.54 Y7.506 A822.99037
;WIDTH:0.449999
G1 X2.205 Y6.164 A823.0241
G1 X2.942 Y6.295 A823.03744
G1 X3.53 Y6.053 A823.04877
G1 X3.766 Y5.897 A823.05381
G1 X4.29 Y5.48 A823.06574
G1 X4.643 Y5.048 A823.07568
G1 X4.91 Y4.581 A823.08526
G1 X5.137 Y3.938 A823.09741
G1 X5.214 Y3.113 A823.11217
G1 X6.085 Y3.985 A823.13413
G1 X6.027 Y4.228 A823.13858
G1 X5.768 Y4.945 A823.15216
G1 X5.324 Y5.706 A823.16786
G1 X4.872 Y6.218 A823.18003
G1 X4.318 Y6.666 A823.19272
G1 X3.679 Y7.033 A823.20585
G1 X3.093 Y6.447 A823.22062
G1 X3.756 Y6.457 A823.23243
;WIDTH:0.519536
G1 X4.457 Y5.958 A823.25025
;WIDTH:0.53504
G1 X4.94 Y5.429 A823.26555
G1 X5.252 Y4.923 A823.27824
;WIDTH:0.513664
G1 X5.53 Y4.25 A823.29314
;WIDTH:0.518978
G1 X5.572 Y4.126 A823.29585
G1 A822.99585 F2400
;WIPE_START
G1 F6240
G1 X5.53 Y4.25 A822.94801
G1 X5.252 Y4.923 A822.68195
G1 X4.94 Y5.429 A822.46474
G1 X4.457 Y5.958 A822.203
G1 X3.756 Y6.457 A821.8886
G1 X3.502 Y6.453 A821.79585
;WIPE_END
G1 X-.524 Y4.097 F7800
G1 A823.29585 F2400
;WIDTH:0.36146
G1 F3600
G1 X-.513 Y4.138 A823.29645
G1 X-.584 Y4.157 A823.29749
G1 X-.565 Y4.086 A823.29853
;WIDTH:0.40573
G1 X-.652 Y3.956 A823.30103
;WIDTH:0.449999
G1 X-.74 Y3.826 A823.30383
G1 X-2.455 Y2.111 A823.34704
G1 X-2.162 Y1.805 A823.35459
G1 X-.795 Y3.165 A823.38895
G1 X-.798 Y3.02 A823.39153
G1 X-.668 Y2.352 A823.40365
G1 X-.428 Y1.809 A823.41423
G1 X-.067 Y1.316 A823.42512
G1 X.154 Y1.106 A823.43055
G1 X.692 Y.737 A823.44217
G1 X1.255 Y.512 A823.45297
G1 X2.071 Y.417 A823.46761
G1 X2.813 Y.539 A823.48101
;WIDTH:0.47938
G1 X3.093 Y.642 A823.48669
;WIDTH:0.508761
G1 X3.373 Y.744 A823.49273
;WIDTH:0.519344
G1 X3.427 Y.769 A823.49396
G1 X3.225 Y.542 A823.50025
;WIDTH:0.484672
G1 X3.023 Y.316 A823.50609
;WIDTH:0.449999
G1 X1.484 Y-1.222 A823.54485
G1 X1.485 Y-1.334 A823.54685
G1 X1.185 Y-1.303 A823.55222
G1 X.492 Y-1.124 A823.56497
G1 X-.355 Y-.729 A823.58162
G1 X-.981 Y-.286 A823.59528
G1 X-1.386 Y.098 A823.60522
G1 X-1.835 Y.365 A823.61453
G1 X-1.95 Y.807 A823.62267
G1 X-2.264 Y1.488 A823.63603
G1 X-2.316 Y1.656 A823.63916
G1 X-1.815 Y1.538 A823.64833
G1 X-1.561 Y.987 A823.65914
G1 X-1.453 Y.639 A823.66563
G1 X-1.091 Y.409 A823.67327
G1 X-.709 Y.047 A823.68265
G1 X-.139 Y-.357 A823.6951
G1 X.638 Y-.719 A823.71037
G1 X1.229 Y-.872 A823.72125
G1 X2.094 Y-.007 A823.74304
G1 X1.264 Y.072 A823.75789
G1 X.968 Y.163 A823.76341
G1 X.449 Y.384 A823.77346
G1 X-.089 Y.753 A823.78508
G1 X-.408 Y1.057 A823.79293
G1 X-.819 Y1.632 A823.80552
G1 X-1.087 Y2.266 A823.81778
G1 X-1.664 Y1.69 A823.83231
G1 X-1.249 Y1.437 A823.84097
;WIDTH:0.537246
G1 X-1.238 Y1.413 A823.84154
;WIDTH:0.583266
G1 X-1.117 Y1.193 A823.8474
;WIDTH:0.62948
G1 X-.996 Y.973 A823.85375
G1 X-.882 Y.862 A823.85777
;WIDTH:0.58212
G1 X-.767 Y.751 A823.8615
;WIDTH:0.53476
G1 X-.353 Y.368 A823.87354
;WIDTH:0.535608
G1 X.099 Y.052 A823.88533
G1 X.414 Y-.111 A823.89291
;WIDTH:0.509414
G1 X1.09 Y-.363 A823.90755
G1 A823.60755 F2400
;WIPE_START
G1 F6240
G1 X.414 Y-.111 A823.34395
G1 X.099 Y.052 A823.21436
G1 X-.353 Y.368 A823.01285
G1 X-.767 Y.751 A822.80678
G1 X-.882 Y.862 A822.74838
G1 X-.996 Y.973 A822.69024
G1 X-1.117 Y1.193 A822.5985
G1 X-1.238 Y1.413 A822.50676
G1 X-1.249 Y1.437 A822.49711
G1 X-1.458 Y1.564 A822.40755
;WIPE_END
G1 X3.427 Y.769 F7800
G1 A823.90755 F2400
;WIDTH:0.519344
G1 F3600
G1 X3.696 Y1.006 A823.91497
;WIDTH:0.473297
G1 X3.965 Y1.242 A823.92169
;WIDTH:0.457947
G1 X4.156 Y1.455 A823.92688
;WIDTH:0.488644
G1 X4.347 Y1.667 A823.93242
G1 A823.63242 F2400
;WIPE_START
G1 F6240
G1 X4.156 Y1.455 A823.52816
G1 X3.965 Y1.242 A823.42363
G1 X3.696 Y1.006 A823.29288
G1 X3.427 Y.769 A823.16189
;WIPE_END
G1 A822.43242 F2400
G1 X6.923 Y3.234 F7800
G1 A823.93242 F2400
;WIDTH:0.36146
G1 F3600
G1 X6.934 Y3.275 A823.93302
G1 X6.863 Y3.294 A823.93406
G1 X6.882 Y3.223 A823.9351
;WIDTH:0.40573
G1 X6.791 Y3.305 A823.93706
;WIDTH:0.449999
G1 X6.699 Y3.386 A823.93924
G1 X1.94 Y-1.373 A824.05915
G1 X2.599 Y-1.32 A824.07093
G1 X6.557 Y2.638 A824.17066
G1 X6.644 Y2.654 A824.17224
;WIDTH:0.40573
G1 X6.73 Y2.67 A824.17364
;WIDTH:0.36146
G1 X6.567 Y1.995 A824.18346
;WIDTH:0.449999
G1 X6.351 Y1.826 A824.18835
G1 X3.251 Y-1.274 A824.26646
G1 X3.553 Y-1.421 A824.27244
;WIDTH:0.36146
G1 X3.837 Y-1.142 A824.27807
;WIDTH:0.39247
G1 X4.302 Y-.789 A824.28708
;WIDTH:0.437847
G1 X4.504 Y-.619 A824.29165
;WIDTH:0.483224
G1 X4.706 Y-.449 A824.29672
;WIDTH:0.5286
G1 X4.908 Y-.279 A824.30229
;WIDTH:0.540354
G1 X5.397 Y.202 A824.31709
G1 X5.555 Y.385 A824.32231
;WIDTH:0.505342
G1 X5.713 Y.567 A824.32716
;WIDTH:0.470329
G1 X5.871 Y.75 A824.33167
M106 P196.35
;LAYER_CHANGE
;Z:2.9
;HEIGHT:0.1
G1 A824.03167 F2400
;WIPE_START
G1 F6240
G1 X5.713 Y.567 A823.94333
G1 X5.555 Y.385 A823.85527
G1 X5.397 Y.202 A823.76693
G1 X4.908 Y-.279 A823.51631
G1 X4.706 Y-.449 A823.41984
G1 X4.504 Y-.619 A823.32337
G1 X4.302 Y-.789 A823.2269
G1 X3.837 Y-1.142 A823.01358
G1 X3.553 Y-1.421 A822.86811
G1 X3.463 Y-1.377 A822.83167
;WIPE_END
G1 Z2.9 F7800
G1 X-.585 Y3.214
G1 A824.33167 F2400
;TYPE:Perimeter
;WIDTH:0.449999
G1 F900
G1 X-.53 Y2.684 A824.34116
G1 X-.388 Y2.246 A824.34936
G1 X-.167 Y1.807 A824.35812
G1 X.184 Y1.371 A824.36809
G1 X.584 Y1.056 A824.37716
G1 X.826 Y.916 A824.38214
G1 X1.331 Y.718 A824.3918
G1 X1.852 Y.641 A824.40118
G1 X2.132 Y.641 A824.40617
G1 X2.662 Y.721 A824.41572
G1 X3.157 Y.916 A824.4252
G1 X3.597 Y1.208 A824.43461
G1 X3.91 Y1.494 A824.44216
G1 X4.257 Y1.977 A824.45276
G1 X4.475 Y2.51 A824.46302
G1 X4.56 Y3.041 A824.4726
G1 X4.565 Y3.354 A824.47818
G1 X4.463 Y3.956 A824.48906
G1 X4.214 Y4.528 A824.50017
G1 X3.91 Y4.935 A824.50922
G1 X3.712 Y5.133 A824.51421
G1 X3.273 Y5.456 A824.52392
G1 X2.808 Y5.657 A824.53295
G1 X2.523 Y5.736 A824.53822
G1 X1.997 Y5.797 A824.54765
G1 X1.461 Y5.736 A824.55726
G1 X.899 Y5.543 A824.56785
G1 X.584 Y5.373 A824.57423
G1 X.172 Y5.046 A824.5836
G1 X-.148 Y4.647 A824.59271
G1 X-.309 Y4.373 A824.59837
G1 X-.515 Y3.83 A824.60872
G1 X-.588 Y3.274 A824.61871
G1 X-.149 Y3.214 F7800
G1 F900
G1 X-.105 Y2.74 A824.62719
G1 X.089 Y2.213 A824.6372
G1 X.406 Y1.765 A824.64698
G1 X.845 Y1.396 A824.6572
G1 X1.517 Y1.118 A824.67016
G1 X2.046 Y1.063 A824.67964
G1 X2.55 Y1.134 A824.68871
G1 X3.021 Y1.325 A824.69777
G1 X3.451 Y1.636 A824.70722
G1 X3.81 Y2.068 A824.71723
G1 X4.045 Y2.577 A824.72722
G1 X4.135 Y3.097 A824.73662
G1 X4.1 Y3.604 A824.74567
G1 X4.045 Y3.851 A824.75018
G1 X3.81 Y4.361 A824.76018
G1 X3.498 Y4.754 A824.76912
G1 X3.063 Y5.083 A824.77884
G1 X2.578 Y5.286 A824.78821
G1 X2.076 Y5.363 A824.79726
G1 X1.517 Y5.311 A824.80726
G1 X.99 Y5.117 A824.81727
G1 X.532 Y4.793 A824.82727
G1 X.192 Y4.386 A824.83672
G1 X-.062 Y3.851 A824.84727
G1 X-.156 Y3.298 A824.85726
G1 X-.154 Y3.274 A824.85769
G1 X.272 Y3.215 F7800
;TYPE:External perimeter
G1 F900
G1 X.268 Y3.186 A824.85821
G1 X.334 Y2.741 A824.86623
G1 X.543 Y2.29 A824.87509
G1 X.82 Y1.956 A824.88282
G1 X1.154 Y1.708 A824.89023
G1 X1.624 Y1.536 A824.89915
G1 X2.02 Y1.491 A824.90625
G1 X2.481 Y1.564 A824.91457
G1 X2.878 Y1.736 A824.92228
G1 X3.23 Y2.016 A824.93029
G1 X3.498 Y2.377 A824.9383
G1 X3.663 Y2.795 A824.94631
G1 X3.715 Y3.242 A824.95433
G1 X3.649 Y3.687 A824.96235
G1 X3.47 Y4.1 A824.97037
G1 X3.19 Y4.453 A824.9784
G1 X2.829 Y4.721 A824.98641
G1 X2.411 Y4.886 A824.99442
G1 X1.964 Y4.938 A825.00244
G1 X1.519 Y4.872 A825.01046
G1 X1.106 Y4.693 A825.01848
G1 X.753 Y4.413 A825.02651
G1 X.482 Y4.045 A825.03465
G1 X.32 Y3.633 A825.04254
G1 X.279 Y3.274 A825.04898
G1 A824.74898 F2400
;WIPE_START
G1 F6240
G1 X.272 Y3.215 A824.72727
G1 X.268 Y3.186 A824.71657
G1 X.334 Y2.741 A824.5522
G1 X.543 Y2.29 A824.37058
G1 X.82 Y1.956 A824.21203
G1 X1.154 Y1.708 A824.06003
G1 X1.624 Y1.536 A823.87716
G1 X2.02 Y1.491 A823.73154
G1 X2.481 Y1.564 A823.561
G1 X2.511 Y1.577 A823.54898
;WIPE_END
G1 X-2.91 Y3.215 F7800
G1 A825.04898 F2400
;TYPE:Perimeter
G1 F900
G1 X-2.918 Y3.033 A825.05223
G1 X-2.838 Y2.388 A825.06381
G1 X-2.706 Y1.832 A825.07399
G1 X-2.527 Y1.293 A825.08411
G1 X-2.231 Y.667 A825.09645
G1 X-2.17 Y.358 A825.10206
G1 X-1.957 Y.242 A825.10638
G1 X-1.648 Y-.089 A825.11445
G1 X-1.152 Y-.562 A825.12666
G1 X-.401 Y-1.077 A825.14288
G1 X.354 Y-1.419 A825.15765
G1 X1.161 Y-1.629 A825.17251
G1 X1.893 Y-1.691 A825.1856
G1 X2.382 Y-1.666 A825.19432
G1 X3.073 Y-1.591 A825.2067
G1 X3.423 Y-1.626 A825.21297
G1 X3.501 Y-1.538 A825.21507
G1 X3.757 Y-1.368 A825.22055
G1 X4.441 Y-1.046 A825.23402
G1 X5.048 Y-.633 A825.2471
G1 X5.698 Y-.01 A825.26314
G1 X6.117 Y.558 A825.27572
G1 X6.4 Y1.082 A825.28633
G1 X6.627 Y1.628 A825.29687
G1 X6.814 Y2.275 A825.30887
G1 X6.901 Y2.776 A825.31793
G1 X7.037 Y3.08 A825.32386
G1 X6.978 Y3.18 A825.32593
G1 X6.893 Y3.494 A825.33173
G1 X6.836 Y4.009 A825.34096
G1 X6.679 Y4.689 A825.35339
G1 X6.391 Y5.403 A825.36711
G1 X5.949 Y6.126 A825.38221
G1 X5.391 Y6.763 A825.3973
G1 X4.842 Y7.206 A825.40987
G1 X3.917 Y7.753 A825.42902
G1 X3.679 Y7.971 A825.43477
G1 X3.565 Y7.945 A825.43685
G1 X3.269 Y7.957 A825.44213
G1 X2.405 Y8.111 A825.45777
G1 X1.649 Y8.115 A825.47124
G1 X.737 Y7.965 A825.48771
G1 X-.032 Y7.692 A825.50225
G1 X-.76 Y7.286 A825.5171
G1 X-1.209 Y6.923 A825.52739
G1 X-1.736 Y6.443 A825.54009
G1 X-2.011 Y6.289 A825.54571
G1 X-2.022 Y6.171 A825.54782
G1 X-2.135 Y5.875 A825.55346
G1 X-2.446 Y5.321 A825.56478
G1 X-2.707 Y4.655 A825.57752
G1 X-2.884 Y3.827 A825.59261
G1 X-2.908 Y3.275 A825.60245
G1 X-3.339 Y3.215 F7800
G1 F900
G1 X-3.348 Y3.016 A825.606
G1 X-3.232 Y2.088 A825.62266
G1 X-2.965 Y1.215 A825.63893
G1 X-2.651 Y.558 A825.6519
G1 X-2.589 Y.244 A825.6576
G1 X-2.674 Y.003 A825.66215
G1 X-2.419 Y.002 A825.66669
G1 X-2.215 Y-.101 A825.67076
G1 X-1.964 Y-.38 A825.67745
G1 X-1.423 Y-.896 A825.69077
G1 X-.613 Y-1.452 A825.70827
G1 X.211 Y-1.824 A825.72438
G1 X1.089 Y-2.053 A825.74055
G1 X1.857 Y-2.118 A825.75428
G1 X2.418 Y-2.093 A825.76429
G1 X3.111 Y-2.018 A825.77671
G1 X3.402 Y-2.06 A825.78195
G1 X3.604 Y-2.215 A825.78649
G1 X3.684 Y-1.973 A825.79103
G1 X3.786 Y-1.858 A825.79377
G1 X3.935 Y-1.758 A825.79697
G1 X4.654 Y-1.419 A825.81113
G1 X5.318 Y-.968 A825.82543
G1 X6.021 Y-.294 A825.84278
G1 X6.542 Y.412 A825.85841
G1 X6.95 Y1.222 A825.87457
G1 X7.219 Y2.1 A825.89093
G1 X7.308 Y2.634 A825.90058
G1 X7.443 Y2.926 A825.90631
G1 X7.654 Y3.07 A825.91086
G1 X7.448 Y3.221 A825.91541
G1 X7.37 Y3.353 A825.91814
G1 X7.319 Y3.541 A825.92161
G1 X7.259 Y4.081 A825.93129
G1 X7.089 Y4.818 A825.94477
G1 X6.775 Y5.596 A825.95972
G1 X6.296 Y6.381 A825.9761
G1 X5.689 Y7.073 A825.9925
G1 X4.983 Y7.643 A826.00867
G1 X4.176 Y8.097 A826.02517
G1 X3.951 Y8.31 A826.03069
G1 X3.879 Y8.555 A826.03524
G1 X3.672 Y8.405 A826.03979
G1 X3.522 Y8.372 A826.04253
G1 X3.344 Y8.379 A826.0457
G1 X2.444 Y8.539 A826.06199
G1 X1.615 Y8.543 A826.07676
G1 X.63 Y8.382 A826.09454
G1 X-.209 Y8.084 A826.1104
G1 X-1.001 Y7.642 A826.12656
G1 X-1.478 Y7.257 A826.13748
G1 X-1.968 Y6.81 A826.1493
G1 X-2.248 Y6.653 A826.15502
G1 X-2.504 Y6.659 A826.15958
G1 X-2.427 Y6.416 A826.16412
G1 X-2.441 Y6.263 A826.16686
G1 X-2.509 Y6.085 A826.17025
G1 X-2.834 Y5.505 A826.1821
G1 X-3.118 Y4.779 A826.19599
G1 X-3.311 Y3.881 A826.21235
G1 X-3.337 Y3.275 A826.22316
G1 A825.92316 F2400
;WIPE_START
G1 F6240
G1 X-3.339 Y3.215 A825.90122
G1 X-3.348 Y3.016 A825.82843
G1 X-3.232 Y2.088 A825.48671
G1 X-2.965 Y1.215 A825.15314
G1 X-2.651 Y.558 A824.88707
G1 X-2.589 Y.244 A824.77012
G1 X-2.632 Y.123 A824.72316
;WIPE_END
G1 X3.203 Y8.839 F7800
G1 A826.22316 F2400
;TYPE:External perimeter
G1 F2880
G1 X2.483 Y8.968 A826.23619
G1 X1.581 Y8.972 A826.25226
G1 X.523 Y8.798 A826.27136
G1 X-.387 Y8.476 A826.28856
G1 X-1.242 Y7.998 A826.30601
G1 X-1.747 Y7.59 A826.31758
G1 X-2.277 Y7.108 A826.33034
;WIDTH:0.478881
G1 X-2.482 Y7.057 A826.33436
;WIDTH:0.508591
G1 X-2.657 Y7.097 A826.338
;WIDTH:0.5383
G1 X-2.832 Y7.138 A826.34186
;WIDTH:0.551022
G1 X-5.947 Y8.141 A826.41391
;WIDTH:0.55887
G1 X-18.925 Y12.291 A826.71834
;WIDTH:0.585988
G1 X-31.904 Y16.441 A827.03815
;TYPE:Overhang perimeter
;WIDTH:0.4
;HEIGHT:0.4
M106 P255
G1 F3600
G1 X-33.065 Y16.795 A827.10156
M106 P196.35
;TYPE:External perimeter
;WIDTH:0.578598
;HEIGHT:0.1
G1 F2880
G1 X-35.543 Y17.519 A827.16136
;WIDTH:0.539625
G1 X-37.744 Y18.191 A827.21094
;WIDTH:0.524322
G1 X-41.514 Y19.314 A827.29318
;WIDTH:0.479341
G1 X-48.663 Y21.503 A827.43551
;WIDTH:0.433119
G1 X-52.107 Y22.574 A827.49724
;WIDTH:0.420943
G1 X-54.986 Y23.447 A827.54721
;WIDTH:0.404918
G1 X-63.903 Y26.282 A827.69638
G1 X-64.021 Y25.917 A827.7025
G1 X-55.1 Y23.089 A827.8517
;WIDTH:0.420943
G1 X-52.226 Y22.192 A827.9017
;WIDTH:0.433109
G1 X-48.786 Y21.11 A827.96342
;WIDTH:0.479341
G1 X-41.65 Y18.876 A828.10577
;WIDTH:0.524322
G1 X-37.89 Y17.71 A828.18807
;WIDTH:0.539534
G1 X-35.701 Y17.025 A828.23747
;WIDTH:0.587581
G1 X-32.602 Y16.07 A828.31379
G1 X-19.353 Y11.862 A828.64098
;WIDTH:0.55964
G1 X-6.104 Y7.655 A828.95201
;WIDTH:0.551022
G1 X-4.346 Y7.061 A828.99286
G1 X-2.949 Y6.633 A829.02503
;WIDTH:0.538342
G1 X-2.902 Y6.519 A829.02768
;WIDTH:0.494171
G1 X-2.855 Y6.405 A829.0301
;WIDTH:0.449999
G1 X-2.881 Y6.298 A829.03206
G1 X-3.223 Y5.689 A829.0445
G1 X-3.53 Y4.903 A829.05953
G1 X-3.737 Y3.936 A829.07715
G1 X-3.778 Y2.998 A829.09388
G1 X-3.675 Y2.172 A829.10871
G1 X-3.525 Y1.581 A829.11957
G1 X-3.3 Y.923 A829.13196
G1 X-3.031 Y.358 A829.14311
;WIDTH:0.479035
G1 X-3.045 Y.147 A829.14713
;WIDTH:0.508667
G1 X-3.137 Y-.007 A829.15076
;WIDTH:0.538299
G1 X-3.23 Y-.161 A829.15463
;WIDTH:0.551024
G1 X-5.146 Y-2.813 A829.22666
;WIDTH:0.559112
G1 X-13.104 Y-13.874 A829.53125
;WIDTH:0.586473
G1 X-21.062 Y-24.935 A829.85134
;TYPE:Overhang perimeter
;WIDTH:0.4
;HEIGHT:0.4
M106 P255
G1 F3600
G1 X-21.757 Y-25.93 A829.91475
M106 P196.35
;TYPE:External perimeter
;WIDTH:0.574732
;HEIGHT:0.1
G1 F2880
G1 X-23.212 Y-28.063 A829.97414
;WIDTH:0.539621
G1 X-24.531 Y-29.948 A830.0237
;WIDTH:0.52432
G1 X-26.764 Y-33.188 A830.10597
;WIDTH:0.479338
G1 X-31.055 Y-39.309 A830.24827
;WIDTH:0.433119
G1 X-33.137 Y-42.254 A830.31
;WIDTH:0.420941
G1 X-34.857 Y-44.723 A830.35998
;WIDTH:0.404915
G1 X-40.309 Y-52.327 A830.50914
G1 X-39.998 Y-52.552 A830.51526
G1 X-34.552 Y-44.941 A830.66446
;WIDTH:0.420941
G1 X-32.811 Y-42.485 A830.71446
;WIDTH:0.433108
G1 X-30.719 Y-39.547 A830.77619
;WIDTH:0.479338
G1 X-26.39 Y-33.452 A830.9185
;WIDTH:0.52432
G1 X-24.119 Y-30.236 A831.00081
;WIDTH:0.53953
G1 X-22.791 Y-28.365 A831.05023
;WIDTH:0.58758
G1 X-20.925 Y-25.714 A831.12653
G1 X-12.829 Y-14.413 A831.45373
;WIDTH:0.559639
G1 X-4.733 Y-3.113 A831.76476
;WIDTH:0.551024
G1 X-3.625 Y-1.625 A831.80561
G1 X-2.814 Y-.467 A831.83674
;WIDTH:0.53834
G1 X-2.739 Y-.431 A831.83853
;WIDTH:0.508688
G1 X-2.664 Y-.394 A831.84022
;WIDTH:0.479035
G1 X-2.493 Y-.429 A831.84354
;WIDTH:0.449999
G1 X-2.28 Y-.671 A831.84928
G1 X-1.694 Y-1.23 A831.86371
G1 X-.824 Y-1.827 A831.88251
G1 X.068 Y-2.23 A831.89995
G1 X1.016 Y-2.477 A831.9174
G1 X1.82 Y-2.545 A831.93178
G1 X2.454 Y-2.52 A831.94308
G1 X3.149 Y-2.445 A831.95553
;WIDTH:0.4788
G1 X3.352 Y-2.523 A831.95966
;WIDTH:0.508552
G1 X3.47 Y-2.659 A831.96331
;WIDTH:0.538304
G1 X3.588 Y-2.795 A831.96718
;WIDTH:0.551025
G1 X5.518 Y-5.437 A832.03922
;WIDTH:0.559114
G1 X13.579 Y-16.423 A832.34381
;WIDTH:0.586474
G1 X21.639 Y-27.409 A832.66388
;TYPE:Overhang perimeter
;WIDTH:0.4
;HEIGHT:0.4
M106 P255
G1 F3600
G1 X22.371 Y-28.378 A832.72733
M106 P196.35
;TYPE:External perimeter
;WIDTH:0.574733
;HEIGHT:0.1
G1 F2880
G1 X23.95 Y-30.421 A832.78672
;WIDTH:0.539623
G1 X25.335 Y-32.258 A832.83628
;WIDTH:0.524322
G1 X27.726 Y-35.382 A832.91853
;WIDTH:0.479338
G1 X32.222 Y-41.355 A833.06085
;WIDTH:0.433118
G1 X34.379 Y-44.246 A833.12258
;WIDTH:0.420942
G1 X36.196 Y-46.644 A833.17255
;WIDTH:0.404917
G1 X41.743 Y-54.179 A833.32172
G1 X42.053 Y-53.953 A833.32784
G1 X36.498 Y-46.422 A833.47703
;WIDTH:0.420942
G1 X34.699 Y-44.007 A833.52705
;WIDTH:0.433107
G1 X32.552 Y-41.109 A833.58878
;WIDTH:0.479338
G1 X28.091 Y-35.106 A833.73115
;WIDTH:0.524322
G1 X25.736 Y-31.955 A833.81339
;WIDTH:0.539532
G1 X24.368 Y-30.114 A833.86279
;WIDTH:0.587581
G1 X22.422 Y-27.519 A833.93913
G1 X14.177 Y-16.328 A834.2663
;WIDTH:0.559641
G1 X5.931 Y-5.137 A834.57733
;WIDTH:0.551025
G1 X4.858 Y-3.622 A834.6182
G1 X3.98 Y-2.456 A834.65034
;WIDTH:0.538345
G1 X4.008 Y-2.336 A834.65299
;WIDTH:0.494172
G1 X4.037 Y-2.216 A834.65542
;WIDTH:0.449999
G1 X4.121 Y-2.144 A834.65739
G1 X4.867 Y-1.792 A834.67209
G1 X5.589 Y-1.302 A834.68764
G1 X6.344 Y-.579 A834.70626
G1 X6.908 Y.187 A834.72321
G1 X7.349 Y1.062 A834.74067
G1 X7.638 Y2.002 A834.75819
G1 X7.733 Y2.57 A834.76845
;WIDTH:0.478962
G1 X7.869 Y2.736 A834.77253
;WIDTH:0.50863
G1 X8.035 Y2.806 A834.77618
;WIDTH:0.538298
G1 X8.2 Y2.876 A834.78003
;WIDTH:0.551025
G1 X11.309 Y3.895 A834.85206
;WIDTH:0.55887
G1 X24.249 Y8.166 A835.15652
;WIDTH:0.585988
G1 X37.188 Y12.437 A835.47632
;TYPE:Overhang perimeter
;WIDTH:0.4
;HEIGHT:0.4
M106 P255
G1 F3600
G1 X38.336 Y12.834 A835.53978
M106 P196.35
;TYPE:External perimeter
;WIDTH:0.578597
;HEIGHT:0.1
G1 F2880
G1 X40.766 Y13.705 A835.59957
;WIDTH:0.539625
G1 X42.941 Y14.454 A835.64913
;WIDTH:0.524323
G1 X46.652 Y15.762 A835.73139
;WIDTH:0.479339
G1 X53.722 Y18.193 A835.87371
;WIDTH:0.433119
G1 X57.137 Y19.351 A835.93543
;WIDTH:0.420943
G1 X59.98 Y20.337 A835.98541
;WIDTH:0.404917
G1 X68.86 Y23.284 A836.13457
G1 X68.741 Y23.649 A836.14069
G1 X59.862 Y20.693 A836.28988
;WIDTH:0.420943
G1 X57.009 Y19.729 A836.3399
;WIDTH:0.433109
G1 X53.59 Y18.583 A836.40161
;WIDTH:0.479339
G1 X46.502 Y16.195 A836.54399
;WIDTH:0.524323
G1 X42.777 Y14.929 A836.62624
;WIDTH:0.539534
G1 X40.603 Y14.196 A836.67566
;WIDTH:0.587581
G1 X37.535 Y13.148 A836.75197
G1 X24.343 Y8.764 A837.07916
;WIDTH:0.55964
G1 X11.151 Y4.38 A837.3902
;WIDTH:0.551025
G1 X9.38 Y3.828 A837.43104
G1 X7.998 Y3.353 A837.46321
;WIDTH:0.538341
G1 X7.893 Y3.417 A837.46585
;WIDTH:0.49417
G1 X7.788 Y3.482 A837.46828
;WIDTH:0.449999
G1 X7.745 Y3.589 A837.47033
G1 X7.682 Y4.153 A837.48044
G1 X7.499 Y4.947 A837.49496
G1 X7.159 Y5.789 A837.51114
G1 X6.642 Y6.636 A837.52882
G1 X5.987 Y7.383 A837.54652
G1 X5.356 Y7.893 A837.56098
G1 X4.312 Y8.542 A837.58288
;WIDTH:0.494148
G1 X4.272 Y8.778 A837.58758
;WIDTH:0.538297
G1 X4.232 Y9.014 A837.59272
;WIDTH:0.551025
G1 X4.224 Y12.286 A837.66476
;WIDTH:0.558869
G1 X4.16 Y25.912 A837.96921
;WIDTH:0.585986
G1 X4.096 Y39.538 A838.28902
;TYPE:Overhang perimeter
;WIDTH:0.4
;HEIGHT:0.4
M106 P255
G1 F3600
G1 X4.074 Y40.752 A838.35246
M106 P196.35
;TYPE:External perimeter
;WIDTH:0.578595
;HEIGHT:0.1
G1 F2880
G1 X3.997 Y43.333 A838.41227
;WIDTH:0.539622
G1 X3.956 Y45.633 A838.46183
;WIDTH:0.524322
G1 X3.859 Y49.566 A838.54408
;WIDTH:0.479337
G1 X3.732 Y57.041 A838.6864
;WIDTH:0.433118
G1 X3.686 Y60.647 A838.74812
;WIDTH:0.420941
G1 X3.626 Y63.656 A838.7981
;WIDTH:0.404915
G1 X3.567 Y73.012 A838.94726
G1 X3.184 Y73.012 A838.95337
G1 X3.251 Y63.653 A839.10258
;WIDTH:0.420941
G1 X3.287 Y60.643 A839.15258
;WIDTH:0.433107
G1 X3.32 Y57.037 A839.2143
;WIDTH:0.479337
G1 X3.401 Y49.56 A839.35664
;WIDTH:0.524322
G1 X3.454 Y45.624 A839.43894
;WIDTH:0.539531
G1 X3.479 Y43.33 A839.48835
;WIDTH:0.587578
G1 X3.528 Y40.088 A839.56466
G1 X3.621 Y26.187 A839.89185
;WIDTH:0.559638
G1 X3.713 Y12.286 A840.20289
;WIDTH:0.551025
G1 X3.691 Y10.43 A840.24376
G1 X3.715 Y9.017 A840.27487
;WIDTH:0.538339
G1 X3.672 Y8.947 A840.27664
;WIDTH:0.49825
G1 X3.629 Y8.877 A840.27827
;WIDTH:0.45816
G1 X3.529 Y8.809 A840.28047
;WIDTH:0.449999
G1 X3.419 Y8.8 A840.28244
G1 X3.262 Y8.828 A840.28528
G1 A839.98528 F2400
;WIPE_START
G1 F6240
G1 X3.203 Y8.839 A839.96335
G1 X2.483 Y8.968 A839.69608
G1 X1.581 Y8.972 A839.3665
G1 X.523 Y8.798 A838.97473
G1 X.034 Y8.625 A838.78528
;WIPE_END
G1 X-1.029 Y-.412 F7800
G1 A840.28528 F2400
;TYPE:Solid infill
;WIDTH:0.36146
G1 F3600
G1 X-1.746 Y.311 A840.29967
G1 X-1.968 Y.501 A840.3038
G1 X-2.222 Y1.326 F7800
G1 F3600
G1 X-2.293 Y1.307 A840.30484
G1 X-2.274 Y1.378 A840.30588
G1 X-2.233 Y1.367 A840.30648
;WIDTH:0.40573
G1 X-2.141 Y1.2 A840.30953
;WIDTH:0.449999
G1 X-2.05 Y1.034 A840.3129
G1 X-.201 Y-.815 A840.35949
G1 X-.036 Y-.905 A840.36284
;WIDTH:0.40573
G1 X.13 Y-.995 A840.36586
;WIDTH:0.36146
G1 X.089 Y-.984 A840.36646
G1 X.07 Y-1.055 A840.3675
G1 X.141 Y-1.036 A840.36854
;WIDTH:0.449999
G1 X.79 Y-1.2 A840.38047
G1 X-2.426 Y2.016 A840.4615
G1 X-2.533 Y2.102 A840.46395
;WIDTH:0.40573
G1 X-2.641 Y2.187 A840.46615
;WIDTH:0.36146
G1 X-2.703 Y2.581 A840.47179
;WIDTH:0.449999
G1 X-2.56 Y2.756 A840.47582
G1 X1.529 Y-1.333 A840.57885
G1 X1.477 Y-1.411 A840.58052
;WIDTH:0.40573
G1 X1.426 Y-1.49 A840.58202
;WIDTH:0.36146
G1 X.96 Y-1.41 A840.5887
G1 X2.163 Y-1.361 F7800
;WIDTH:0.449999
G1 F3600
G1 X-2.581 Y3.384 A840.70824
G1 X-2.623 Y3.55 A840.71129
;WIDTH:0.40573
G1 X-2.665 Y3.717 A840.71404
;WIDTH:0.36146
G1 X-2.706 Y3.728 A840.71464
G1 X-2.725 Y3.657 A840.71568
G1 X-2.654 Y3.676 A840.71672
G1 A840.41672 F2400
;WIPE_START
G1 F6240
G1 X-2.725 Y3.657 A840.38986
G1 X-2.706 Y3.728 A840.363
G1 X-2.665 Y3.717 A840.34749
G1 X-2.623 Y3.55 A840.28457
G1 X-2.581 Y3.384 A840.222
G1 X-.636 Y1.438 A839.21672
;WIPE_END
G1 X.844 Y.565 F7800
G1 A840.71672 F2400
;WIDTH:0.449999
G1 F3600
G1 X2.714 Y-1.306 A840.76385
G1 X3.291 Y-1.277 A840.77414
G1 X1.669 Y.346 A840.81502
G1 A840.51502 F2400
;WIPE_START
G1 F6240
G1 X3.291 Y-1.277 A839.67662
G1 X2.714 Y-1.306 A839.46553
G1 X2.423 Y-1.015 A839.31502
;WIPE_END
G1 X3.535 Y-.915 F7800
G1 A840.81502 F2400
G1 F3600
G1 X2.272 Y.349 A840.84686
G1 X2.603 Y.381 A840.85278
G1 X2.925 Y.472 A840.85874
G1 X3.419 Y.688 A840.86835
G1 X4.003 Y1.124 A840.88133
G1 X4.413 Y1.622 A840.89282
G1 X4.653 Y2.11 A840.90251
G1 X4.825 Y2.597 A840.91171
G1 X4.887 Y3.33 A840.92482
G1 X4.748 Y4.102 A840.9388
;WIDTH:0.478754
G1 X4.637 Y4.393 A840.94472
;WIDTH:0.507509
G1 X4.526 Y4.684 A840.95101
;WIDTH:0.518292
G1 X4.499 Y4.739 A840.95228
G1 X4.736 Y4.526 A840.95886
;WIDTH:0.484146
G1 X4.973 Y4.314 A840.96498
;WIDTH:0.449999
G1 X6.452 Y2.835 A841.00225
G1 X6.579 Y2.797 A841.00461
G1 X6.488 Y2.273 A841.01409
G1 X6.252 Y1.503 A841.02844
G1 X5.901 Y.806 A841.04234
G1 X5.456 Y.203 A841.05569
G1 X4.845 Y-.383 A841.07077
G1 X4.279 Y-.767 A841.08296
G1 X3.687 Y-1.066 A841.09478
G1 X3.77 Y-.544 A841.1042
G1 X4.061 Y-.397 A841.11001
G1 X4.545 Y-.068 A841.12044
G1 X5.154 Y.516 A841.13547
G1 X5.55 Y1.063 A841.1475
G1 X5.864 Y1.697 A841.16011
G1 X6.105 Y2.575 A841.17633
G1 X5.31 Y3.371 A841.19637
G1 X5.22 Y2.421 A841.21337
G1 X4.996 Y1.797 A841.22518
G1 X4.746 Y1.353 A841.23426
G1 X4.374 Y.892 A841.24481
G1 X4.049 Y.621 A841.25235
G1 X3.591 Y.296 A841.26236
G1 X3.131 Y.095 A841.2713
G1 X3.619 Y-.392 A841.28358
G1 X3.851 Y-.038 A841.29112
;WIDTH:0.44219
G1 X4.306 Y.283 A841.30086
G1 X4.694 Y.634 A841.31001
;WIDTH:0.418598
G1 X5.068 Y1.094 A841.3198
G1 X5.331 Y1.539 A841.32833
;WIDTH:0.420738
G1 X5.609 Y2.281 A841.34148
;WIDTH:0.425632
G1 X5.655 Y2.437 A841.34421
G1 A841.04421 F2400
;WIPE_START
G1 F6240
G1 X5.609 Y2.281 A840.98478
G1 X5.331 Y1.539 A840.69526
G1 X5.068 Y1.094 A840.50639
G1 X4.694 Y.634 A840.28977
G1 X4.306 Y.283 A840.0986
G1 X3.851 Y-.038 A839.89514
G1 X3.775 Y-.155 A839.84421
;WIPE_END
G1 X.943 Y.702 F7800
G1 A841.34421 F2400
;WIDTH:0.36146
G1 F3600
G1 X.767 Y.759 A841.34683
G1 X.541 Y.779 A841.35004
G1 X.029 Y1.226 A841.35965
G1 X-.424 Y1.735 A841.36928
G1 X-.435 Y1.844 A841.37083
G1 X-.531 Y2.193 A841.37595
;WIDTH:0.40573
G1 X-.597 Y2.132 A841.37739
;WIDTH:0.449999
G1 X-.662 Y2.071 A841.37898
G1 X-2.531 Y3.94 A841.42607
G1 X-2.424 Y4.439 A841.43516
G1 X-.881 Y2.896 A841.47404
G1 X-.869 Y3.49 A841.48463
G1 X-.82 Y3.927 A841.49246
G1 X-.609 Y4.49 A841.50317
G1 X-.428 Y4.809 A841.5097
G1 X-.036 Y5.29 A841.52076
G1 X.423 Y5.649 A841.53114
G1 X1.051 Y5.953 A841.54357
G1 X1.389 Y6.05 A841.54984
G1 X2.022 Y6.116 A841.56118
G1 X2.664 Y6.034 A841.57271
;WIDTH:0.490897
G1 X3.067 Y5.896 A841.58102
;WIDTH:0.531794
G1 X3.47 Y5.759 A841.59005
G1 X3.43 Y5.808 A841.59139
;WIDTH:0.518752
G1 X3.163 Y6.099 A841.59956
;WIDTH:0.484376
G1 X2.896 Y6.39 A841.60716
;WIDTH:0.449999
G1 X1.647 Y7.64 A841.63864
G1 X1.626 Y7.785 A841.64125
G1 X.817 Y7.652 A841.65586
G1 X.101 Y7.399 A841.66939
G1 X-.579 Y7.019 A841.68327
G1 X-1.096 Y6.601 A841.69512
G1 X-1.518 Y6.208 A841.70539
G1 X-1.726 Y6.067 A841.70987
G1 X-1.793 Y5.87 A841.71358
G1 X-2.27 Y4.89 A841.733
G1 X-1.021 Y3.641 A841.76447
G1 X-1.12 Y4.347 A841.77717
G1 X-.967 Y4.732 A841.78455
G1 X-.643 Y5.226 A841.79508
G1 X-.302 Y5.626 A841.80444
G1 X.236 Y6.034 A841.81647
G1 X.864 Y6.339 A841.82891
G1 X1.341 Y6.476 A841.83775
G1 X1.925 Y6.542 A841.84822
G1 X2.148 Y6.533 A841.8522
G1 X1.372 Y7.309 A841.87175
G1 X.718 Y7.163 A841.88369
G1 X.247 Y6.989 A841.89264
G1 X-.405 Y6.609 A841.90609
G1 X-.945 Y6.17 A841.91849
G1 X-1.317 Y5.822 A841.92757
G1 X-1.768 Y4.995 A841.94435
G1 X-1.272 Y4.498 A841.95686
G1 X-1.254 Y5.066 A841.96698
;WIDTH:0.453602
G1 X-1.124 Y5.284 A841.97154
;WIDTH:0.485478
G1 X-.995 Y5.501 A841.97641
G1 X-.824 Y5.686 A841.98127
;WIDTH:0.45674
G1 X-.653 Y5.872 A841.98584
;WIDTH:0.428002
G1 X-.143 Y6.285 A841.99693
;WIDTH:0.448196
G1 X.455 Y6.616 A842.00906
G1 X1.029 Y6.83 A842.01993
;WIDTH:0.42782
G1 X1.231 Y6.872 A842.02342
G1 A841.72342 F2400
;WIPE_START
G1 F6240
G1 X1.029 Y6.83 A841.64803
G1 X.455 Y6.616 A841.4242
G1 X-.143 Y6.285 A841.17446
G1 X-.653 Y5.872 A840.93467
G1 X-.824 Y5.686 A840.84235
G1 X-.995 Y5.501 A840.7503
G1 X-1.124 Y5.284 A840.65806
G1 X-1.254 Y5.066 A840.56532
G1 X-1.258 Y4.951 A840.52342
;WIPE_END
G1 X3.47 Y5.759 F7800
G1 A842.02342 F2400
;WIDTH:0.531794
G1 F3600
G1 X3.729 Y5.534 A842.0307
;WIDTH:0.4835
G1 X3.987 Y5.31 A842.03726
;WIDTH:0.476749
G1 X4.243 Y5.025 A842.04451
;WIDTH:0.518292
G1 X4.499 Y4.739 A842.05244
G1 A841.75244 F2400
;WIPE_START
G1 F6240
G1 X4.243 Y5.025 A841.61219
G1 X3.987 Y5.31 A841.47221
G1 X3.729 Y5.534 A841.34737
G1 X3.47 Y5.759 A841.22201
;WIPE_END
G1 A840.55244 F2400
G1 X6.603 Y3.29 F7800
G1 A842.05244 F2400
;WIDTH:0.449999
G1 F3600
G1 X2.102 Y7.791 A842.16585
G1 X2.779 Y7.72 A842.17798
G1 X6.511 Y3.988 A842.27201
G1 X6.317 Y4.767 A842.28631
;WIDTH:0.420254
G1 X6.112 Y5.273 A842.29536
G1 X5.69 Y5.957 A842.30869
;WIDTH:0.444936
G1 X5.155 Y6.543 A842.32266
G1 X4.56 Y7.047 A842.33639
;WIDTH:0.447978
G1 X4.274 Y7.185 A842.34202
;WIDTH:0.490776
G1 X3.988 Y7.323 A842.34822
;WIDTH:0.533574
G1 X3.703 Y7.461 A842.35496
G1 X3.727 Y7.428 A842.35583
;WIDTH:0.520404
G1 X3.928 Y7.2 A842.36214
;WIDTH:0.481996
G1 X4.129 Y6.972 A842.36796
;WIDTH:0.443588
G1 X4.329 Y6.744 A842.37328
;WIDTH:0.444936
G1 X4.873 Y6.229 A842.38647
G1 X5.399 Y5.685 A842.39979
;WIDTH:0.420254
G1 X6.166 Y4.918 A842.41777
G1 A842.11777 F2400
;WIPE_START
G1 F6240
G1 X5.399 Y5.685 A841.72144
G1 X4.873 Y6.229 A841.44495
G1 X4.329 Y6.744 A841.17124
G1 X4.129 Y6.972 A841.06042
G1 X3.928 Y7.2 A840.94936
G1 X3.871 Y7.265 A840.91777
;WIPE_END
G1 X3.703 Y7.461 F7800
G1 A842.41777 F2400
;WIDTH:0.533574
G1 F3600
G1 X3.551 Y7.597 A842.42211
M106 P178.5
;LAYER_CHANGE
;Z:3
;HEIGHT:0.0999999
G1 A842.12211 F2400
;WIPE_START
G1 F6240
G1 X3.703 Y7.461 A842.04759
;WIPE_END
G1 A840.92211 F2400
G1 Z3 F7800
G1 X-.681 Y3.214
G1 A842.42211 F2400
;TYPE:Perimeter
;WIDTH:0.449999
G1 F900
G1 X-.681 Y3.075 A842.42459
G1 X-.589 Y2.484 A842.43525
G1 X-.393 Y1.999 A842.44457
G1 X-.253 Y1.757 A842.44955
G1 X.112 Y1.301 A842.45996
G1 X.534 Y.969 A842.46953
G1 X.744 Y.843 A842.47389
G1 X1.212 Y.658 A842.48286
G1 X1.852 Y.541 A842.49445
G1 X2.132 Y.541 A842.49944
G1 X2.685 Y.623 A842.5094
G1 X3.207 Y.83 A842.5194
G1 X3.681 Y1.147 A842.52956
G1 X3.981 Y1.423 A842.53682
G1 X4.287 Y1.829 A842.54588
G1 X4.537 Y2.388 A842.55679
G1 X4.642 Y2.902 A842.56614
G1 X4.665 Y3.354 A842.5742
G1 X4.594 Y3.862 A842.58334
G1 X4.376 Y4.43 A842.59418
G1 X4.158 Y4.771 A842.60139
G1 X3.78 Y5.205 A842.61164
G1 X3.323 Y5.543 A842.62177
G1 X2.819 Y5.76 A842.63155
G1 X2.548 Y5.833 A842.63655
G1 X1.991 Y5.897 A842.64654
G1 X1.435 Y5.833 A842.65651
G1 X1.165 Y5.76 A842.66149
G1 X.664 Y5.545 A842.6712
G1 X.2 Y5.203 A842.68147
G1 X-.159 Y4.796 A842.69114
G1 X-.393 Y4.43 A842.69888
G1 X-.612 Y3.857 A842.70981
G1 X-.681 Y3.354 A842.71886
G1 X-.681 Y3.274 A842.72029
G1 X-.249 Y3.214 F7800
G1 F900
G1 X-.202 Y2.714 A842.72924
G1 X.003 Y2.163 A842.73971
G1 X.343 Y1.684 A842.75018
G1 X.795 Y1.309 A842.76064
G1 X1.441 Y1.033 A842.77316
G1 X1.937 Y.963 A842.78208
G1 X2.492 Y1.021 A842.79202
G1 X3.043 Y1.226 A842.80249
G1 X3.522 Y1.565 A842.81295
G1 X3.897 Y2.018 A842.82343
G1 X4.141 Y2.552 A842.83389
G1 X4.24 Y3.131 A842.84436
G1 X4.185 Y3.715 A842.85481
G1 X3.981 Y4.266 A842.86528
G1 X3.61 Y4.772 A842.87646
G1 X3.188 Y5.119 A842.88619
G1 X2.655 Y5.364 A842.89664
G1 X2.09 Y5.461 A842.90685
G1 X1.491 Y5.408 A842.91756
G1 X.94 Y5.203 A842.92803
G1 X.461 Y4.863 A842.9385
G1 X.087 Y4.411 A842.94895
G1 X-.158 Y3.877 A842.95942
G1 X-.256 Y3.298 A842.96988
G1 X-.254 Y3.274 A842.97031
G1 X.172 Y3.215 F7800
;TYPE:External perimeter
G1 F900
G1 X.168 Y3.186 A842.97083
G1 X.238 Y2.716 A842.9793
G1 X.427 Y2.279 A842.98778
G1 X.796 Y1.849 A842.99788
G1 X1.098 Y1.624 A843.00459
G1 X1.577 Y1.442 A843.01372
G1 X2.02 Y1.391 A843.02166
G1 X2.491 Y1.461 A843.03014
G1 X2.928 Y1.649 A843.03862
G1 X3.301 Y1.945 A843.0471
G1 X3.585 Y2.327 A843.05558
G1 X3.76 Y2.77 A843.06407
G1 X3.815 Y3.242 A843.07254
G1 X3.746 Y3.713 A843.08102
G1 X3.554 Y4.153 A843.08957
G1 X3.237 Y4.542 A843.09851
G1 X2.805 Y4.838 A843.10784
G1 X2.437 Y4.983 A843.11489
G1 X1.92 Y5.032 A843.12414
G1 X1.493 Y4.968 A843.13183
G1 X1.056 Y4.779 A843.14031
G1 X.683 Y4.484 A843.14878
G1 X.399 Y4.102 A843.15726
G1 X.223 Y3.659 A843.16575
G1 X.179 Y3.274 A843.17265
G1 A842.87265 F2400
;WIPE_START
G1 F6240
G1 X.172 Y3.215 A842.85094
G1 X.168 Y3.186 A842.84024
G1 X.238 Y2.716 A842.66662
G1 X.427 Y2.279 A842.49265
G1 X.796 Y1.849 A842.28561
G1 X1.098 Y1.624 A842.14801
G1 X1.577 Y1.442 A841.96078
G1 X2.02 Y1.391 A841.79785
G1 X2.359 Y1.441 A841.67265
;WIPE_END
G1 X18.438 Y6.309 F7800
G1 A843.17265 F2400
;WIDTH:0.664236
G1 F900
G1 X18.315 Y6.267 A843.17612
;WIDTH:0.66105
G1 X17.202 Y5.88 A843.20745
;WIDTH:0.621665
G1 X16.09 Y5.493 A843.23683
;WIDTH:0.582281
G1 X14.977 Y5.106 A843.2643
;WIDTH:0.542896
G1 X14.26 Y4.844 A843.28085
;WIDTH:0.493267
G1 X13.542 Y4.582 A843.29584
;WIDTH:0.443638
G1 X12.542 Y4.233 A843.31443
;WIDTH:0.405349
G1 X11.541 Y3.883 A843.33135
;WIDTH:0.36706
G1 X9.844 Y3.316 A843.35706
;WIDTH:0.36146
G1 X8.098 Y2.622 A843.38362
G1 A843.08362 F2400
;WIPE_START
G1 F6240
G1 X9.844 Y3.316 A842.39711
G1 X11.177 Y3.762 A841.88362
;WIPE_END
G1 X10.017 Y-11.471 F7800
G1 A843.38362 F2400
;WIDTH:0.664234
G1 F900
G1 X9.939 Y-11.367 A843.38709
;WIDTH:0.661044
G1 X9.227 Y-10.428 A843.41843
;WIDTH:0.621661
G1 X8.515 Y-9.49 A843.44782
;WIDTH:0.582279
G1 X7.804 Y-8.551 A843.47528
;WIDTH:0.542896
G1 X7.332 Y-7.949 A843.49186
;WIDTH:0.493113
G1 X6.861 Y-7.348 A843.50683
;WIDTH:0.44333
G1 X6.22 Y-6.504 A843.52542
;WIDTH:0.405194
G1 X5.579 Y-5.661 A843.54232
;WIDTH:0.367058
G1 X4.514 Y-4.222 A843.56804
;WIDTH:0.36146
G1 X3.315 Y-2.776 A843.59459
G1 A843.29459 F2400
;WIPE_START
G1 F6240
G1 X4.514 Y-4.222 A842.60824
G1 X5.35 Y-5.352 A842.09459
;WIPE_END
G1 X-9.495 Y-8.956 F7800
G1 A843.59459 F2400
;WIDTH:0.664234
G1 F900
G1 X-9.42 Y-8.849 A843.59808
;WIDTH:0.661044
G1 X-8.747 Y-7.882 A843.62941
;WIDTH:0.621662
G1 X-8.075 Y-6.916 A843.65877
;WIDTH:0.58228
G1 X-7.402 Y-5.949 A843.68624
;WIDTH:0.542898
G1 X-6.975 Y-5.315 A843.70281
;WIDTH:0.493112
G1 X-6.549 Y-4.681 A843.71779
;WIDTH:0.443326
G1 X-5.945 Y-3.81 A843.73638
;WIDTH:0.405191
G1 X-5.341 Y-2.94 A843.75328
;WIDTH:0.367056
G1 X-4.301 Y-1.483 A843.779
;WIDTH:0.36146
G1 X-3.297 Y.105 A843.80556
G1 A843.50556 F2400
;WIPE_START
G1 F6240
G1 X-4.301 Y-1.483 A842.81909
G1 X-5.117 Y-2.627 A842.30556
;WIPE_END
G1 X-13.132 Y10.378 F7800
G1 A843.80556 F2400
;WIDTH:0.664236
G1 F900
G1 X-13.008 Y10.34 A843.80903
;WIDTH:0.66105
G1 X-11.881 Y9.999 A843.84034
;WIDTH:0.621666
G1 X-10.753 Y9.658 A843.86975
;WIDTH:0.582282
G1 X-9.626 Y9.317 A843.8972
;WIDTH:0.542898
G1 X-8.891 Y9.107 A843.91377
;WIDTH:0.493113
G1 X-8.156 Y8.897 A843.92876
;WIDTH:0.443328
G1 X-7.142 Y8.592 A843.94733
;WIDTH:0.405194
G1 X-6.127 Y8.286 A843.96424
;WIDTH:0.36706
G1 X-4.42 Y7.748 A843.98996
;WIDTH:0.36146
G1 X-2.6 Y7.283 A844.01651
G1 A843.71651 F2400
;WIPE_START
G1 F6240
G1 X-4.42 Y7.748 A843.03015
G1 X-5.761 Y8.171 A842.51651
;WIPE_END
G1 X4.131 Y19.812 F7800
G1 A844.01651 F2400
;WIDTH:0.664232
G1 F900
G1 X4.133 Y19.682 A844.01998
;WIDTH:0.661044
G1 X4.157 Y18.504 A844.05131
;WIDTH:0.621661
G1 X4.181 Y17.327 A844.08069
;WIDTH:0.582279
G1 X4.205 Y16.149 A844.10816
;WIDTH:0.542896
G1 X4.233 Y15.385 A844.12473
;WIDTH:0.493111
G1 X4.261 Y14.622 A844.1397
;WIDTH:0.443326
G1 X4.283 Y13.563 A844.15828
;WIDTH:0.405192
G1 X4.306 Y12.503 A844.17519
;WIDTH:0.367058
G1 X4.322 Y10.713 A844.20091
;WIDTH:0.36146
G1 X4.442 Y8.839 A844.22745
G1 X3.344 Y7.928 F7800
;TYPE:Perimeter
;WIDTH:0.449999
G1 F900
G1 X2.398 Y8.111 A844.24462
G1 X1.566 Y8.11 A844.25944
G1 X.762 Y7.972 A844.27397
G1 X-.033 Y7.692 A844.28899
G1 X-.76 Y7.286 A844.30383
G1 X-1.217 Y6.917 A844.3143
G1 X-1.639 Y6.526 A844.32455
G1 X-1.966 Y6.129 A844.33371
G1 X-2.414 Y5.388 A844.34914
G1 X-2.707 Y4.654 A844.36322
G1 X-2.883 Y3.835 A844.37814
G1 X-2.918 Y3.006 A844.39292
G1 X-2.812 Y2.179 A844.40777
G1 X-2.565 Y1.371 A844.42282
G1 X-2.326 Y.872 A844.43268
G1 X-2.064 Y.443 A844.44164
G1 X-1.684 Y-.048 A844.4527
G1 X-1.114 Y-.593 A844.46675
G1 X-.403 Y-1.076 A844.48206
G1 X.342 Y-1.414 A844.49664
G1 X1.162 Y-1.629 A844.51174
G1 X1.897 Y-1.692 A844.52488
G1 X2.371 Y-1.667 A844.53334
G1 X2.969 Y-1.603 A844.54406
G1 X3.535 Y-1.451 A844.5545
G1 X4.411 Y-1.062 A844.57158
G1 X5.069 Y-.617 A844.58573
G1 X5.679 Y-.033 A844.60078
G1 X6.176 Y.638 A844.61566
G1 X6.551 Y1.382 A844.6305
G1 X6.78 Y2.128 A844.6444
G1 X6.876 Y2.646 A844.65379
G1 X6.905 Y3.125 A844.66234
G1 X6.856 Y3.896 A844.6761
G1 X6.687 Y4.665 A844.69013
G1 X6.375 Y5.435 A844.70493
G1 X5.941 Y6.139 A844.71966
G1 X5.455 Y6.691 A844.73276
G1 X5.135 Y6.97 A844.74032
G1 X4.661 Y7.333 A844.75096
G1 X4.035 Y7.685 A844.76376
G1 X3.432 Y7.911 A844.77523
G1 X3.403 Y7.916 A844.77575
G1 X3.495 Y8.335 F7800
G1 F900
G1 X2.439 Y8.539 A844.79491
G1 X1.53 Y8.538 A844.81111
G1 X.653 Y8.388 A844.82696
G1 X-.21 Y8.084 A844.84326
G1 X-1.001 Y7.642 A844.8594
G1 X-1.486 Y7.25 A844.87051
G1 X-1.97 Y6.798 A844.88231
G1 X-2.317 Y6.377 A844.89203
G1 X-2.799 Y5.58 A844.90862
G1 X-3.118 Y4.779 A844.92398
G1 X-3.31 Y3.889 A844.9402
G1 X-3.348 Y2.988 A844.95627
G1 X-3.232 Y2.089 A844.97242
G1 X-2.965 Y1.215 A844.9887
G1 X-2.702 Y.666 A844.99955
G1 X-2.416 Y.197 A845.00934
G1 X-2.003 Y-.336 A845.02135
G1 X-1.385 Y-.928 A845.0366
G1 X-.614 Y-1.451 A845.0532
G1 X.198 Y-1.819 A845.06908
G1 X1.089 Y-2.053 A845.08549
G1 X1.861 Y-2.119 A845.09929
G1 X2.407 Y-2.094 A845.10903
G1 X3.082 Y-2.016 A845.12114
G1 X3.678 Y-1.857 A845.13213
G1 X4.62 Y-1.438 A845.1505
G1 X5.339 Y-.951 A845.16597
G1 X6.002 Y-.318 A845.1823
G1 X6.542 Y.413 A845.19849
G1 X6.95 Y1.222 A845.21463
G1 X7.219 Y2.1 A845.23099
G1 X7.303 Y2.605 A845.24011
G1 X7.335 Y3.125 A845.24939
G1 X7.281 Y3.956 A845.26423
G1 X7.097 Y4.792 A845.27948
G1 X6.759 Y5.629 A845.29556
G1 X6.286 Y6.395 A845.3116
G1 X5.776 Y6.974 A845.32535
G1 X5.404 Y7.303 A845.3342
G1 X4.871 Y7.706 A845.34611
G1 X4.185 Y8.086 A845.36008
G1 X3.554 Y8.322 A845.37208
G1 X3.647 Y8.742 F7800
;TYPE:External perimeter
G1 F900
G1 X2.48 Y8.968 A845.39326
G1 X1.493 Y8.967 A845.41084
G1 X.545 Y8.804 A845.42798
G1 X-.387 Y8.476 A845.44558
G1 X-1.242 Y7.998 A845.46303
G1 X-1.92 Y7.451 A845.47855
G1 X-2.301 Y7.07 A845.48815
G1 X-2.667 Y6.626 A845.4984
G1 X-3.184 Y5.772 A845.51619
G1 X-3.53 Y4.904 A845.53284
G1 X-3.736 Y3.944 A845.55033
G1 X-3.777 Y2.97 A845.5677
G1 X-3.653 Y1.998 A845.58516
G1 X-3.365 Y1.059 A845.60266
G1 X-3.038 Y.374 A845.61618
G1 X-2.768 Y-.049 A845.62512
G1 X-2.322 Y-.623 A845.63807
G1 X-1.655 Y-1.262 A845.65453
G1 X-.824 Y-1.827 A845.67243
G1 X.054 Y-2.224 A845.6896
G1 X1.016 Y-2.477 A845.70732
G1 X1.825 Y-2.546 A845.72179
G1 X2.443 Y-2.521 A845.73281
G1 X3.196 Y-2.429 A845.74633
G1 X3.821 Y-2.262 A845.75786
G1 X4.829 Y-1.814 A845.77751
G1 X5.609 Y-1.286 A845.79429
G1 X6.325 Y-.602 A845.81193
G1 X6.909 Y.187 A845.82942
G1 X7.349 Y1.062 A845.84687
G1 X7.638 Y2.002 A845.86439
G1 X7.731 Y2.62 A845.87552
G1 X7.764 Y3.125 A845.88454
G1 X7.707 Y4.016 A845.90045
G1 X7.508 Y4.919 A845.91692
G1 X7.143 Y5.823 A845.93429
G1 X6.632 Y6.651 A845.95163
G1 X5.987 Y7.383 A845.96901
G1 X5.353 Y7.895 A845.98353
G1 X4.832 Y8.22 A845.99447
G1 X4.335 Y8.488 A846.00453
G1 X3.704 Y8.724 A846.01653
G1 A845.71653 F2400
;WIPE_START
G1 F6240
G1 X3.647 Y8.742 A845.69469
G1 X2.48 Y8.968 A845.26036
G1 X1.493 Y8.967 A844.89973
G1 X.545 Y8.804 A844.54826
G1 X.463 Y8.775 A844.51653
;WIPE_END
G1 X10.017 Y-11.471 F7800
G1 A846.01653 F2400
;WIDTH:0.664234
G1 F2880
G1 X10.032 Y-11.53 A846.01816
;WIDTH:0.619022
G1 X10.048 Y-11.59 A846.0197
;WIDTH:0.57381
G1 X10.063 Y-11.649 A846.0211
;WIDTH:0.528598
G1 X10.079 Y-11.709 A846.02241
;WIDTH:0.483386
G1 X10.094 Y-11.768 A846.02358
;WIDTH:0.438174
G1 X10.11 Y-11.828 A846.02466
;WIDTH:0.392962
G1 X10.125 Y-11.887 A846.0256
;WIDTH:0.381127
G1 X11.747 Y-14.074 A846.06632
;WIDTH:0.414678
G1 X18.319 Y-23.022 A846.24782
;WIDTH:0.448228
G1 X24.891 Y-31.97 A846.4448
;WIDTH:0.481778
G1 X31.463 Y-40.918 A846.65727
G1 X35.111 Y-45.729 A846.77282
;WIDTH:0.438941
G1 X38.759 Y-50.541 A846.87763
;WIDTH:0.40477
G1 X41.545 Y-54.322 A846.95248
G1 X41.856 Y-54.096 A846.95861
G1 X39.059 Y-50.318 A847.03352
;WIDTH:0.438941
G1 X35.446 Y-45.48 A847.13832
;WIDTH:0.481778
G1 X31.832 Y-40.643 A847.25387
G1 X25.234 Y-31.715 A847.46633
;WIDTH:0.448228
G1 X18.635 Y-22.788 A847.6633
;WIDTH:0.414678
G1 X12.036 Y-13.86 A847.8448
;WIDTH:0.381127
G1 X10.386 Y-11.691 A847.88555
;WIDTH:0.392962
G1 X10.333 Y-11.66 A847.8865
;WIDTH:0.438174
G1 X10.281 Y-11.628 A847.88756
;WIDTH:0.483386
G1 X10.228 Y-11.597 A847.88874
;WIDTH:0.528598
G1 X10.175 Y-11.565 A847.89005
;WIDTH:0.57381
G1 X10.122 Y-11.534 A847.89146
;WIDTH:0.619022
G1 X10.07 Y-11.502 A847.89298
G1 A847.59298 F2400
;WIPE_START
G1 F6240
G1 X10.017 Y-11.471 A847.57055
G1 X10.032 Y-11.53 A847.54831
G1 X10.048 Y-11.59 A847.52562
G1 X10.063 Y-11.649 A847.50338
G1 X10.079 Y-11.709 A847.48069
G1 X10.094 Y-11.768 A847.45845
G1 X10.11 Y-11.828 A847.43576
G1 X10.125 Y-11.887 A847.41352
G1 X11.747 Y-14.074 A846.41864
G1 X11.789 Y-14.131 A846.39298
;WIPE_END
G1 X-9.495 Y-8.956 F7800
G1 A847.89298 F2400
;WIDTH:0.664234
G1 F2880
G1 X-9.547 Y-8.989 A847.89463
;WIDTH:0.619023
G1 X-9.599 Y-9.022 A847.89616
;WIDTH:0.573811
G1 X-9.65 Y-9.055 A847.89755
;WIDTH:0.528599
G1 X-9.702 Y-9.088 A847.89885
;WIDTH:0.483388
G1 X-9.754 Y-9.122 A847.90004
;WIDTH:0.438176
G1 X-9.806 Y-9.155 A847.90111
;WIDTH:0.392965
G1 X-9.857 Y-9.188 A847.90205
;WIDTH:0.381124
G1 X-11.436 Y-11.406 A847.94276
;WIDTH:0.414675
G1 X-17.915 Y-20.421 A848.12425
;WIDTH:0.448226
G1 X-24.394 Y-29.436 A848.32123
;WIDTH:0.481776
G1 X-30.873 Y-38.452 A848.53371
G1 X-34.322 Y-43.408 A848.64926
;WIDTH:0.43894
G1 X-37.772 Y-48.365 A848.75408
;WIDTH:0.40477
G1 X-40.506 Y-52.183 A848.82892
G1 X-40.196 Y-52.409 A848.83503
G1 X-37.466 Y-48.581 A848.90996
;WIDTH:0.43894
G1 X-33.982 Y-43.65 A849.01475
;WIDTH:0.481776
G1 X-30.498 Y-38.718 A849.13031
G1 X-24.046 Y-29.684 A849.34277
;WIDTH:0.448226
G1 X-17.595 Y-20.649 A849.53974
;WIDTH:0.414675
G1 X-11.143 Y-11.615 A849.72123
;WIDTH:0.381124
G1 X-9.59 Y-9.375 A849.76199
;WIDTH:0.392965
G1 X-9.577 Y-9.315 A849.76294
;WIDTH:0.438176
G1 X-9.563 Y-9.255 A849.76401
;WIDTH:0.483388
G1 X-9.55 Y-9.196 A849.76517
;WIDTH:0.528599
G1 X-9.536 Y-9.136 A849.76647
;WIDTH:0.573811
G1 X-9.522 Y-9.076 A849.76788
;WIDTH:0.619023
G1 X-9.509 Y-9.016 A849.76941
G1 A849.46941 F2400
;WIPE_START
G1 F6240
G1 X-9.495 Y-8.956 A849.4469
G1 X-9.547 Y-8.989 A849.4244
G1 X-9.599 Y-9.022 A849.4019
G1 X-9.65 Y-9.055 A849.3797
G1 X-9.702 Y-9.088 A849.3572
G1 X-9.754 Y-9.122 A849.3345
G1 X-9.806 Y-9.155 A849.312
G1 X-9.857 Y-9.188 A849.2898
G1 X-11.436 Y-11.406 A848.29499
G1 X-11.477 Y-11.463 A848.26941
;WIPE_END
G1 X-13.132 Y10.378 F7800
G1 A849.76941 F2400
;WIDTH:0.664236
G1 F2880
G1 X-13.18 Y10.417 A849.77106
;WIDTH:0.619024
G1 X-13.227 Y10.456 A849.77258
;WIDTH:0.573812
G1 X-13.275 Y10.495 A849.774
;WIDTH:0.5286
G1 X-13.322 Y10.534 A849.77529
;WIDTH:0.483388
G1 X-13.37 Y10.573 A849.77648
;WIDTH:0.438176
G1 X-13.417 Y10.612 A849.77754
;WIDTH:0.392964
G1 X-13.465 Y10.651 A849.7785
;WIDTH:0.381126
G1 X-16.062 Y11.467 A849.81921
;WIDTH:0.414677
G1 X-26.638 Y14.843 A850.0007
;WIDTH:0.448227
G1 X-37.215 Y18.219 A850.19769
;WIDTH:0.481777
G1 X-47.791 Y21.595 A850.41015
G1 X-53.571 Y23.344 A850.52572
;WIDTH:0.43894
G1 X-59.35 Y25.093 A850.63052
;WIDTH:0.404771
G1 X-63.827 Y26.514 A850.70537
G1 X-63.946 Y26.148 A850.7115
G1 X-59.462 Y24.735 A850.78642
;WIDTH:0.43894
G1 X-53.695 Y22.946 A850.89122
;WIDTH:0.481777
G1 X-47.929 Y21.156 A851.00676
G1 X-37.343 Y17.812 A851.21922
;WIDTH:0.448227
G1 X-26.757 Y14.468 A851.41619
;WIDTH:0.414677
G1 X-16.171 Y11.124 A851.59768
;WIDTH:0.381126
G1 X-13.561 Y10.339 A851.63843
;WIDTH:0.392964
G1 X-13.5 Y10.345 A851.63938
;WIDTH:0.438176
G1 X-13.438 Y10.35 A851.64046
;WIDTH:0.483388
G1 X-13.377 Y10.356 A851.64164
;WIDTH:0.5286
G1 X-13.316 Y10.361 A851.64293
;WIDTH:0.573812
G1 X-13.255 Y10.367 A851.64434
;WIDTH:0.619024
G1 X-13.194 Y10.373 A851.64586
G1 A851.34586 F2400
;WIPE_START
G1 F6240
G1 X-13.132 Y10.378 A851.32313
G1 X-13.18 Y10.417 A851.30053
G1 X-13.227 Y10.456 A851.27821
G1 X-13.275 Y10.495 A851.25561
G1 X-13.322 Y10.534 A851.23329
G1 X-13.37 Y10.573 A851.21069
G1 X-13.417 Y10.612 A851.18837
G1 X-13.465 Y10.651 A851.16577
G1 X-16.062 Y11.467 A850.17113
G1 X-16.128 Y11.488 A850.14586
;WIPE_END
G1 X4.131 Y19.812 F7800
G1 A851.64586 F2400
;WIDTH:0.664232
G1 F2880
G1 X4.154 Y19.869 A851.6475
;WIDTH:0.61902
G1 X4.176 Y19.927 A851.64904
;WIDTH:0.573808
G1 X4.198 Y19.984 A851.65044
;WIDTH:0.528597
G1 X4.221 Y20.041 A851.65174
;WIDTH:0.483385
G1 X4.243 Y20.098 A851.65291
;WIDTH:0.438173
G1 X4.265 Y20.156 A851.65398
;WIDTH:0.392961
G1 X4.288 Y20.213 A851.65493
;WIDTH:0.381125
G1 X4.261 Y22.935 A851.69563
;WIDTH:0.414676
G1 X4.204 Y34.037 A851.87713
;WIDTH:0.448227
G1 X4.146 Y45.139 A852.07411
;WIDTH:0.481778
G1 X4.089 Y56.241 A852.28658
G1 X3.966 Y62.278 A852.40214
;WIDTH:0.438941
G1 X3.843 Y68.315 A852.50695
;WIDTH:0.404771
G1 X3.811 Y73.012 A852.5818
G1 X3.427 Y73.011 A852.58792
G1 X3.469 Y68.311 A852.66282
;WIDTH:0.438941
G1 X3.549 Y62.273 A852.76763
;WIDTH:0.481778
G1 X3.629 Y56.236 A852.88318
G1 X3.72 Y45.135 A853.09564
;WIDTH:0.448227
G1 X3.811 Y34.033 A853.29263
;WIDTH:0.414676
G1 X3.902 Y22.932 A853.47412
;WIDTH:0.381125
G1 X3.962 Y20.208 A853.51486
;WIDTH:0.392961
G1 X3.986 Y20.151 A853.51582
;WIDTH:0.438173
G1 X4.01 Y20.095 A853.51688
;WIDTH:0.483385
G1 X4.034 Y20.038 A853.51807
;WIDTH:0.528597
G1 X4.059 Y19.982 A853.51936
;WIDTH:0.573808
G1 X4.083 Y19.925 A853.52078
;WIDTH:0.61902
G1 X4.107 Y19.869 A853.52229
G1 A853.22229 F2400
;WIPE_START
G1 F6240
G1 X4.131 Y19.812 A853.19969
G1 X4.154 Y19.869 A853.17723
G1 X4.176 Y19.927 A853.15456
G1 X4.198 Y19.984 A853.13224
G1 X4.221 Y20.041 A853.10978
G1 X4.243 Y20.098 A853.08746
G1 X4.265 Y20.156 A853.06479
G1 X4.288 Y20.213 A853.04233
G1 X4.261 Y22.935 A852.0477
G1 X4.261 Y23.005 A852.02229
;WIPE_END
G1 X18.438 Y6.309 F7800
G1 A853.52229 F2400
;WIDTH:0.664236
G1 F2880
G1 X18.499 Y6.305 A853.52392
;WIDTH:0.619024
G1 X18.561 Y6.301 A853.52546
;WIDTH:0.573812
G1 X18.622 Y6.298 A853.52686
;WIDTH:0.5286
G1 X18.683 Y6.294 A853.52815
;WIDTH:0.483388
G1 X18.745 Y6.291 A853.52934
;WIDTH:0.438176
G1 X18.806 Y6.287 A853.5304
;WIDTH:0.392964
G1 X18.867 Y6.283 A853.53134
;WIDTH:0.381129
G1 X21.448 Y7.15 A853.57205
;WIDTH:0.41468
G1 X31.989 Y10.635 A853.75355
;WIDTH:0.44823
G1 X42.53 Y14.12 A853.95054
;WIDTH:0.48178
G1 X53.071 Y17.606 A854.16302
G1 X58.774 Y19.588 A854.27857
;WIDTH:0.438943
G1 X64.478 Y21.571 A854.38339
;WIDTH:0.404771
G1 X68.935 Y23.052 A854.45824
G1 X68.816 Y23.417 A854.46436
G1 X64.359 Y21.926 A854.53926
;WIDTH:0.438943
G1 X58.641 Y19.984 A854.64407
;WIDTH:0.48178
G1 X52.924 Y18.042 A854.75962
G1 X42.394 Y14.525 A854.97209
;WIDTH:0.44823
G1 X31.864 Y11.008 A855.16907
;WIDTH:0.41468
G1 X21.335 Y7.491 A855.35055
;WIDTH:0.381129
G1 X18.762 Y6.592 A855.39131
;WIDTH:0.392964
G1 X18.715 Y6.552 A855.39226
;WIDTH:0.438176
G1 X18.669 Y6.511 A855.39333
;WIDTH:0.483388
G1 X18.623 Y6.471 A855.3945
;WIDTH:0.5286
G1 X18.577 Y6.43 A855.3958
;WIDTH:0.573812
G1 X18.531 Y6.39 A855.3972
;WIDTH:0.619024
G1 X18.484 Y6.349 A855.39875
G1 A855.09875 F2400
;WIPE_START
G1 F6240
G1 X18.438 Y6.309 A855.07648
G1 X18.499 Y6.305 A855.05414
G1 X18.561 Y6.301 A855.03144
G1 X18.622 Y6.298 A855.00912
G1 X18.683 Y6.294 A854.98678
G1 X18.745 Y6.291 A854.9641
G1 X18.806 Y6.287 A854.94176
G1 X18.867 Y6.283 A854.91942
G1 X21.448 Y7.15 A853.92458
G1 X21.515 Y7.172 A853.89875
;WIPE_END
G1 X4.328 Y-.961 F7800
G1 A855.39875 F2400
;TYPE:Top solid infill
;WIDTH:0.405684
G1 X5.467 Y.178 A855.42448
G1 X5.923 Y.794 A855.43672
G1 X6.291 Y1.546 A855.45009
G1 X3.686 Y-1.06 A855.50895
G1 X3.436 Y-1.171 A855.51332
G1 X2.889 Y-1.313 A855.52235
G1 X6.521 Y2.319 A855.6044
G1 X6.58 Y2.676 A855.61018
G1 X6.597 Y2.938 A855.61437
G1 X2.282 Y-1.377 A855.71185
G1 X2.067 Y-1.396 A855.7153
G1 X1.743 Y-1.373 A855.72049
G1 X6.586 Y3.471 A855.82991
G1 X6.561 Y3.854 A855.83604
G1 X6.537 Y3.965 A855.83785
G1 X4.78 Y2.207 A855.87755
G1 X4.649 Y1.881 A855.88316
G1 X4.488 Y1.598 A855.88836
G1 X4.077 Y1.087 A855.89884
G1 X3.469 Y.628 A855.91101
G1 X2.997 Y.425 A855.91922
G1 X1.235 Y-1.337 A855.95903
G1 X.801 Y-1.228 A855.96618
G1 X2.294 Y.265 A855.99991
G1 X2.106 Y.241 A856.00294
G1 X1.745 Y.26 A856.00871
G1 X.38 Y-1.106 A856.03956
G1 X.006 Y-.936 A856.04612
G1 X1.271 Y.329 A856.0747
G1 X.875 Y.477 A856.08145
G1 X-.353 Y-.752 A856.1092
G1 X-.677 Y-.532 A856.11546
G1 X.498 Y.643 A856.142
G1 X.183 Y.871 A856.14821
G1 X-.99 Y-.302 A856.17471
G1 X-1.268 Y-.036 A856.18086
G1 X-.117 Y1.114 A856.20685
G1 X-.361 Y1.414 A856.21303
G1 X-1.533 Y.241 A856.23952
G1 X-1.771 Y.548 A856.24573
G1 X-.585 Y1.733 A856.27251
G1 X-.753 Y2.108 A856.27907
G1 X-1.987 Y.874 A856.30695
G1 X-2.033 Y.946 A856.30831
G1 X-2.171 Y1.234 A856.31341
G1 X-.897 Y2.508 A856.34219
G1 X-.968 Y2.981 A856.34983
G1 X-2.33 Y1.618 A856.38061
G1 X-2.458 Y2.034 A856.38756
G1 X-.754 Y3.738 A856.42605
G1 A856.12605
;WIPE_START
G1 F6240
G1 X-2.458 Y2.034 A855.24554
G1 X-2.33 Y1.618 A855.08651
G1 X-2.02 Y1.929 A854.92605
;WIPE_END
G1 X4.743 Y2.714 F7800
G1 A856.42605 F2400
G1 X6.439 Y4.41 A856.46436
G1 X6.403 Y4.577 A856.46709
G1 X6.304 Y4.819 A856.47127
G1 X4.949 Y3.463 A856.50189
G1 X4.88 Y3.938 A856.50956
G1 X6.148 Y5.206 A856.53821
G1 X6.11 Y5.3 A856.53983
G1 X5.953 Y5.554 A856.5446
G1 X4.736 Y4.337 A856.57209
G1 X4.648 Y4.549 A856.57576
G1 X4.558 Y4.702 A856.5786
G1 X5.746 Y5.89 A856.60544
G1 X5.501 Y6.189 A856.61161
G1 X4.333 Y5.021 A856.638
G1 X4.087 Y5.319 A856.64417
G1 X5.247 Y6.478 A856.67036
G1 X4.957 Y6.732 A856.67652
G1 X3.787 Y5.562 A856.70295
G1 X3.477 Y5.795 A856.70914
G1 X4.657 Y6.975 A856.7358
G1 X4.575 Y7.041 A856.73748
G1 X4.322 Y7.183 A856.74211
G1 X3.1 Y5.961 A856.76972
G1 X2.699 Y6.104 A856.77652
G1 X3.974 Y7.379 A856.80532
G1 X3.588 Y7.536 A856.81198
G1 X2.218 Y6.167 A856.84292
G1 X1.991 Y6.194 A856.84657
G1 X1.664 Y6.156 A856.85183
G1 X3.168 Y7.66 A856.88581
G1 X2.713 Y7.748 A856.89321
G1 X.959 Y5.994 A856.93283
G1 X.52 Y5.804 A856.94047
G1 X.364 Y5.702 A856.94345
G1 X-.106 Y5.33 A856.95302
G1 X-.491 Y4.849 A856.96286
G1 X-.657 Y4.568 A856.96807
G1 X-.791 Y4.244 A856.97367
G1 X-2.552 Y2.483 A857.01345
G1 X-2.614 Y2.965 A857.02121
G1 X2.236 Y7.814 A857.13076
G1 X1.692 Y7.814 A857.13945
G1 X-2.599 Y3.522 A857.2364
G1 X-2.588 Y3.797 A857.2408
G1 X-2.511 Y4.154 A857.24663
G1 X1.057 Y7.722 A857.32723
G1 X.836 Y7.684 A857.33081
G1 X.279 Y7.488 A857.34024
G1 X-2.277 Y4.931 A857.39799
G1 X-2.148 Y5.256 A857.40358
G1 X-1.724 Y5.957 A857.41667
G1 X-1.401 Y6.351 A857.42481
G1 X-.421 Y7.331 A857.44695
M106 P219.3
;LAYER_CHANGE
;Z:3.1
;HEIGHT:0.0999999
G1 A857.14695 F2400
;WIPE_START
G1 F6240
G1 X-1.401 Y6.351 A856.64055
G1 X-1.724 Y5.957 A856.4544
G1 X-2.148 Y5.256 A856.15506
G1 X-2.277 Y4.931 A856.0273
G1 X-2.122 Y5.087 A855.94695
;WIPE_END
G1 Z3.1 F7800
G1 X-28.06 Y-34.724
G1 A857.44695 F2400
;TYPE:External perimeter
;WIDTH:0.666836
G1 F900
G1 X-25.745 Y-31.48 A857.55388
;WIDTH:0.62215
G1 X-24.962 Y-30.364 A857.58793
;WIDTH:0.586698
G1 X-23.148 Y-27.818 A857.66139
;WIDTH:0.547788
G1 X-21.334 Y-25.271 A857.72981
;WIDTH:0.508878
G1 X-20.581 Y-24.192 A857.75647
;WIDTH:0.467125
G1 X-19.827 Y-23.112 A857.78088
;WIDTH:0.425372
G1 X-18.769 Y-21.623 A857.81155
;WIDTH:0.397813
G1 X-17.712 Y-20.134 A857.84012
;WIDTH:0.370254
G1 X-15.19 Y-16.495 A857.90432
;WIDTH:0.36146
G1 X-13.675 Y-14.329 A857.94168
G1 A857.64168 F2400
;WIPE_START
G1 F6240
G1 X-15.19 Y-16.495 A856.67588
G1 X-15.555 Y-17.022 A856.44168
;WIPE_END
G1 X-28.06 Y-34.724 F7800
G1 A857.94168 F2400
;WIDTH:0.666836
G1 F2880
G1 X-28.112 Y-34.757 A857.94333
;WIDTH:0.621058
G1 X-28.164 Y-34.79 A857.94487
;WIDTH:0.57528
G1 X-28.216 Y-34.823 A857.94629
;WIDTH:0.529503
G1 X-28.268 Y-34.856 A857.94759
;WIDTH:0.483725
G1 X-28.32 Y-34.889 A857.94877
;WIDTH:0.437947
G1 X-28.372 Y-34.922 A857.94984
;WIDTH:0.392169
G1 X-28.424 Y-34.955 A857.95079
;WIDTH:0.36809
G1 X-30.68 Y-38.1 A858.00657
;WIDTH:0.398354
G1 X-39.822 Y-50.791 A858.25165
;WIDTH:0.405454
G1 X-40.705 Y-52.038 A858.27604
G1 X-40.394 Y-52.263 A858.28217
G1 X-39.516 Y-51.011 A858.30658
;WIDTH:0.398354
G1 X-30.399 Y-38.302 A858.55166
;WIDTH:0.36809
G1 X-28.159 Y-35.144 A858.60746
;WIDTH:0.392169
G1 X-28.145 Y-35.084 A858.60841
;WIDTH:0.437947
G1 X-28.131 Y-35.024 A858.60948
;WIDTH:0.483725
G1 X-28.117 Y-34.964 A858.61066
;WIDTH:0.529503
G1 X-28.102 Y-34.904 A858.61197
;WIDTH:0.57528
G1 X-28.088 Y-34.844 A858.61339
;WIDTH:0.621058
G1 X-28.074 Y-34.784 A858.61493
G1 A858.31493 F2400
;WIPE_START
G1 F6240
G1 X-28.06 Y-34.724 A858.29242
G1 X-28.112 Y-34.757 A858.26992
G1 X-28.164 Y-34.79 A858.24742
G1 X-28.216 Y-34.823 A858.22492
G1 X-28.268 Y-34.856 A858.20242
G1 X-28.32 Y-34.889 A858.17992
G1 X-28.372 Y-34.922 A858.15742
G1 X-28.424 Y-34.955 A858.13492
G1 X-30.051 Y-37.223 A857.11493
;WIPE_END
G1 X-43.392 Y20.076 F7800
G1 A858.61493 F2400
;WIDTH:0.666838
G1 F900
G1 X-39.576 Y18.873 A858.72229
;WIDTH:0.62193
G1 X-38.273 Y18.473 A858.75632
;WIDTH:0.586464
G1 X-35.291 Y17.534 A858.82976
;WIDTH:0.547527
G1 X-32.308 Y16.596 A858.89815
;WIDTH:0.50859
G1 X-31.05 Y16.213 A858.92478
;WIDTH:0.466865
G1 X-29.791 Y15.831 A858.94914
;WIDTH:0.42514
G1 X-28.047 Y15.284 A858.97982
;WIDTH:0.397524
G1 X-26.303 Y14.738 A859.00839
;WIDTH:0.369908
G1 X-22.063 Y13.465 A859.07252
;WIDTH:0.36146
G1 X-19.542 Y12.695 A859.10978
G1 A858.80978 F2400
;WIPE_START
G1 F6240
G1 X-22.063 Y13.465 A857.84664
G1 X-22.684 Y13.651 A857.60978
;WIPE_END
G1 X-43.392 Y20.076 F7800
G1 A859.10978 F2400
;WIDTH:0.666838
G1 F2880
G1 X-43.44 Y20.115 A859.11144
;WIDTH:0.62106
G1 X-43.487 Y20.155 A859.11298
;WIDTH:0.575283
G1 X-43.534 Y20.194 A859.11439
;WIDTH:0.529505
G1 X-43.582 Y20.233 A859.1157
;WIDTH:0.483727
G1 X-43.629 Y20.272 A859.11687
;WIDTH:0.437949
G1 X-43.677 Y20.312 A859.11795
;WIDTH:0.392171
G1 X-43.724 Y20.351 A859.11889
;WIDTH:0.368016
G1 X-47.396 Y21.52 A859.17441
;WIDTH:0.398351
G1 X-62.292 Y26.293 A859.41951
;WIDTH:0.405454
G1 X-63.751 Y26.748 A859.44391
G1 X-63.869 Y26.382 A859.45005
G1 X-62.407 Y25.934 A859.47446
;WIDTH:0.398351
G1 X-47.502 Y21.19 A859.71956
;WIDTH:0.368016
G1 X-43.822 Y20.041 A859.77511
;WIDTH:0.392171
G1 X-43.76 Y20.046 A859.77607
;WIDTH:0.437949
G1 X-43.699 Y20.051 A859.77713
;WIDTH:0.483727
G1 X-43.638 Y20.056 A859.77831
;WIDTH:0.529505
G1 X-43.576 Y20.061 A859.77962
;WIDTH:0.575283
G1 X-43.515 Y20.066 A859.78103
;WIDTH:0.62106
G1 X-43.454 Y20.071 A859.78256
G1 A859.48256 F2400
;WIPE_START
G1 F6240
G1 X-43.392 Y20.076 A859.45983
G1 X-43.44 Y20.115 A859.43723
G1 X-43.487 Y20.155 A859.41468
G1 X-43.534 Y20.194 A859.39236
G1 X-43.582 Y20.233 A859.36976
G1 X-43.629 Y20.272 A859.34744
G1 X-43.677 Y20.312 A859.32461
G1 X-43.724 Y20.351 A859.30229
G1 X-46.384 Y21.198 A858.28256
;WIPE_END
G1 X4.004 Y51.588 F7800
G1 A859.78256 F2400
;WIDTH:0.666834
G1 F900
G1 X4.039 Y47.586 A859.88994
;WIDTH:0.621922
G1 X4.061 Y46.223 A859.92397
;WIDTH:0.58646
G1 X4.09 Y43.097 A859.9974
;WIDTH:0.547523
G1 X4.119 Y39.971 A860.06577
;WIDTH:0.508586
G1 X4.144 Y38.654 A860.09245
;WIDTH:0.466823
G1 X4.169 Y37.337 A860.11684
;WIDTH:0.42506
G1 X4.188 Y35.511 A860.14748
;WIDTH:0.397483
G1 X4.208 Y33.685 A860.17603
;WIDTH:0.369906
G1 X4.307 Y29.259 A860.24016
;WIDTH:0.36146
G1 X4.354 Y26.624 A860.27741
G1 A859.97741 F2400
;WIPE_START
G1 F6240
G1 X4.307 Y29.259 A859.01447
G1 X4.292 Y29.908 A858.77741
;WIPE_END
G1 X4.004 Y51.588 F7800
G1 A860.27741 F2400
;WIDTH:0.666834
G1 F2880
G1 X4.026 Y51.645 A860.27905
;WIDTH:0.621056
G1 X4.049 Y51.703 A860.28061
;WIDTH:0.575279
G1 X4.072 Y51.76 A860.28203
;WIDTH:0.529501
G1 X4.094 Y51.817 A860.28332
;WIDTH:0.483723
G1 X4.117 Y51.874 A860.2845
;WIDTH:0.437946
G1 X4.14 Y51.931 A860.28556
;WIDTH:0.392168
G1 X4.163 Y51.989 A860.28652
;WIDTH:0.368016
G1 X4.14 Y55.842 A860.34204
;WIDTH:0.39835
G1 X4.076 Y71.484 A860.58714
;WIDTH:0.405453
G1 X4.058 Y73.011 A860.61152
G1 X3.674 Y73.011 A860.61765
G1 X3.699 Y71.482 A860.64206
;WIDTH:0.39835
G1 X3.793 Y55.841 A860.88715
;WIDTH:0.368016
G1 X3.838 Y51.986 A860.9427
;WIDTH:0.392168
G1 X3.861 Y51.929 A860.94365
;WIDTH:0.437946
G1 X3.885 Y51.872 A860.94472
;WIDTH:0.483723
G1 X3.909 Y51.815 A860.94591
;WIDTH:0.529501
G1 X3.933 Y51.759 A860.9472
;WIDTH:0.575279
G1 X3.956 Y51.702 A860.94862
;WIDTH:0.621056
G1 X3.98 Y51.645 A860.95016
G1 A860.65016 F2400
;WIPE_START
G1 F6240
G1 X4.004 Y51.588 A860.62756
G1 X4.026 Y51.645 A860.60524
G1 X4.049 Y51.703 A860.58244
G1 X4.072 Y51.76 A860.55998
G1 X4.094 Y51.817 A860.53766
G1 X4.117 Y51.874 A860.5152
G1 X4.14 Y51.931 A860.49274
G1 X4.163 Y51.989 A860.46994
G1 X4.146 Y54.78 A859.45016
;WIPE_END
G1 X48.619 Y16.249 F7800
G1 A860.95016 F2400
;WIDTH:0.666834
G1 F900
G1 X44.824 Y14.979 A861.05754
;WIDTH:0.621924
G1 X43.535 Y14.537 A861.09156
;WIDTH:0.586462
G1 X40.571 Y13.543 A861.165
;WIDTH:0.547524
G1 X37.606 Y12.549 A861.2334
;WIDTH:0.508586
G1 X36.363 Y12.119 A861.26004
;WIDTH:0.466862
G1 X35.12 Y11.689 A861.2844
;WIDTH:0.425138
G1 X33.388 Y11.106 A861.31507
;WIDTH:0.397523
G1 X31.656 Y10.523 A861.34364
;WIDTH:0.369908
G1 X27.479 Y9.061 A861.40775
;WIDTH:0.36146
G1 X24.986 Y8.202 A861.44502
G1 A861.14502 F2400
;WIPE_START
G1 F6240
G1 X27.479 Y9.061 A860.18156
G1 X28.09 Y9.275 A859.94502
;WIPE_END
G1 X48.619 Y16.249 F7800
G1 A861.44502 F2400
;WIDTH:0.666834
G1 F2880
G1 X48.681 Y16.245 A861.44669
;WIDTH:0.621057
G1 X48.742 Y16.241 A861.44821
;WIDTH:0.575279
G1 X48.804 Y16.237 A861.44964
;WIDTH:0.529501
G1 X48.865 Y16.234 A861.45093
;WIDTH:0.483724
G1 X48.927 Y16.23 A861.45212
;WIDTH:0.437946
G1 X48.988 Y16.226 A861.45318
;WIDTH:0.392169
G1 X49.049 Y16.222 A861.45412
;WIDTH:0.368016
G1 X52.708 Y17.434 A861.50966
;WIDTH:0.398352
G1 X67.564 Y22.329 A861.75475
;WIDTH:0.405507
G1 X69.011 Y22.818 A861.77914
G1 X68.892 Y23.183 A861.78527
;WIDTH:0.405456
G1 X67.445 Y22.686 A861.8097
;WIDTH:0.398352
G1 X52.599 Y17.763 A862.05478
;WIDTH:0.368016
G1 X48.946 Y16.53 A862.11033
;WIDTH:0.392169
G1 X48.9 Y16.49 A862.11127
;WIDTH:0.437946
G1 X48.853 Y16.45 A862.11234
;WIDTH:0.483724
G1 X48.806 Y16.41 A862.11353
;WIDTH:0.529501
G1 X48.76 Y16.37 A862.11482
;WIDTH:0.575279
G1 X48.713 Y16.329 A862.11626
;WIDTH:0.621057
G1 X48.666 Y16.289 A862.1178
G1 A861.8178 F2400
;WIPE_START
G1 F6240
G1 X48.619 Y16.249 A861.79525
G1 X48.681 Y16.245 A861.77255
G1 X48.742 Y16.241 A861.75021
G1 X48.804 Y16.237 A861.72751
G1 X48.865 Y16.234 A861.70519
G1 X48.927 Y16.23 A861.68249
G1 X48.988 Y16.226 A861.66015
G1 X49.049 Y16.222 A861.63781
G1 X51.699 Y17.1 A860.6178
;WIPE_END
G1 X28.784 Y-37.086 F7800
G1 A862.1178 F2400
;WIDTH:0.666836
G1 F900
G1 X26.416 Y-33.886 A862.22461
;WIDTH:0.622216
G1 X25.598 Y-32.797 A862.25863
;WIDTH:0.58677
G1 X23.737 Y-30.285 A862.33211
;WIDTH:0.547869
G1 X21.875 Y-27.773 A862.40054
;WIDTH:0.508968
G1 X21.082 Y-26.723 A862.42721
;WIDTH:0.467256
G1 X20.289 Y-25.674 A862.45158
;WIDTH:0.425544
G1 X19.199 Y-24.207 A862.48228
;WIDTH:0.39795
G1 X18.109 Y-22.74 A862.51089
;WIDTH:0.370356
G1 X15.428 Y-19.219 A862.57508
;WIDTH:0.36146
G1 X13.834 Y-17.104 A862.61252
G1 A862.31252 F2400
;WIPE_START
G1 F6240
G1 X15.428 Y-19.219 A861.34483
G1 X15.813 Y-19.725 A861.11252
;WIPE_END
G1 X28.784 Y-37.086 F7800
G1 A862.61252 F2400
;WIDTH:0.666836
G1 F2880
G1 X28.8 Y-37.146 A862.61419
;WIDTH:0.621058
G1 X28.815 Y-37.205 A862.61571
;WIDTH:0.57528
G1 X28.83 Y-37.265 A862.61713
;WIDTH:0.529502
G1 X28.845 Y-37.325 A862.61844
;WIDTH:0.483724
G1 X28.861 Y-37.384 A862.61961
;WIDTH:0.437946
G1 X28.876 Y-37.444 A862.62068
;WIDTH:0.392168
G1 X28.891 Y-37.503 A862.62162
;WIDTH:0.368111
G1 X31.188 Y-40.625 A862.67748
;WIDTH:0.398355
G1 X40.435 Y-53.243 A862.92261
;WIDTH:0.405443
G1 X41.349 Y-54.465 A862.94697
;WIDTH:0.403966
G1 X41.657 Y-54.241 A862.95303
;WIDTH:0.405443
G1 X40.737 Y-53.018 A862.97746
;WIDTH:0.398355
G1 X31.467 Y-40.42 A863.22255
;WIDTH:0.368111
G1 X29.152 Y-37.31 A863.27843
;WIDTH:0.392168
G1 X29.1 Y-37.278 A863.27937
;WIDTH:0.437946
G1 X29.047 Y-37.246 A863.28044
;WIDTH:0.483724
G1 X28.995 Y-37.214 A863.28161
;WIDTH:0.529502
G1 X28.942 Y-37.182 A863.28292
;WIDTH:0.57528
G1 X28.889 Y-37.15 A863.28435
;WIDTH:0.621058
G1 X28.837 Y-37.118 A863.28587
M106 P232.05
;LAYER_CHANGE
;Z:3.2
;HEIGHT:0.1
G1 A862.98587 F2400
;WIPE_START
G1 F6240
G1 X28.784 Y-37.086 A862.96325
G1 X28.8 Y-37.146 A862.94056
G1 X28.815 Y-37.205 A862.91832
G1 X28.83 Y-37.265 A862.89572
G1 X28.845 Y-37.325 A862.87312
G1 X28.861 Y-37.384 A862.85078
G1 X28.876 Y-37.444 A862.82818
G1 X28.891 Y-37.503 A862.80594
G1 X30.545 Y-39.752 A861.78587
;WIPE_END
G1 Z3.2 F7800
G1 X-40.605 Y-52.039
G1 A863.28587 F2400
;WIDTH:0.520302
G1 F900
G1 X-39.25 Y-50.13 A863.33442
;WIDTH:0.483354
G1 X-33.569 Y-42.227 A863.52133
;WIDTH:0.445852
G1 X-31.587 Y-39.417 A863.582
;WIDTH:0.403656
G1 X-29.605 Y-36.607 A863.63664
;WIDTH:0.36146
G1 X-27.718 Y-33.962 A863.68257
G1 X-24.63 Y-29.564 A863.75853
G1 A863.45853 F2400
;WIPE_START
G1 F6240
G1 X-26.517 Y-32.252 A862.25853
;WIPE_END
G1 X-37.416 Y18.406 F7800
G1 A863.75853 F2400
G1 F900
G1 X-42.546 Y19.981 A863.83439
G1 X-45.645 Y20.96 A863.88033
;WIDTH:0.403617
G1 X-48.93 Y21.976 A863.93496
;WIDTH:0.445774
G1 X-52.215 Y22.993 A863.99562
;WIDTH:0.483342
G1 X-61.486 Y25.953 A864.1825
;WIDTH:0.5203
G1 X-63.721 Y26.652 A864.23107
G1 A863.93107 F2400
;WIPE_START
G1 F6240
G1 X-61.486 Y25.953 A863.07543
G1 X-60.588 Y25.666 A862.73107
;WIPE_END
G1 X4.262 Y45.388 F7800
G1 A864.23107 F2400
;WIDTH:0.36146
G1 F900
G1 X4.175 Y50.754 A864.30693
G1 X4.148 Y54.003 A864.35286
;WIDTH:0.403617
G1 X4.099 Y57.441 A864.40749
;WIDTH:0.445774
G1 X4.051 Y60.88 A864.46816
;WIDTH:0.483344
G1 X4.002 Y70.612 A864.65505
;WIDTH:0.520304
G1 X3.976 Y72.953 A864.7036
G1 A864.4036 F2400
;WIPE_START
G1 F6240
G1 X4.002 Y70.612 A863.54818
G1 X4.007 Y69.669 A863.2036
;WIPE_END
G1 X42.802 Y14.088 F7800
G1 A864.7036 F2400
;WIDTH:0.36146
G1 F900
G1 X47.879 Y15.828 A864.77946
G1 X50.961 Y16.858 A864.82539
;WIDTH:0.403616
G1 X54.216 Y17.967 A864.88003
;WIDTH:0.445772
G1 X57.471 Y19.075 A864.94069
;WIDTH:0.483344
G1 X66.712 Y22.13 A865.12759
;WIDTH:0.520302
G1 X68.93 Y22.878 A865.17614
G1 A864.87614 F2400
;WIPE_START
G1 F6240
G1 X66.712 Y22.13 A864.02087
G1 X65.816 Y21.834 A863.67614
;WIPE_END
G1 X41.378 Y-54.372 F7800
G1 A865.17614 F2400
;WIDTH:0.520304
G1 F900
G1 X39.981 Y-52.493 A865.2247
;WIDTH:0.483358
G1 X34.221 Y-44.648 A865.4116
;WIDTH:0.445852
G1 X32.16 Y-41.895 A865.47228
;WIDTH:0.403656
G1 X30.1 Y-39.142 A865.52692
;WIDTH:0.36146
G1 X28.168 Y-36.529 A865.57286
G1 X24.939 Y-32.233 A865.64883
M106 P249.9
;LAYER_CHANGE
;Z:3.3
;HEIGHT:0.0999999
G1 A865.34883 F2400
;WIPE_START
G1 F6240
G1 X26.912 Y-34.858 A864.14883
;WIPE_END
G1 Z3.3 F7800
G1 X41.376 Y-54.544
G1 A865.64883 F2400
G1 F900
G1 X35.632 Y-46.793 A865.7852
G1 A865.4852 F2400
;WIPE_START
G1 F6240
G1 X37.587 Y-49.432 A864.2852
;WIPE_END
G1 X59.986 Y19.769 F7800
G1 A865.7852 F2400
G1 F900
G1 X69.093 Y22.823 A865.92098
G1 A865.62098 F2400
;WIPE_START
G1 F6240
G1 X65.979 Y21.779 A864.42098
;WIPE_END
G1 X4.168 Y63.502 F7800
G1 A865.92098 F2400
G1 F900
G1 X4.078 Y73.091 A866.05653
G1 A865.75653 F2400
;WIPE_START
G1 F6240
G1 X4.109 Y69.807 A864.55653
;WIPE_END
G1 X-54.672 Y23.914 F7800
G1 A866.05653 F2400
G1 F900
G1 X-63.82 Y26.792 A866.19209
G1 A865.89209 F2400
;WIPE_START
G1 F6240
G1 X-60.687 Y25.806 A864.69209
;WIPE_END
G1 X-40.769 Y-52.091 F7800
G1 A866.19209 F2400
G1 F900
G1 X-35.173 Y-44.233 A866.32845
G1 A866.02845 F2400
;WIPE_START
G1 F6240;_WIPE
G1 X-37.078 Y-46.908 A864.82845
;WIPE_END
M107
;TYPE:Custom
; Filament-specific end gcode 
;END gcode for filament
; objects_info = {"objects":[]}
; filament used [mm] = 866.33
; filament used [cm3] = 2.08
; total filament used [g] = 0.00
; total filament cost = 0.00
; total filament used for wipe tower [g] = 0.00
; estimated printing time (normal mode) = 22m 11s
; estimated first layer printing time (normal mode) = 4m 19s

; prusaslicer_config = begin
; arc_fitting = disabled
; autoemit_temperature_commands = 1
; automatic_extrusion_widths = 0
; automatic_infill_combination = 0
; automatic_infill_combination_max_layer_height = 100%
; avoid_crossing_curled_overhangs = 0
; avoid_crossing_perimeters = 0
; avoid_crossing_perimeters_max_detour = 0
; bed_custom_model = 
; bed_custom_texture = 
; bed_shape = -147.5x-97.5,147.5x-97.5,147.5x97.5,-147.5x97.5
; bed_temperature = 0
; bed_temperature_extruder = 0
; before_layer_gcode = 
; between_objects_gcode = 
; binary_gcode = 0
; bottom_fill_pattern = monotonic
; bottom_solid_layers = 4
; bottom_solid_min_thickness = 0
; bridge_acceleration = 0
; bridge_angle = 0
; bridge_fan_speed = 100
; bridge_flow_ratio = 1
; bridge_speed = 60
; brim_separation = 0
; brim_type = outer_only
; brim_width = 4
; chamber_minimal_temperature = 0
; chamber_temperature = 0
; color_change_gcode = M600
; colorprint_heights = 
; complete_objects = 0
; cooling = 1
; cooling_perimeter_transition_distance = 0
; cooling_slowdown_logic = uniform_cooling
; cooling_tube_length = 5
; cooling_tube_retraction = 91.5
; custom_parameters_filament = ""
; custom_parameters_print = 
; custom_parameters_printer = 
; default_acceleration = 0
; default_filament_profile = 
; default_print_profile = 
; deretract_speed = 0
; disable_fan_first_layers = 3
; dont_support_bridges = 1
; draft_shield = disabled
; duplicate_distance = 6
; elefant_foot_compensation = 0.2
; enable_dynamic_fan_speeds = 0
; enable_dynamic_overhang_speeds = 0
; end_filament_gcode = "; Filament-specific end gcode \n;END gcode for filament\n"
; end_gcode = \n
; ensure_vertical_shell_thickness = enabled
; external_perimeter_acceleration = 0
; external_perimeter_extrusion_width = 0.45
; external_perimeter_speed = 80%
; external_perimeters_first = 0
; extra_loading_move = -2
; extra_perimeters = 1
; extra_perimeters_on_overhangs = 0
; extruder_clearance_height = 20
; extruder_clearance_radius = 20
; extruder_colour = ""
; extruder_offset = 0x0
; extrusion_axis = E
; extrusion_multiplier = 1
; extrusion_width = 0.45
; fan_always_on = 0
; fan_below_layer_time = 60
; filament_abrasive = 0
; filament_colour = #29B2B2
; filament_cooling_final_speed = 3.4
; filament_cooling_initial_speed = 2.2
; filament_cooling_moves = 4
; filament_cost = 0
; filament_density = 0
; filament_deretract_speed = nil
; filament_diameter = 1.75
; filament_flush_speed = 0
; filament_flush_volume = 0
; filament_infill_max_crossing_speed = 0
; filament_infill_max_speed = 0
; filament_load_time = 0
; filament_loading_speed = 28
; filament_loading_speed_start = 3
; filament_max_volumetric_speed = 0
; filament_minimal_purge_on_wipe_tower = 15
; filament_multitool_ramming = 0
; filament_multitool_ramming_flow = 10
; filament_multitool_ramming_volume = 10
; filament_notes = ""
; filament_purge_multiplier = 100%
; filament_ramming_parameters = "120 100 6.6 6.8 7.2 7.6 7.9 8.2 8.7 9.4 9.9 10.0| 0.05 6.6 0.45 6.8 0.95 7.8 1.45 8.3 1.95 9.7 2.45 10 2.95 7.6 3.45 7.6 3.95 7.6 4.45 7.6 4.95 7.6"
; filament_retract_before_travel = nil
; filament_retract_before_wipe = nil
; filament_retract_layer_change = nil
; filament_retract_length = nil
; filament_retract_length_toolchange = nil
; filament_retract_lift = nil
; filament_retract_lift_above = nil
; filament_retract_lift_below = nil
; filament_retract_restart_extra = nil
; filament_retract_restart_extra_toolchange = nil
; filament_retract_speed = nil
; filament_seam_gap_distance = nil
; filament_settings_id = "Makerbot replicator+"
; filament_shrinkage_compensation_xy = 0%
; filament_shrinkage_compensation_z = 0%
; filament_soluble = 0
; filament_spool_weight = 0
; filament_stamping_distance = 0
; filament_stamping_loading_speed = 20
; filament_toolchange_delay = 0
; filament_travel_lift_before_obstacle = nil
; filament_travel_max_lift = nil
; filament_travel_ramping_lift = nil
; filament_travel_slope = nil
; filament_type = PLA
; filament_unload_time = 0
; filament_unloading_speed = 90
; filament_unloading_speed_start = 100
; filament_vendor = (Unknown)
; filament_wipe = nil
; fill_angle = 45
; fill_density = 5%
; fill_pattern = zigzag
; first_layer_acceleration = 0
; first_layer_acceleration_over_raft = 0
; first_layer_bed_temperature = 0
; first_layer_extrusion_width = 0.45
; first_layer_height = 0.2
; first_layer_infill_speed = 0
; first_layer_speed = 30
; first_layer_speed_over_raft = 30
; first_layer_temperature = 200
; full_fan_speed_layer = 0
; fuzzy_skin = none
; fuzzy_skin_point_dist = 0.8
; fuzzy_skin_thickness = 0.3
; gap_fill_enabled = 1
; gap_fill_speed = 20
; gcode_comments = 0
; gcode_flavor = mach3
; gcode_label_objects = disabled
; gcode_resolution = 0.0125
; gcode_substitutions = 
; high_current_on_filament_swap = 0
; host_type = prusalink
; idle_temperature = nil
; infill_acceleration = 0
; infill_anchor = 600%
; infill_anchor_max = 50
; infill_every_layers = 1
; infill_extruder = 1
; infill_extrusion_width = 0.45
; infill_first = 0
; infill_overlap = 25%
; infill_speed = 80
; interface_shells = 0
; interlocking_beam = 0
; interlocking_beam_layer_count = 2
; interlocking_beam_width = 0.8
; interlocking_boundary_avoidance = 2
; interlocking_depth = 2
; interlocking_orientation = 22.5
; ironing = 0
; ironing_flowrate = 15%
; ironing_spacing = 0.1
; ironing_speed = 15
; ironing_type = top
; layer_gcode = 
; layer_height = 0.1
; machine_limits_usage = time_estimate_only
; machine_max_acceleration_e = 10000,5000
; machine_max_acceleration_extruding = 1000,1250
; machine_max_acceleration_retracting = 1000,1250
; machine_max_acceleration_travel = 1000,1250
; machine_max_acceleration_x = 1000,1000
; machine_max_acceleration_y = 1000,1000
; machine_max_acceleration_z = 500,200
; machine_max_feedrate_e = 120,120
; machine_max_feedrate_x = 500,200
; machine_max_feedrate_y = 500,200
; machine_max_feedrate_z = 12,12
; machine_max_jerk_e = 2.5,2.5
; machine_max_jerk_x = 10,10
; machine_max_jerk_y = 10,10
; machine_max_jerk_z = 0.2,0.4
; machine_max_junction_deviation = 0,0
; machine_min_extruding_rate = 0,0
; machine_min_travel_rate = 0,0
; max_fan_speed = 100
; max_layer_height = 0
; max_print_height = 160
; max_print_speed = 80
; max_volumetric_extrusion_rate_slope_negative = 0
; max_volumetric_extrusion_rate_slope_positive = 0
; max_volumetric_speed = 0
; min_bead_width = 85%
; min_fan_speed = 35
; min_feature_size = 25%
; min_layer_height = 0.1
; min_print_speed = 10
; min_skirt_length = 0
; mmu_segmented_region_interlocking_depth = 0
; mmu_segmented_region_max_width = 0
; multimaterial_purging = 140
; notes = 
; nozzle_diameter = 0.4
; nozzle_high_flow = 0
; only_one_perimeter_first_layer = 0
; only_retract_when_crossing_perimeters = 0
; ooze_prevention = 0
; output_filename_format = [input_filename_base].gcode
; over_bridge_speed = 0
; overhang_fan_speed_0 = 0
; overhang_fan_speed_1 = 0
; overhang_fan_speed_2 = 0
; overhang_fan_speed_3 = 0
; overhang_speed_0 = 15
; overhang_speed_1 = 15
; overhang_speed_2 = 20
; overhang_speed_3 = 25
; overhangs = 1
; parking_pos_retraction = 92
; pause_print_gcode = M601
; perimeter_acceleration = 0
; perimeter_extruder = 1
; perimeter_extrusion_width = 0.45
; perimeter_generator = arachne
; perimeter_speed = 60
; perimeters = 3
; physical_printer_settings_id = 
; post_process = "/Users/abrown/Documents/makerbotGcodeBridge/.venv/bin/python3 /Users/abrown/Documents/makerbotGcodeBridge/converter.py"
; prefer_clockwise_movements = 0
; print_settings_id = Makerbot replicator+
; printer_model = 
; printer_notes = 
; printer_settings_id = Makerbot replicator+
; printer_technology = FFF
; printer_variant = 
; printer_vendor = 
; raft_contact_distance = 0.1
; raft_expansion = 1.5
; raft_first_layer_density = 90%
; raft_first_layer_expansion = 3
; raft_layers = 0
; remaining_times = 0
; resolution = 0
; retract_before_travel = 2
; retract_before_wipe = 20%
; retract_layer_change = 0
; retract_length = 1.5
; retract_length_toolchange = 10
; retract_lift = 0
; retract_lift_above = 0
; retract_lift_below = 0
; retract_restart_extra = 0
; retract_restart_extra_toolchange = 0
; retract_speed = 40
; scarf_seam_entire_loop = 0
; scarf_seam_length = 20
; scarf_seam_max_segment_length = 1
; scarf_seam_on_inner_perimeters = 0
; scarf_seam_only_on_smooth = 1
; scarf_seam_placement = nowhere
; scarf_seam_start_height = 0%
; seam_gap_distance = 15%
; seam_position = aligned
; silent_mode = 0
; single_extruder_multi_material = 0
; single_extruder_multi_material_priming = 1
; skirt_distance = 6
; skirt_height = 1
; skirts = 0
; slice_closing_radius = 0.049
; slicing_mode = regular
; slowdown_below_layer_time = 5
; small_perimeter_speed = 15
; solid_infill_acceleration = 0
; solid_infill_below_area = 70
; solid_infill_every_layers = 0
; solid_infill_extruder = 1
; solid_infill_extrusion_width = 0.45
; solid_infill_speed = 60
; spiral_vase = 0
; staggered_inner_seams = 0
; standby_temperature_delta = -5
; start_filament_gcode = "; Filament gcode\n"
; start_gcode = 
; support_material = 1
; support_material_angle = 0
; support_material_auto = 1
; support_material_bottom_contact_distance = 0
; support_material_bottom_interface_layers = -1
; support_material_buildplate_only = 0
; support_material_closing_radius = 2
; support_material_contact_distance = 0.3
; support_material_enforce_layers = 0
; support_material_extruder = 1
; support_material_extrusion_width = 0.35
; support_material_interface_contact_loops = 0
; support_material_interface_extruder = 1
; support_material_interface_layers = 2
; support_material_interface_pattern = rectilinear
; support_material_interface_spacing = 0
; support_material_interface_speed = 100%
; support_material_pattern = rectilinear
; support_material_spacing = 2.5
; support_material_speed = 60
; support_material_style = snug
; support_material_synchronize_layers = 0
; support_material_threshold = 0
; support_material_with_sheath = 1
; support_material_xy_spacing = 100%
; support_tree_angle = 40
; support_tree_angle_slow = 25
; support_tree_branch_diameter = 2
; support_tree_branch_diameter_angle = 5
; support_tree_branch_diameter_double_wall = 3
; support_tree_branch_distance = 1
; support_tree_tip_diameter = 0.8
; support_tree_top_rate = 15%
; temperature = 200
; template_custom_gcode = 
; thick_bridges = 1
; thin_walls = 1
; thumbnails = 
; thumbnails_format = PNG
; toolchange_gcode = 
; toolchange_ordering = optimized
; top_fill_pattern = monotonic
; top_infill_extrusion_width = 0.4
; top_one_perimeter_type = none
; top_solid_infill_acceleration = 0
; top_solid_infill_speed = 40
; top_solid_layers = 4
; top_solid_min_thickness = 0
; travel_acceleration = 0
; travel_lift_before_obstacle = 0
; travel_max_lift = 0
; travel_ramping_lift = 0
; travel_short_distance_acceleration = 0
; travel_slope = 0
; travel_speed = 130
; travel_speed_z = 0
; use_firmware_retraction = 0
; use_relative_e_distances = 0
; use_volumetric_e = 0
; variable_layer_height = 1
; wall_distribution_count = 1
; wall_transition_angle = 10
; wall_transition_filter_deviation = 25%
; wall_transition_length = 100%
; wipe = 1
; wipe_into_infill = 0
; wipe_into_objects = 0
; wipe_tower = 0
; wipe_tower_acceleration = 0
; wipe_tower_bridging = 10
; wipe_tower_brim_width = 2
; wipe_tower_cone_angle = 0
; wipe_tower_extra_flow = 100%
; wipe_tower_extra_spacing = 100%
; wipe_tower_extruder = 0
; wipe_tower_no_sparse_layers = 0
; wipe_tower_width = 60
; wiping_volumes_matrix = 0
; wiping_volumes_use_custom_matrix = 0
; xy_size_compensation = 0
; z_offset = -0
; prusaslicer_config = end
